ISO-10303-21;
HEADER;
FILE_DESCRIPTION (( 'STEP AP214' ),
    '1' );
FILE_NAME ('USB3740B-AI9-TR.STEP',
    '2023-12-15T06:47:34',
    ( 'LENOVO' ),
    ( '' ),
    'SwSTEP 2.0',
    'SolidWorks 2021',
    '' );
FILE_SCHEMA (( 'AUTOMOTIVE_DESIGN' ));
ENDSEC;

DATA;
#1 = ADVANCED_FACE ( 'NONE', ( #1189 ), #2819, .F. ) ;
#2 = VECTOR ( 'NONE', #1204, 1000.000000000000000 ) ;
#3 = VERTEX_POINT ( 'NONE', #1360 ) ;
#4 = VERTEX_POINT ( 'NONE', #3450 ) ;
#5 = EDGE_CURVE ( 'NONE', #2567, #628, #1201, .T. ) ;
#6 = EDGE_CURVE ( 'NONE', #2127, #1747, #2392, .T. ) ;
#7 = CARTESIAN_POINT ( 'NONE',  ( 0.6250000000000018874, 0.05000000000000012768, 1.050000000000000266 ) ) ;
#8 = DIRECTION ( 'NONE',  ( -1.000000000000000000, 0.000000000000000000, 5.913830031739118501E-16 ) ) ;
#9 = DIRECTION ( 'NONE',  ( 0.000000000000000000, -1.000000000000000000, 0.000000000000000000 ) ) ;
#10 = FACE_OUTER_BOUND ( 'NONE', #3681, .T. ) ;
#11 = EDGE_LOOP ( 'NONE', ( #2147, #1858, #2184, #2794 ) ) ;
#12 = EDGE_LOOP ( 'NONE', ( #1668, #2347, #1104, #2967 ) ) ;
#13 = PLANE ( 'NONE',  #2548 ) ;
#14 = EDGE_CURVE ( 'NONE', #925, #1355, #2399, .T. ) ;
#15 = CARTESIAN_POINT ( 'NONE',  ( -0.3749999999999983902, 0.1270000000000000018, -1.050000000000000266 ) ) ;
#16 = FACE_OUTER_BOUND ( 'NONE', #401, .T. ) ;
#17 = CARTESIAN_POINT ( 'NONE',  ( 0.1500000000000003830, 0.1270000000000000018, 0.2500000000000001110 ) ) ;
#18 = VERTEX_POINT ( 'NONE', #2929 ) ;
#19 = ORIENTED_EDGE ( 'NONE', *, *, #1058, .F. ) ;
#20 = CARTESIAN_POINT ( 'NONE',  ( -0.4999999999999986122, 0.1270000000000000018, -0.7750000000000004663 ) ) ;
#21 = CIRCLE ( 'NONE', #1242, 0.1250000000000001110 ) ;
#22 = ORIENTED_EDGE ( 'NONE', *, *, #929, .T. ) ;
#23 = EDGE_CURVE ( 'NONE', #2136, #740, #2574, .T. ) ;
#24 = ORIENTED_EDGE ( 'NONE', *, *, #199, .F. ) ;
#25 = CARTESIAN_POINT ( 'NONE',  ( 0.2750000000000004108, 0.1270000000000000018, -0.2499999999999996392 ) ) ;
#26 = SURFACE_STYLE_USAGE ( .BOTH. , #2905 ) ;
#27 = DIRECTION ( 'NONE',  ( 0.000000000000000000, -0.000000000000000000, -1.000000000000000000 ) ) ;
#28 = VECTOR ( 'NONE', #3362, 1000.000000000000000 ) ;
#29 = CIRCLE ( 'NONE', #916, 0.1250000000000000000 ) ;
#30 = DIRECTION ( 'NONE',  ( -0.000000000000000000, 1.000000000000000000, -0.000000000000000000 ) ) ;
#31 = ORIENTED_EDGE ( 'NONE', *, *, #2465, .F. ) ;
#32 = ORIENTED_EDGE ( 'NONE', *, *, #399, .F. ) ;
#33 = DIRECTION ( 'NONE',  ( 0.000000000000000000, 1.000000000000000000, 0.000000000000000000 ) ) ;
#34 = PLANE ( 'NONE',  #712 ) ;
#35 =( GEOMETRIC_REPRESENTATION_CONTEXT ( 3 ) GLOBAL_UNCERTAINTY_ASSIGNED_CONTEXT ( ( #3085 ) ) GLOBAL_UNIT_ASSIGNED_CONTEXT ( ( #650, #3676, #2130 ) ) REPRESENTATION_CONTEXT ( 'NONE', 'WORKASPACE' ) );
#36 = LINE ( 'NONE', #1731, #2641 ) ;
#37 = STYLED_ITEM ( 'NONE', ( #3612 ), #3115 ) ;
#38 = LINE ( 'NONE', #1533, #2651 ) ;
#39 = VERTEX_POINT ( 'NONE', #3206 ) ;
#40 = ORIENTED_EDGE ( 'NONE', *, *, #2248, .T. ) ;
#41 = UNCERTAINTY_MEASURE_WITH_UNIT (LENGTH_MEASURE( 1.000000000000000082E-05 ), #2927, 'distance_accuracy_value', 'NONE');
#42 = EDGE_CURVE ( 'NONE', #1697, #1127, #29, .T. ) ;
#43 = FACE_OUTER_BOUND ( 'NONE', #601, .T. ) ;
#44 = DIRECTION ( 'NONE',  ( 0.000000000000000000, -1.000000000000000000, 0.000000000000000000 ) ) ;
#45 = VECTOR ( 'NONE', #1712, 1000.000000000000000 ) ;
#46 =( NAMED_UNIT ( * ) SI_UNIT ( $, .STERADIAN. ) SOLID_ANGLE_UNIT ( ) );
#47 = ORIENTED_EDGE ( 'NONE', *, *, #1892, .F. ) ;
#48 = AXIS2_PLACEMENT_3D ( 'NONE', #524, #790, #3678 ) ;
#49 = ORIENTED_EDGE ( 'NONE', *, *, #451, .F. ) ;
#50 = VECTOR ( 'NONE', #3718, 1000.000000000000000 ) ;
#51 = CARTESIAN_POINT ( 'NONE',  ( -0.3749999999999982236, 0.1270000000000000018, -0.7750000000000004663 ) ) ;
#52 = LINE ( 'NONE', #3726, #1259 ) ;
#53 = EDGE_CURVE ( 'NONE', #971, #2511, #2643, .T. ) ;
#54 = PRODUCT_DEFINITION_SHAPE ( 'NONE', 'NONE',  #2004 ) ;
#55 = ORIENTED_EDGE ( 'NONE', *, *, #486, .F. ) ;
#56 = ORIENTED_EDGE ( 'NONE', *, *, #2970, .T. ) ;
#57 = DIRECTION ( 'NONE',  ( -1.000000000000000000, 0.000000000000000000, -5.421010862427523156E-16 ) ) ;
#58 = DIRECTION ( 'NONE',  ( 0.000000000000000000, -0.000000000000000000, -1.000000000000000000 ) ) ;
#59 = VECTOR ( 'NONE', #1889, 1000.000000000000000 ) ;
#60 = CYLINDRICAL_SURFACE ( 'NONE', #3603, 0.1250000000000000000 ) ;
#61 = DIRECTION ( 'NONE',  ( 5.421010862427523156E-16, 0.000000000000000000, -1.000000000000000000 ) ) ;
#62 = VERTEX_POINT ( 'NONE', #1659 ) ;
#63 = EDGE_CURVE ( 'NONE', #1005, #592, #1252, .T. ) ;
#64 = EDGE_LOOP ( 'NONE', ( #2645, #2337, #2677, #2013 ) ) ;
#65 = DIRECTION ( 'NONE',  ( 0.000000000000000000, -1.000000000000000000, 0.000000000000000000 ) ) ;
#66 = FACE_OUTER_BOUND ( 'NONE', #357, .T. ) ;
#67 = VECTOR ( 'NONE', #2134, 1000.000000000000000 ) ;
#68 = EDGE_LOOP ( 'NONE', ( #2524, #3808, #3635, #2937 ) ) ;
#69 = ORIENTED_EDGE ( 'NONE', *, *, #1843, .F. ) ;
#70 = CARTESIAN_POINT ( 'NONE',  ( 0.7999999999999997113, 0.1269999999999999463, 0.1250000000000001110 ) ) ;
#71 = DIRECTION ( 'NONE',  ( 0.000000000000000000, -1.000000000000000000, 0.000000000000000000 ) ) ;
#72 = LINE ( 'NONE', #2844, #1352 ) ;
#73 = DIRECTION ( 'NONE',  ( 0.000000000000000000, 0.000000000000000000, -1.000000000000000000 ) ) ;
#74 = ORIENTED_EDGE ( 'NONE', *, *, #3279, .F. ) ;
#75 = DIRECTION ( 'NONE',  ( -0.000000000000000000, -1.000000000000000000, 0.000000000000000000 ) ) ;
#76 = ORIENTED_EDGE ( 'NONE', *, *, #1469, .F. ) ;
#77 = VECTOR ( 'NONE', #1593, 1000.000000000000000 ) ;
#78 = APPLICATION_PROTOCOL_DEFINITION ( 'draft international standard', 'automotive_design', 1998, #345 ) ;
#79 = CIRCLE ( 'NONE', #3302, 0.1250000000000001110 ) ;
#80 = CLOSED_SHELL ( 'NONE', ( #1972, #641, #3733, #844 ) ) ;
#81 = EDGE_LOOP ( 'NONE', ( #3102, #492, #3463, #2207 ) ) ;
#82 = CARTESIAN_POINT ( 'NONE',  ( 0.7999999999999997113, 0.05000000000000000278, 1.050000000000000044 ) ) ;
#83 = DIRECTION ( 'NONE',  ( -0.000000000000000000, -1.000000000000000000, -0.000000000000000000 ) ) ;
#84 = AXIS2_PLACEMENT_3D ( 'NONE', #442, #1687, #619 ) ;
#85 = DIRECTION ( 'NONE',  ( 1.000000000000000000, -0.000000000000000000, -0.000000000000000000 ) ) ;
#86 = CIRCLE ( 'NONE', #184, 0.1250000000000001110 ) ;
#87 = DIRECTION ( 'NONE',  ( 0.000000000000000000, 0.000000000000000000, 1.000000000000000000 ) ) ;
#88 = ORIENTED_EDGE ( 'NONE', *, *, #1343, .T. ) ;
#89 = ORIENTED_EDGE ( 'NONE', *, *, #1640, .T. ) ;
#90 = AXIS2_PLACEMENT_3D ( 'NONE', #2770, #3042, #3297 ) ;
#91 = AXIS2_PLACEMENT_3D ( 'NONE', #1967, #177, #467 ) ;
#92 = PLANE ( 'NONE',  #3138 ) ;
#93 = DIRECTION ( 'NONE',  ( -1.000000000000000000, 0.000000000000000000, -0.000000000000000000 ) ) ;
#94 = LINE ( 'NONE', #125, #2681 ) ;
#95 = LINE ( 'NONE', #2500, #1492 ) ;
#96 = ADVANCED_FACE ( 'NONE', ( #2582 ), #60, .F. ) ;
#97 = ORIENTED_EDGE ( 'NONE', *, *, #2742, .F. ) ;
#98 = ORIENTED_EDGE ( 'NONE', *, *, #1407, .F. ) ;
#99 = DIRECTION ( 'NONE',  ( 1.971276677246372998E-16, -0.000000000000000000, 1.000000000000000000 ) ) ;
#100 = EDGE_CURVE ( 'NONE', #606, #2439, #79, .T. ) ;
#101 = LINE ( 'NONE', #3128, #2699 ) ;
#102 = DIRECTION ( 'NONE',  ( -0.000000000000000000, -1.000000000000000000, -0.000000000000000000 ) ) ;
#103 = VERTEX_POINT ( 'NONE', #3137 ) ;
#104 = DIRECTION ( 'NONE',  ( -1.000000000000000000, 0.000000000000000000, 5.421010862427523156E-16 ) ) ;
#105 = ORIENTED_EDGE ( 'NONE', *, *, #2581, .T. ) ;
#106 = AXIS2_PLACEMENT_3D ( 'NONE', #1821, #2998, #2436 ) ;
#107 = ORIENTED_EDGE ( 'NONE', *, *, #3011, .F. ) ;
#108 = ORIENTED_EDGE ( 'NONE', *, *, #653, .F. ) ;
#109 = DIRECTION ( 'NONE',  ( -1.000000000000000000, -0.000000000000000000, -0.000000000000000000 ) ) ;
#110 = DIRECTION ( 'NONE',  ( 0.000000000000000000, 1.000000000000000000, 0.000000000000000000 ) ) ;
#111 = DIRECTION ( 'NONE',  ( -0.000000000000000000, -1.000000000000000000, -0.000000000000000000 ) ) ;
#112 = EDGE_CURVE ( 'NONE', #154, #2174, #52, .T. ) ;
#113 = VECTOR ( 'NONE', #1335, 1000.000000000000000 ) ;
#114 = LINE ( 'NONE', #1364, #153 ) ;
#115 = VERTEX_POINT ( 'NONE', #3513 ) ;
#116 = CLOSED_SHELL ( 'NONE', ( #611, #644, #1057, #870, #289, #3493, #3587 ) ) ;
#117 = CARTESIAN_POINT ( 'NONE',  ( -0.6249999999999983347, 0.5986990566028304039, 0.7750000000000004663 ) ) ;
#118 = CARTESIAN_POINT ( 'NONE',  ( -0.6222222222222223431, 0.5999999999999999778, -0.7922222222222224941 ) ) ;
#119 = CARTESIAN_POINT ( 'NONE',  ( -0.8000000000000001554, 0.6000000000000007550, 1.050000000000000044 ) ) ;
#120 = LINE ( 'NONE', #3402, #1403 ) ;
#121 = LINE ( 'NONE', #3486, #147 ) ;
#122 = ORIENTED_EDGE ( 'NONE', *, *, #1357, .T. ) ;
#123 = ORIENTED_EDGE ( 'NONE', *, *, #1727, .T. ) ;
#124 = VECTOR ( 'NONE', #2650, 1000.000000000000000 ) ;
#125 = CARTESIAN_POINT ( 'NONE',  ( 0.6250000000000018874, 0.5986990566028304039, -0.7750000000000004663 ) ) ;
#126 = LINE ( 'NONE', #3322, #158 ) ;
#128 = ADVANCED_FACE ( 'NONE', ( #2531 ), #3416, .T. ) ;
#127 = PLANE ( 'NONE',  #1018 ) ;
#129 = ORIENTED_EDGE ( 'NONE', *, *, #14, .F. ) ;
#130 = DIRECTION ( 'NONE',  ( 0.000000000000000000, 0.000000000000000000, 1.000000000000000000 ) ) ;
#131 = ORIENTED_EDGE ( 'NONE', *, *, #3736, .F. ) ;
#132 = AXIS2_PLACEMENT_3D ( 'NONE', #3803, #1117, #499 ) ;
#133 = LINE ( 'NONE', #3275, #322 ) ;
#134 = ORIENTED_EDGE ( 'NONE', *, *, #1959, .F. ) ;
#135 = ORIENTED_EDGE ( 'NONE', *, *, #2521, .T. ) ;
#136 = DIRECTION ( 'NONE',  ( -0.000000000000000000, -1.000000000000000000, -0.000000000000000000 ) ) ;
#137 = AXIS2_PLACEMENT_3D ( 'NONE', #1721, #1895, #2541 ) ;
#138 = VECTOR ( 'NONE', #3107, 1000.000000000000000 ) ;
#139 = DIRECTION ( 'NONE',  ( 1.000000000000000000, -0.000000000000000000, -5.421010862427523156E-16 ) ) ;
#140 = ORIENTED_EDGE ( 'NONE', *, *, #745, .F. ) ;
#141 = AXIS2_PLACEMENT_3D ( 'NONE', #1653, #3720, #1633 ) ;
#142 = VERTEX_POINT ( 'NONE', #198 ) ;
#143 = SURFACE_STYLE_USAGE ( .BOTH. , #3155 ) ;
#144 = CARTESIAN_POINT ( 'NONE',  ( 0.000000000000000000, 0.05000000000000000278, 0.1250000000000001110 ) ) ;
#145 = CARTESIAN_POINT ( 'NONE',  ( 0.2750000000000004108, 0.5986990566028302929, 0.2500000000000003886 ) ) ;
#146 = LINE ( 'NONE', #272, #1427 ) ;
#147 = VECTOR ( 'NONE', #2570, 1000.000000000000000 ) ;
#148 = EDGE_CURVE ( 'NONE', #2842, #927, #3822, .T. ) ;
#149 = EDGE_LOOP ( 'NONE', ( #2583, #2707, #2659, #1767, #1332 ) ) ;
#150 = EDGE_LOOP ( 'NONE', ( #2874, #1156, #2464, #3730 ) ) ;
#151 = LINE ( 'NONE', #1322, #1375 ) ;
#152 = PLANE ( 'NONE',  #1982 ) ;
#153 = VECTOR ( 'NONE', #1662, 1000.000000000000000 ) ;
#154 = VERTEX_POINT ( 'NONE', #1688 ) ;
#155 = EDGE_CURVE ( 'NONE', #2035, #464, #1244, .T. ) ;
#156 = DIRECTION ( 'NONE',  ( -7.885106708985491006E-16, 0.000000000000000000, -1.000000000000000000 ) ) ;
#157 = LINE ( 'NONE', #2893, #138 ) ;
#158 = VECTOR ( 'NONE', #1536, 1000.000000000000000 ) ;
#159 = ADVANCED_FACE ( 'NONE', ( #1267 ), #3272, .T. ) ;
#160 = EDGE_LOOP ( 'NONE', ( #851, #2300, #1590, #3749 ) ) ;
#161 = CARTESIAN_POINT ( 'NONE',  ( -0.3749999999999979461, 0.05000000000000000278, -1.050000000000000488 ) ) ;
#162 = CARTESIAN_POINT ( 'NONE',  ( 0.4000000000000004108, 0.5986990566028302929, -0.3749999999999998890 ) ) ;
#163 = SURFACE_STYLE_FILL_AREA ( #256 ) ;
#164 = PLANE ( 'NONE',  #278 ) ;
#165 = ORIENTED_EDGE ( 'NONE', *, *, #332, .F. ) ;
#166 = CARTESIAN_POINT ( 'NONE',  ( -0.4999999999999986122, 0.1270000000000000018, 0.6500000000000003553 ) ) ;
#167 = CARTESIAN_POINT ( 'NONE',  ( 0.000000000000000000, 0.05000000000000000278, 0.000000000000000000 ) ) ;
#168 =( LENGTH_UNIT ( ) NAMED_UNIT ( * ) SI_UNIT ( .MILLI., .METRE. ) );
#169 = CARTESIAN_POINT ( 'NONE',  ( -0.1500000000000003830, 0.05000000000000002359, -0.1249999999999996808 ) ) ;
#170 = VECTOR ( 'NONE', #1857, 1000.000000000000000 ) ;
#171 = VECTOR ( 'NONE', #3373, 1000.000000000000000 ) ;
#172 = ORIENTED_EDGE ( 'NONE', *, *, #448, .F. ) ;
#173 =( NAMED_UNIT ( * ) PLANE_ANGLE_UNIT ( ) SI_UNIT ( $, .RADIAN. ) );
#174 = DIRECTION ( 'NONE',  ( -1.000000000000000000, 0.000000000000000000, 0.000000000000000000 ) ) ;
#175 = DIRECTION ( 'NONE',  ( 7.885106708985491006E-16, -0.000000000000000000, 1.000000000000000000 ) ) ;
#176 = VERTEX_POINT ( 'NONE', #702 ) ;
#177 = DIRECTION ( 'NONE',  ( 0.000000000000000000, 1.000000000000000000, 0.000000000000000000 ) ) ;
#178 = CARTESIAN_POINT ( 'NONE',  ( -0.2750000000000005218, 0.1270000000000000018, -0.3749999999999998890 ) ) ;
#179 = STYLED_ITEM ( 'NONE', ( #3296 ), #1410 ) ;
#180 = AXIS2_PLACEMENT_3D ( 'NONE', #3003, #1847, #2750 ) ;
#181 = LINE ( 'NONE', #2904, #2736 ) ;
#182 = ORIENTED_EDGE ( 'NONE', *, *, #894, .F. ) ;
#183 = CARTESIAN_POINT ( 'NONE',  ( 0.8000000000000003775, 0.5986990566028302929, 0.3750000000000005551 ) ) ;
#184 = AXIS2_PLACEMENT_3D ( 'NONE', #2359, #1431, #1722 ) ;
#185 = DIRECTION ( 'NONE',  ( -0.7071067811865486830, 0.000000000000000000, 0.7071067811865464625 ) ) ;
#186 = AXIS2_PLACEMENT_3D ( 'NONE', #311, #930, #2043 ) ;
#187 = LINE ( 'NONE', #1330, #2766 ) ;
#188 = ADVANCED_FACE ( 'NONE', ( #3857 ), #2226, .F. ) ;
#189 = DIRECTION ( 'NONE',  ( -0.000000000000000000, 0.000000000000000000, -1.000000000000000000 ) ) ;
#190 = ORIENTED_EDGE ( 'NONE', *, *, #1464, .F. ) ;
#191 = CARTESIAN_POINT ( 'NONE',  ( -0.4000000000000004108, 0.1270000000000000018, 0.3750000000000003331 ) ) ;
#192 = EDGE_CURVE ( 'NONE', #1547, #3017, #1240, .T. ) ;
#193 = CARTESIAN_POINT ( 'NONE',  ( -0.8000000000000001554, 0.05000000000000000278, 1.050000000000000044 ) ) ;
#194 = FACE_OUTER_BOUND ( 'NONE', #1809, .T. ) ;
#195 = FACE_OUTER_BOUND ( 'NONE', #81, .T. ) ;
#196 = ORIENTED_EDGE ( 'NONE', *, *, #1772, .F. ) ;
#197 = DIRECTION ( 'NONE',  ( -1.000000000000000000, 0.000000000000000000, -2.710505431213761578E-16 ) ) ;
#198 = CARTESIAN_POINT ( 'NONE',  ( 0.6250000000000018874, 0.1269999999999999463, 1.050000000000000044 ) ) ;
#199 = EDGE_CURVE ( 'NONE', #1313, #3520, #3870, .T. ) ;
#200 = VECTOR ( 'NONE', #2760, 1000.000000000000000 ) ;
#201 = SURFACE_SIDE_STYLE ('',( #163 ) ) ;
#202 = EDGE_LOOP ( 'NONE', ( #3544, #698, #794, #836 ) ) ;
#203 = CARTESIAN_POINT ( 'NONE',  ( -0.1249999999999983763, 0.5986990566028304039, 0.7750000000000004663 ) ) ;
#204 = CARTESIAN_POINT ( 'NONE',  ( 0.1250000000000015266, 0.000000000000000000, 0.7750000000000004663 ) ) ;
#205 = ORIENTED_EDGE ( 'NONE', *, *, #2126, .F. ) ;
#206 = EDGE_CURVE ( 'NONE', #881, #3633, #3829, .T. ) ;
#207 = CARTESIAN_POINT ( 'NONE',  ( -0.3749999999999977796, 0.05000000000000000278, 2.217686261902156619E-16 ) ) ;
#208 = LINE ( 'NONE', #2854, #1476 ) ;
#209 = LINE ( 'NONE', #3847, #1382 ) ;
#210 = ORIENTED_EDGE ( 'NONE', *, *, #63, .T. ) ;
#211 = DIRECTION ( 'NONE',  ( 0.000000000000000000, -1.000000000000000000, 0.000000000000000000 ) ) ;
#212 = CARTESIAN_POINT ( 'NONE',  ( 0.1500000000000003830, 0.1270000000000000018, 0.2500000000000001110 ) ) ;
#213 = EDGE_LOOP ( 'NONE', ( #1269, #719, #3553, #3687 ) ) ;
#214 = DIRECTION ( 'NONE',  ( 0.000000000000000000, 0.000000000000000000, 1.000000000000000000 ) ) ;
#215 = CIRCLE ( 'NONE', #1484, 0.1250000000000001110 ) ;
#216 = FACE_OUTER_BOUND ( 'NONE', #3305, .T. ) ;
#217 = ORIENTED_EDGE ( 'NONE', *, *, #3109, .F. ) ;
#218 = DIRECTION ( 'NONE',  ( 0.000000000000000000, -1.000000000000000000, 0.000000000000000000 ) ) ;
#219 = EDGE_CURVE ( 'NONE', #1788, #1206, #2674, .T. ) ;
#220 = ORIENTED_EDGE ( 'NONE', *, *, #3411, .F. ) ;
#221 = CARTESIAN_POINT ( 'NONE',  ( -0.2750000000000005218, 0.1270000000000000018, -0.3749999999999998890 ) ) ;
#222 = LINE ( 'NONE', #521, #200 ) ;
#223 = ADVANCED_FACE ( 'NONE', ( #16 ), #1305, .F. ) ;
#224 = ORIENTED_EDGE ( 'NONE', *, *, #1611, .F. ) ;
#225 = CARTESIAN_POINT ( 'NONE',  ( 0.6250000000000018874, 0.1270000000000000018, 1.050000000000000266 ) ) ;
#226 = VERTEX_POINT ( 'NONE', #756 ) ;
#227 = DIRECTION ( 'NONE',  ( 0.000000000000000000, 0.000000000000000000, 1.000000000000000000 ) ) ;
#228 = AXIS2_PLACEMENT_3D ( 'NONE', #1966, #631, #1624 ) ;
#229 = PLANE ( 'NONE',  #2556 ) ;
#230 = ORIENTED_EDGE ( 'NONE', *, *, #880, .T. ) ;
#231 = AXIS2_PLACEMENT_3D ( 'NONE', #779, #2958, #2354 ) ;
#232 = DIRECTION ( 'NONE',  ( 1.000000000000000000, 0.000000000000000000, 5.421010862427523156E-16 ) ) ;
#233 = DIRECTION ( 'NONE',  ( -0.000000000000000000, -1.000000000000000000, -0.000000000000000000 ) ) ;
#234 = ORIENTED_EDGE ( 'NONE', *, *, #2071, .T. ) ;
#235 = LINE ( 'NONE', #2735, #2771 ) ;
#236 = EDGE_CURVE ( 'NONE', #3389, #764, #86, .T. ) ;
#237 = EDGE_LOOP ( 'NONE', ( #2170, #572, #982, #1831 ) ) ;
#238 = STYLED_ITEM ( 'NONE', ( #3413 ), #1740 ) ;
#239 = DIRECTION ( 'NONE',  ( 0.000000000000000000, 1.000000000000000000, 0.000000000000000000 ) ) ;
#240 = DIRECTION ( 'NONE',  ( 1.000000000000000000, 0.000000000000000000, -7.885106708985491992E-16 ) ) ;
#241 = EDGE_LOOP ( 'NONE', ( #1174, #470, #919, #3769 ) ) ;
#242 = CARTESIAN_POINT ( 'NONE',  ( -0.6222222222222223431, 0.4999999999999998890, -0.8722222222222224541 ) ) ;
#243 = LINE ( 'NONE', #1614, #304 ) ;
#244 = ORIENTED_EDGE ( 'NONE', *, *, #1772, .T. ) ;
#245 = DIRECTION ( 'NONE',  ( 0.000000000000000000, -0.000000000000000000, -1.000000000000000000 ) ) ;
#246 = EDGE_CURVE ( 'NONE', #3205, #306, #1278, .T. ) ;
#247 = STYLED_ITEM ( 'NONE', ( #405 ), #2280 ) ;
#248 = ORIENTED_EDGE ( 'NONE', *, *, #2085, .T. ) ;
#249 = CARTESIAN_POINT ( 'NONE',  ( -0.6222222222222223431, 0.4999999999999998890, -0.9522222222222224142 ) ) ;
#250 = LINE ( 'NONE', #2373, #2782 ) ;
#251 = ORIENTED_EDGE ( 'NONE', *, *, #3223, .T. ) ;
#252 = EDGE_CURVE ( 'NONE', #3494, #2916, #21, .T. ) ;
#253 = ORIENTED_EDGE ( 'NONE', *, *, #2581, .F. ) ;
#254 = DIRECTION ( 'NONE',  ( 0.000000000000000000, 1.000000000000000000, 0.000000000000000000 ) ) ;
#255 = EDGE_CURVE ( 'NONE', #1637, #3520, #2544, .T. ) ;
#256 = FILL_AREA_STYLE ('',( #2602 ) ) ;
#258 = ADVANCED_FACE ( 'NONE', ( #2589 ), #1285, .F. ) ;
#257 = CARTESIAN_POINT ( 'NONE',  ( 0.6250000000000016653, 0.1270000000000000018, -1.050000000000000266 ) ) ;
#259 = ORIENTED_EDGE ( 'NONE', *, *, #1053, .F. ) ;
#260 = CARTESIAN_POINT ( 'NONE',  ( -0.2750000000000004108, 0.05000000000000002359, 0.2500000000000003886 ) ) ;
#261 = DIRECTION ( 'NONE',  ( 0.000000000000000000, 1.000000000000000000, 0.000000000000000000 ) ) ;
#262 = ORIENTED_EDGE ( 'NONE', *, *, #1371, .T. ) ;
#263 = DIRECTION ( 'NONE',  ( 0.000000000000000000, 0.000000000000000000, 1.000000000000000000 ) ) ;
#264 = VECTOR ( 'NONE', #1173, 1000.000000000000000 ) ;
#265 = VERTEX_POINT ( 'NONE', #2391 ) ;
#266 =( LENGTH_UNIT ( ) NAMED_UNIT ( * ) SI_UNIT ( .MILLI., .METRE. ) );
#267 = DIRECTION ( 'NONE',  ( 1.000000000000000000, -0.000000000000000000, -0.000000000000000000 ) ) ;
#268 = ORIENTED_EDGE ( 'NONE', *, *, #3004, .T. ) ;
#269 = DIRECTION ( 'NONE',  ( 0.000000000000000000, 0.000000000000000000, -1.000000000000000000 ) ) ;
#270 = LINE ( 'NONE', #2245, #170 ) ;
#271 = CARTESIAN_POINT ( 'NONE',  ( -0.6249999999999983347, 0.1270000000000000018, 1.050000000000000266 ) ) ;
#272 = CARTESIAN_POINT ( 'NONE',  ( 0.4000000000000004108, 0.1270000000000000018, 0.3750000000000003331 ) ) ;
#273 = ORIENTED_EDGE ( 'NONE', *, *, #1304, .T. ) ;
#274 = MECHANICAL_DESIGN_GEOMETRIC_PRESENTATION_REPRESENTATION (  '', ( #911 ), #540 ) ;
#275 = CARTESIAN_POINT ( 'NONE',  ( 0.2750000000000004108, 0.05000000000000000278, 0.1250000000000001110 ) ) ;
#276 =( LENGTH_UNIT ( ) NAMED_UNIT ( * ) SI_UNIT ( .MILLI., .METRE. ) );
#277 = LINE ( 'NONE', #421, #1572 ) ;
#278 = AXIS2_PLACEMENT_3D ( 'NONE', #1750, #2269, #3802 ) ;
#279 = VERTEX_POINT ( 'NONE', #1462 ) ;
#280 = AXIS2_PLACEMENT_3D ( 'NONE', #2193, #3120, #2545 ) ;
#281 = COLOUR_RGB ( '',0.7921568627450980005, 0.8196078431372548767, 0.9333333333333333481 ) ;
#282 = DIRECTION ( 'NONE',  ( -1.000000000000000000, 0.000000000000000000, 5.421010862427523156E-16 ) ) ;
#283 = DIRECTION ( 'NONE',  ( 1.000000000000000000, 0.000000000000000000, 0.000000000000000000 ) ) ;
#284 = CARTESIAN_POINT ( 'NONE',  ( -0.1500000000000003830, 0.1270000000000000018, 0.2500000000000001110 ) ) ;
#285 = CIRCLE ( 'NONE', #2671, 0.1250000000000001110 ) ;
#286 = ORIENTED_EDGE ( 'NONE', *, *, #3850, .F. ) ;
#287 = EDGE_CURVE ( 'NONE', #1479, #1246, #2597, .T. ) ;
#288 = VECTOR ( 'NONE', #197, 1000.000000000000000 ) ;
#289 = ADVANCED_FACE ( 'NONE', ( #3844 ), #2146, .F. ) ;
#290 = LINE ( 'NONE', #2693, #2989 ) ;
#291 = CARTESIAN_POINT ( 'NONE',  ( -0.6249999999999983347, 0.1270000000000000018, 0.7750000000000004663 ) ) ;
#292 = DIRECTION ( 'NONE',  ( -0.000000000000000000, -1.000000000000000000, -0.000000000000000000 ) ) ;
#293 = CLOSED_SHELL ( 'NONE', ( #2732, #1401, #2005, #1475, #2947, #3341, #848 ) ) ;
#294 = CARTESIAN_POINT ( 'NONE',  ( 0.2750000000000002998, 0.1270000000000000018, 0.3750000000000004441 ) ) ;
#295 = ADVANCED_FACE ( 'NONE', ( #10 ), #955, .T. ) ;
#296 =( GEOMETRIC_REPRESENTATION_CONTEXT ( 3 ) GLOBAL_UNCERTAINTY_ASSIGNED_CONTEXT ( ( #899 ) ) GLOBAL_UNIT_ASSIGNED_CONTEXT ( ( #3020, #307, #605 ) ) REPRESENTATION_CONTEXT ( 'NONE', 'WORKASPACE' ) );
#297 = CARTESIAN_POINT ( 'NONE',  ( -0.3749999999999981681, 0.1270000000000000018, 1.050000000000000266 ) ) ;
#298 = CARTESIAN_POINT ( 'NONE',  ( -0.1249999999999977518, 0.05000000000000000278, 9.856383386231687496E-17 ) ) ;
#299 = VECTOR ( 'NONE', #3059, 1000.000000000000000 ) ;
#300 = ORIENTED_EDGE ( 'NONE', *, *, #1892, .T. ) ;
#301 = EDGE_CURVE ( 'NONE', #279, #1391, #3837, .T. ) ;
#302 = CARTESIAN_POINT ( 'NONE',  ( -0.4000000000000004108, 0.5986990566028302929, 0.1250000000000001110 ) ) ;
#303 = DIRECTION ( 'NONE',  ( -0.000000000000000000, -1.000000000000000000, 0.000000000000000000 ) ) ;
#304 = VECTOR ( 'NONE', #3782, 1000.000000000000000 ) ;
#305 = LINE ( 'NONE', #3125, #1589 ) ;
#306 = VERTEX_POINT ( 'NONE', #3348 ) ;
#307 =( NAMED_UNIT ( * ) PLANE_ANGLE_UNIT ( ) SI_UNIT ( $, .RADIAN. ) );
#308 = CARTESIAN_POINT ( 'NONE',  ( -0.3749999999999985012, 0.04999999999999999584, 0.7750000000000004663 ) ) ;
#309 = CARTESIAN_POINT ( 'NONE',  ( -0.2750000000000004108, 0.1270000000000000018, 0.2500000000000001110 ) ) ;
#310 = EDGE_CURVE ( 'NONE', #3366, #2476, #1331, .T. ) ;
#311 = CARTESIAN_POINT ( 'NONE',  ( 0.5000000000000014433, 0.1270000000000000018, 0.7750000000000004663 ) ) ;
#312 = CARTESIAN_POINT ( 'NONE',  ( -0.3749999999999981681, 0.04999999999999999584, 1.050000000000000266 ) ) ;
#313 = ORIENTED_EDGE ( 'NONE', *, *, #1806, .T. ) ;
#314 = ADVANCED_FACE ( 'NONE', ( #2550 ), #414, .F. ) ;
#315 = AXIS2_PLACEMENT_3D ( 'NONE', #2588, #713, #3199 ) ;
#316 = CARTESIAN_POINT ( 'NONE',  ( 0.4000000000000004108, 0.5986990566028302929, 0.1250000000000001110 ) ) ;
#317 = LINE ( 'NONE', #2718, #2871 ) ;
#318 = ORIENTED_EDGE ( 'NONE', *, *, #997, .T. ) ;
#319 = DIRECTION ( 'NONE',  ( 0.000000000000000000, -1.000000000000000000, 0.000000000000000000 ) ) ;
#320 = CARTESIAN_POINT ( 'NONE',  ( 0.5000000000000014433, 0.1270000000000000018, -0.7750000000000004663 ) ) ;
#321 = AXIS2_PLACEMENT_3D ( 'NONE', #3856, #1145, #1950 ) ;
#322 = VECTOR ( 'NONE', #109, 1000.000000000000000 ) ;
#323 = AXIS2_PLACEMENT_3D ( 'NONE', #2471, #1883, #2792 ) ;
#324 = DIRECTION ( 'NONE',  ( 0.000000000000000000, -0.000000000000000000, -1.000000000000000000 ) ) ;
#325 = DIRECTION ( 'NONE',  ( 0.000000000000000000, 1.000000000000000000, -0.000000000000000000 ) ) ;
#326 = CARTESIAN_POINT ( 'NONE',  ( -0.4000000000000004108, 0.5986990566028302929, -0.1249999999999996808 ) ) ;
#327 = CARTESIAN_POINT ( 'NONE',  ( -0.3749999999999982236, 0.1270000000000000018, -0.7750000000000004663 ) ) ;
#328 = EDGE_CURVE ( 'NONE', #2259, #2155, #2619, .T. ) ;
#329 = LINE ( 'NONE', #2914, #1617 ) ;
#330 = DIRECTION ( 'NONE',  ( 0.000000000000000000, 0.000000000000000000, 1.000000000000000000 ) ) ;
#331 = LINE ( 'NONE', #1976, #1629 ) ;
#332 = EDGE_CURVE ( 'NONE', #3744, #1214, #1312, .T. ) ;
#333 = CARTESIAN_POINT ( 'NONE',  ( 0.2750000000000004108, 0.05000000000000002359, -0.2499999999999998890 ) ) ;
#334 = CARTESIAN_POINT ( 'NONE',  ( 0.1250000000000018319, 0.5986990566028304039, 1.050000000000000266 ) ) ;
#335 = ORIENTED_EDGE ( 'NONE', *, *, #869, .F. ) ;
#336 = DIRECTION ( 'NONE',  ( 0.000000000000000000, -0.000000000000000000, 1.000000000000000000 ) ) ;
#337 = EDGE_CURVE ( 'NONE', #2165, #433, #2560, .T. ) ;
#338 = LINE ( 'NONE', #3434, #2921 ) ;
#339 = VERTEX_POINT ( 'NONE', #3248 ) ;
#340 = DIRECTION ( 'NONE',  ( 0.000000000000000000, 0.000000000000000000, 1.000000000000000000 ) ) ;
#341 = CARTESIAN_POINT ( 'NONE',  ( 0.1250000000000018041, 0.1270000000000000018, -0.7750000000000004663 ) ) ;
#342 = DIRECTION ( 'NONE',  ( 5.913830031739118501E-16, -0.000000000000000000, 1.000000000000000000 ) ) ;
#343 = FACE_OUTER_BOUND ( 'NONE', #1789, .T. ) ;
#344 = ORIENTED_EDGE ( 'NONE', *, *, #992, .T. ) ;
#345 = APPLICATION_CONTEXT ( 'automotive_design' ) ;
#346 = EDGE_CURVE ( 'NONE', #1246, #1193, #38, .T. ) ;
#347 = LINE ( 'NONE', #2540, #1606 ) ;
#348 = CARTESIAN_POINT ( 'NONE',  ( -0.6249999999999986677, 0.04999999999999999584, -0.7750000000000004663 ) ) ;
#349 = CARTESIAN_POINT ( 'NONE',  ( 0.8000000000000003775, 0.000000000000000000, -0.3749999999999998890 ) ) ;
#350 = CYLINDRICAL_SURFACE ( 'NONE', #321, 0.1250000000000000000 ) ;
#351 = SURFACE_STYLE_USAGE ( .BOTH. , #638 ) ;
#352 = AXIS2_PLACEMENT_3D ( 'NONE', #3848, #3162, #1130 ) ;
#353 = ORIENTED_EDGE ( 'NONE', *, *, #1256, .F. ) ;
#354 = AXIS2_PLACEMENT_3D ( 'NONE', #3353, #2507, #3068 ) ;
#355 = CARTESIAN_POINT ( 'NONE',  ( -0.6222222222222223431, 0.4999999999999998890, -0.8722222222222224541 ) ) ;
#356 = CYLINDRICAL_SURFACE ( 'NONE', #2458, 0.1250000000000001110 ) ;
#357 = EDGE_LOOP ( 'NONE', ( #2858, #2152, #135, #2250 ) ) ;
#358 = AXIS2_PLACEMENT_3D ( 'NONE', #799, #2015, #1030 ) ;
#359 = DIRECTION ( 'NONE',  ( 0.000000000000000000, -0.000000000000000000, -1.000000000000000000 ) ) ;
#360 = DIRECTION ( 'NONE',  ( 0.000000000000000000, 0.000000000000000000, 1.000000000000000000 ) ) ;
#361 = AXIS2_PLACEMENT_3D ( 'NONE', #437, #3805, #1956 ) ;
#362 = DIRECTION ( 'NONE',  ( -1.000000000000000000, 0.000000000000000000, 1.971276677246372752E-16 ) ) ;
#363 = VECTOR ( 'NONE', #2264, 1000.000000000000000 ) ;
#364 = ORIENTED_EDGE ( 'NONE', *, *, #938, .F. ) ;
#365 = DIRECTION ( 'NONE',  ( 0.000000000000000000, 1.000000000000000000, 0.000000000000000000 ) ) ;
#366 = EDGE_CURVE ( 'NONE', #1355, #2157, #1340, .T. ) ;
#367 = CIRCLE ( 'NONE', #2370, 0.1250000000000001110 ) ;
#368 = PLANE ( 'NONE',  #2233 ) ;
#369 = DIRECTION ( 'NONE',  ( 0.000000000000000000, -1.000000000000000000, 0.000000000000000000 ) ) ;
#370 = CARTESIAN_POINT ( 'NONE',  ( 0.2750000000000004108, 0.5986990566028302929, -0.3749999999999998890 ) ) ;
#371 = FACE_OUTER_BOUND ( 'NONE', #2532, .T. ) ;
#372 = VERTEX_POINT ( 'NONE', #2928 ) ;
#373 = DIRECTION ( 'NONE',  ( 1.000000000000000000, 0.000000000000000000, 0.000000000000000000 ) ) ;
#374 = EDGE_CURVE ( 'NONE', #2380, #991, #2658, .T. ) ;
#375 = DIRECTION ( 'NONE',  ( 1.000000000000000000, 0.000000000000000000, 0.000000000000000000 ) ) ;
#376 = CARTESIAN_POINT ( 'NONE',  ( -0.1249999999999986955, 0.1269999999999999463, -1.050000000000000488 ) ) ;
#377 = ORIENTED_EDGE ( 'NONE', *, *, #1734, .T. ) ;
#378 = DIRECTION ( 'NONE',  ( -0.000000000000000000, 0.000000000000000000, -1.000000000000000000 ) ) ;
#379 = CYLINDRICAL_SURFACE ( 'NONE', #2940, 0.1250000000000001110 ) ;
#380 = VERTEX_POINT ( 'NONE', #2115 ) ;
#381 = DIRECTION ( 'NONE',  ( -0.000000000000000000, 0.000000000000000000, -1.000000000000000000 ) ) ;
#382 = CARTESIAN_POINT ( 'NONE',  ( 0.8000000000000003775, 0.000000000000000000, 0.1250000000000001110 ) ) ;
#383 = FACE_OUTER_BOUND ( 'NONE', #1570, .T. ) ;
#384 = LINE ( 'NONE', #2791, #299 ) ;
#385 = EDGE_CURVE ( 'NONE', #2584, #879, #72, .T. ) ;
#386 = ORIENTED_EDGE ( 'NONE', *, *, #3038, .F. ) ;
#387 = ADVANCED_FACE ( 'NONE', ( #195 ), #2205, .F. ) ;
#388 = DIRECTION ( 'NONE',  ( 0.000000000000000000, 1.000000000000000000, 0.000000000000000000 ) ) ;
#389 = CARTESIAN_POINT ( 'NONE',  ( 0.3750000000000014433, 0.1270000000000000018, -1.050000000000000266 ) ) ;
#390 = FACE_OUTER_BOUND ( 'NONE', #202, .T. ) ;
#391 = ORIENTED_EDGE ( 'NONE', *, *, #301, .T. ) ;
#392 = CARTESIAN_POINT ( 'NONE',  ( 0.4000000000000004108, 0.5986990566028302929, -0.1249999999999996808 ) ) ;
#393 = PRESENTATION_LAYER_ASSIGNMENT (  '', '', ( #662 ) ) ;
#394 = FACE_OUTER_BOUND ( 'NONE', #3601, .T. ) ;
#395 = AXIS2_PLACEMENT_3D ( 'NONE', #1586, #1385, #3090 ) ;
#396 = CARTESIAN_POINT ( 'NONE',  ( 0.5000000000000014433, 0.000000000000000000, 0.7750000000000004663 ) ) ;
#397 = ORIENTED_EDGE ( 'NONE', *, *, #3179, .T. ) ;
#398 = DIRECTION ( 'NONE',  ( 1.000000000000000000, -0.000000000000000000, -0.000000000000000000 ) ) ;
#399 = EDGE_CURVE ( 'NONE', #3093, #3573, #95, .T. ) ;
#400 = LINE ( 'NONE', #3446, #1770 ) ;
#401 = EDGE_LOOP ( 'NONE', ( #3559, #3636, #1422, #3649 ) ) ;
#402 = FILL_AREA_STYLE ('',( #2833 ) ) ;
#403 = CARTESIAN_POINT ( 'NONE',  ( -0.3749999999999982236, 0.000000000000000000, 0.7750000000000004663 ) ) ;
#404 = CARTESIAN_POINT ( 'NONE',  ( 0.2750000000000004108, 0.1270000000000000018, 0.2500000000000003886 ) ) ;
#405 = PRESENTATION_STYLE_ASSIGNMENT (( #3320 ) ) ;
#406 = EDGE_CURVE ( 'NONE', #2690, #592, #2767, .T. ) ;
#407 = DIRECTION ( 'NONE',  ( 0.000000000000000000, 0.000000000000000000, 1.000000000000000000 ) ) ;
#408 = DIRECTION ( 'NONE',  ( 0.000000000000000000, 0.000000000000000000, 1.000000000000000000 ) ) ;
#409 = EDGE_CURVE ( 'NONE', #3633, #2361, #1460, .T. ) ;
#410 = ORIENTED_EDGE ( 'NONE', *, *, #3712, .T. ) ;
#411 = EDGE_CURVE ( 'NONE', #3871, #1499, #2751, .T. ) ;
#412 = ADVANCED_FACE ( 'NONE', ( #1467 ), #164, .T. ) ;
#413 = ADVANCED_FACE ( 'NONE', ( #1376 ), #1379, .F. ) ;
#414 = PLANE ( 'NONE',  #1661 ) ;
#415 = LINE ( 'NONE', #834, #1681 ) ;
#416 = VECTOR ( 'NONE', #2898, 1000.000000000000000 ) ;
#417 = DIRECTION ( 'NONE',  ( 0.000000000000000000, 0.000000000000000000, 1.000000000000000000 ) ) ;
#418 = DIRECTION ( 'NONE',  ( 0.000000000000000000, 1.000000000000000000, -0.000000000000000000 ) ) ;
#419 = ORIENTED_EDGE ( 'NONE', *, *, #2703, .F. ) ;
#420 = CARTESIAN_POINT ( 'NONE',  ( -0.3749999999999983902, 0.1270000000000000018, -1.050000000000000266 ) ) ;
#421 = CARTESIAN_POINT ( 'NONE',  ( -0.6249999999999986677, 0.1270000000000000018, -0.7750000000000004663 ) ) ;
#422 = FACE_OUTER_BOUND ( 'NONE', #3536, .T. ) ;
#423 = ORIENTED_EDGE ( 'NONE', *, *, #3669, .T. ) ;
#424 = DIRECTION ( 'NONE',  ( 0.000000000000000000, 1.000000000000000000, 0.000000000000000000 ) ) ;
#425 = CARTESIAN_POINT ( 'NONE',  ( 0.4000000000000004108, 0.1270000000000000018, 0.3750000000000003331 ) ) ;
#426 = DIRECTION ( 'NONE',  ( 0.000000000000000000, -1.000000000000000000, 0.000000000000000000 ) ) ;
#427 = VECTOR ( 'NONE', #2873, 1000.000000000000000 ) ;
#428 = ORIENTED_EDGE ( 'NONE', *, *, #366, .F. ) ;
#429 = STYLED_ITEM ( 'NONE', ( #1523 ), #3741 ) ;
#430 = CARTESIAN_POINT ( 'NONE',  ( -0.8000000000000003775, 0.5986990566028302929, 0.3750000000000005551 ) ) ;
#431 = PLANE ( 'NONE',  #2664 ) ;
#432 = CIRCLE ( 'NONE', #2986, 0.07999999999999998779 ) ;
#433 = VERTEX_POINT ( 'NONE', #2917 ) ;
#434 = AXIS2_PLACEMENT_3D ( 'NONE', #3772, #1393, #2349 ) ;
#435 = AXIS2_PLACEMENT_3D ( 'NONE', #2296, #1999, #2327 ) ;
#436 = CYLINDRICAL_SURFACE ( 'NONE', #2614, 0.1250000000000000000 ) ;
#437 = CARTESIAN_POINT ( 'NONE',  ( 0.000000000000000000, 0.000000000000000000, 0.5000000000000000000 ) ) ;
#438 =( NAMED_UNIT ( * ) PLANE_ANGLE_UNIT ( ) SI_UNIT ( $, .RADIAN. ) );
#439 = ORIENTED_EDGE ( 'NONE', *, *, #1765, .T. ) ;
#440 = EDGE_CURVE ( 'NONE', #3167, #2259, #2745, .T. ) ;
#441 = ADVANCED_FACE ( 'NONE', ( #1478 ), #1485, .F. ) ;
#442 = CARTESIAN_POINT ( 'NONE',  ( 0.4000000000000004108, 0.5986990566028302929, -0.1249999999999996808 ) ) ;
#443 = CARTESIAN_POINT ( 'NONE',  ( -0.4999999999999986122, 0.04999999999999999584, 0.7750000000000004663 ) ) ;
#444 = LINE ( 'NONE', #1328, #3025 ) ;
#445 = EDGE_LOOP ( 'NONE', ( #32, #3291, #1279, #678 ) ) ;
#446 = DIRECTION ( 'NONE',  ( -0.000000000000000000, -1.000000000000000000, -0.000000000000000000 ) ) ;
#447 = CARTESIAN_POINT ( 'NONE',  ( 0.8000000000000003775, 0.1270000000000000018, -0.1249999999999994588 ) ) ;
#448 = EDGE_CURVE ( 'NONE', #2397, #1202, #2761, .T. ) ;
#449 = DIRECTION ( 'NONE',  ( 0.000000000000000000, 0.000000000000000000, -1.000000000000000000 ) ) ;
#450 = LINE ( 'NONE', #1635, #427 ) ;
#451 = EDGE_CURVE ( 'NONE', #752, #103, #2697, .T. ) ;
#452 = DIRECTION ( 'NONE',  ( 0.000000000000000000, -1.000000000000000000, 0.000000000000000000 ) ) ;
#453 = DIRECTION ( 'NONE',  ( -7.885106708985491006E-16, 0.000000000000000000, -1.000000000000000000 ) ) ;
#454 = DIRECTION ( 'NONE',  ( 0.000000000000000000, -1.000000000000000000, 0.000000000000000000 ) ) ;
#455 = LINE ( 'NONE', #1914, #500 ) ;
#456 = VERTEX_POINT ( 'NONE', #3198 ) ;
#457 = PLANE ( 'NONE',  #2402 ) ;
#458 = CYLINDRICAL_SURFACE ( 'NONE', #760, 0.1250000000000001110 ) ;
#459 = DIRECTION ( 'NONE',  ( -1.971276677246372752E-16, -0.000000000000000000, -1.000000000000000000 ) ) ;
#460 = CARTESIAN_POINT ( 'NONE',  ( -0.1500000000000003830, 0.1270000000000000018, 0.2500000000000003886 ) ) ;
#461 = VERTEX_POINT ( 'NONE', #271 ) ;
#462 = DIRECTION ( 'NONE',  ( 5.913830031739118501E-16, 0.000000000000000000, 1.000000000000000000 ) ) ;
#463 = DIRECTION ( 'NONE',  ( 0.000000000000000000, -0.000000000000000000, 1.000000000000000000 ) ) ;
#464 = VERTEX_POINT ( 'NONE', #1776 ) ;
#466 = ADVANCED_FACE ( 'NONE', ( #2776 ), #3437, .F. ) ;
#465 = DIRECTION ( 'NONE',  ( -1.000000000000000000, 0.000000000000000000, -5.421010862427523156E-16 ) ) ;
#467 = DIRECTION ( 'NONE',  ( 0.000000000000000000, 0.000000000000000000, 1.000000000000000000 ) ) ;
#468 = CARTESIAN_POINT ( 'NONE',  ( -0.6249999999999985567, 0.1270000000000000018, -1.050000000000000266 ) ) ;
#469 = AXIS2_PLACEMENT_3D ( 'NONE', #868, #1825, #1513 ) ;
#470 = ORIENTED_EDGE ( 'NONE', *, *, #246, .T. ) ;
#471 = SURFACE_STYLE_USAGE ( .BOTH. , #3215 ) ;
#472 = AXIS2_PLACEMENT_3D ( 'NONE', #3165, #945, #1288 ) ;
#473 = DIRECTION ( 'NONE',  ( -1.971276677246372752E-16, 0.000000000000000000, -1.000000000000000000 ) ) ;
#474 = VECTOR ( 'NONE', #3133, 1000.000000000000000 ) ;
#475 = ORIENTED_EDGE ( 'NONE', *, *, #775, .F. ) ;
#476 = CARTESIAN_POINT ( 'NONE',  ( 0.4000000000000004108, 0.5986990566028302929, -0.3749999999999998890 ) ) ;
#477 = DIRECTION ( 'NONE',  ( 0.000000000000000000, -0.000000000000000000, -1.000000000000000000 ) ) ;
#478 = LINE ( 'NONE', #2480, #2999 ) ;
#479 = EDGE_CURVE ( 'NONE', #2862, #3242, #181, .T. ) ;
#480 = CARTESIAN_POINT ( 'NONE',  ( -0.4999999999999986122, 0.000000000000000000, 0.7750000000000004663 ) ) ;
#481 = PLANE ( 'NONE',  #2109 ) ;
#482 = ORIENTED_EDGE ( 'NONE', *, *, #328, .T. ) ;
#483 = CARTESIAN_POINT ( 'NONE',  ( -0.1249999999999983763, 0.1270000000000000018, 0.7750000000000004663 ) ) ;
#484 = CARTESIAN_POINT ( 'NONE',  ( -0.3749999999999983902, 0.5986990566028304039, -1.050000000000000266 ) ) ;
#485 = ORIENTED_EDGE ( 'NONE', *, *, #1200, .T. ) ;
#486 = EDGE_CURVE ( 'NONE', #2862, #2369, #2722, .T. ) ;
#487 = DIRECTION ( 'NONE',  ( 1.000000000000000000, 0.000000000000000000, -7.885106708985491992E-16 ) ) ;
#488 = MANIFOLD_SOLID_BREP ( 'PIN1', #80 ) ;
#489 = CARTESIAN_POINT ( 'NONE',  ( -0.3749999999999983902, 0.000000000000000000, -1.050000000000000266 ) ) ;
#490 = FACE_OUTER_BOUND ( 'NONE', #2660, .T. ) ;
#491 = EDGE_CURVE ( 'NONE', #971, #2236, #1496, .T. ) ;
#492 = ORIENTED_EDGE ( 'NONE', *, *, #1683, .T. ) ;
#493 = DIRECTION ( 'NONE',  ( 0.000000000000000000, 0.000000000000000000, 1.000000000000000000 ) ) ;
#494 = DIRECTION ( 'NONE',  ( -0.000000000000000000, 1.000000000000000000, -0.000000000000000000 ) ) ;
#495 = DIRECTION ( 'NONE',  ( 0.000000000000000000, -0.000000000000000000, 1.000000000000000000 ) ) ;
#496 = COLOUR_RGB ( '',0.7921568627450980005, 0.8196078431372548767, 0.9333333333333333481 ) ;
#497 = ADVANCED_FACE ( 'NONE', ( #2796 ), #229, .T. ) ;
#498 = ORIENTED_EDGE ( 'NONE', *, *, #2593, .F. ) ;
#499 = DIRECTION ( 'NONE',  ( 1.971276677246372998E-16, 0.000000000000000000, 1.000000000000000000 ) ) ;
#500 = VECTOR ( 'NONE', #1356, 1000.000000000000000 ) ;
#501 = DIRECTION ( 'NONE',  ( 0.000000000000000000, 1.000000000000000000, 0.000000000000000000 ) ) ;
#502 = DIRECTION ( 'NONE',  ( 0.000000000000000000, -0.000000000000000000, 1.000000000000000000 ) ) ;
#503 = ORIENTED_EDGE ( 'NONE', *, *, #2996, .T. ) ;
#504 = DIRECTION ( 'NONE',  ( 0.000000000000000000, -1.000000000000000000, 0.000000000000000000 ) ) ;
#505 = VECTOR ( 'NONE', #1568, 1000.000000000000000 ) ;
#506 = ORIENTED_EDGE ( 'NONE', *, *, #42, .T. ) ;
#507 = AXIS2_PLACEMENT_3D ( 'NONE', #580, #303, #2074 ) ;
#508 = DIRECTION ( 'NONE',  ( 1.971276677246372752E-16, 0.000000000000000000, 1.000000000000000000 ) ) ;
#509 = PLANE ( 'NONE',  #231 ) ;
#510 = LINE ( 'NONE', #3245, #591 ) ;
#511 = ORIENTED_EDGE ( 'NONE', *, *, #1835, .T. ) ;
#512 = DIRECTION ( 'NONE',  ( -0.000000000000000000, 1.000000000000000000, 0.000000000000000000 ) ) ;
#513 = EDGE_CURVE ( 'NONE', #1073, #2111, #209, .T. ) ;
#514 = AXIS2_PLACEMENT_3D ( 'NONE', #3364, #1001, #1693 ) ;
#515 =( NAMED_UNIT ( * ) SI_UNIT ( $, .STERADIAN. ) SOLID_ANGLE_UNIT ( ) );
#516 = DIRECTION ( 'NONE',  ( 0.000000000000000000, 0.000000000000000000, -1.000000000000000000 ) ) ;
#517 = DIRECTION ( 'NONE',  ( 0.000000000000000000, -1.000000000000000000, 0.000000000000000000 ) ) ;
#518 = LINE ( 'NONE', #1394, #3171 ) ;
#519 = ORIENTED_EDGE ( 'NONE', *, *, #3781, .T. ) ;
#520 = ADVANCED_FACE ( 'NONE', ( #1504 ), #751, .T. ) ;
#521 = CARTESIAN_POINT ( 'NONE',  ( -0.6249999999999977796, 0.05000000000000000278, 4.928191693115914006E-16 ) ) ;
#522 = EDGE_CURVE ( 'NONE', #2476, #2194, #2803, .T. ) ;
#523 = ADVANCED_FACE ( 'NONE', ( #216 ), #2319, .F. ) ;
#524 = CARTESIAN_POINT ( 'NONE',  ( -0.4999999999999986122, 0.000000000000000000, 0.7750000000000004663 ) ) ;
#525 = VERTEX_POINT ( 'NONE', #1159 ) ;
#526 = CARTESIAN_POINT ( 'NONE',  ( 0.7999999999999997113, 0.05000000000000000278, 1.050000000000000044 ) ) ;
#527 = EDGE_CURVE ( 'NONE', #3167, #2538, #1390, .T. ) ;
#528 = EDGE_CURVE ( 'NONE', #2584, #628, #121, .T. ) ;
#529 = ORIENTED_EDGE ( 'NONE', *, *, #3033, .F. ) ;
#530 = PLANE ( 'NONE',  #358 ) ;
#531 = CARTESIAN_POINT ( 'NONE',  ( -0.8000000000000003775, 0.5986990566028302929, 0.3750000000000005551 ) ) ;
#532 = DIRECTION ( 'NONE',  ( -0.000000000000000000, -1.000000000000000000, -0.000000000000000000 ) ) ;
#533 = CARTESIAN_POINT ( 'NONE',  ( -0.1500000000000003830, 0.1270000000000000018, 0.2500000000000003886 ) ) ;
#534 = FACE_OUTER_BOUND ( 'NONE', #68, .T. ) ;
#535 = ORIENTED_EDGE ( 'NONE', *, *, #3024, .T. ) ;
#536 = CARTESIAN_POINT ( 'NONE',  ( 0.3750000000000014433, 0.000000000000000000, -1.050000000000000266 ) ) ;
#537 = CARTESIAN_POINT ( 'NONE',  ( 0.5000000000000014433, 0.1270000000000000018, 0.6500000000000003553 ) ) ;
#538 = ORIENTED_EDGE ( 'NONE', *, *, #645, .F. ) ;
#539 = COLOUR_RGB ( '',0.7921568627450980005, 0.8196078431372548767, 0.9333333333333333481 ) ;
#540 =( GEOMETRIC_REPRESENTATION_CONTEXT ( 3 ) GLOBAL_UNCERTAINTY_ASSIGNED_CONTEXT ( ( #3331 ) ) GLOBAL_UNIT_ASSIGNED_CONTEXT ( ( #1309, #1615, #1877 ) ) REPRESENTATION_CONTEXT ( 'NONE', 'WORKASPACE' ) );
#541 = ORIENTED_EDGE ( 'NONE', *, *, #1640, .F. ) ;
#542 = CARTESIAN_POINT ( 'NONE',  ( -0.2750000000000004108, 0.5986990566028302929, 0.2500000000000003886 ) ) ;
#543 = ADVANCED_FACE ( 'NONE', ( #1369 ), #1455, .F. ) ;
#544 = AXIS2_PLACEMENT_3D ( 'NONE', #443, #1962, #3383 ) ;
#545 = LINE ( 'NONE', #403, #3161 ) ;
#546 = ADVANCED_FACE ( 'NONE', ( #2706 ), #530, .F. ) ;
#547 = CARTESIAN_POINT ( 'NONE',  ( 0.000000000000000000, 0.000000000000000000, 0.000000000000000000 ) ) ;
#548 = AXIS2_PLACEMENT_3D ( 'NONE', #1743, #700, #1367 ) ;
#549 = EDGE_LOOP ( 'NONE', ( #3164, #1732, #140, #902 ) ) ;
#550 = CARTESIAN_POINT ( 'NONE',  ( 0.000000000000000000, 0.5999999999999999778, 0.000000000000000000 ) ) ;
#551 = PLANE ( 'NONE',  #2450 ) ;
#552 = CARTESIAN_POINT ( 'NONE',  ( 1.409462824231155764E-15, 0.1270000000000000018, -0.7750000000000004663 ) ) ;
#553 = LINE ( 'NONE', #3420, #596 ) ;
#554 = EDGE_CURVE ( 'NONE', #985, #2562, #114, .T. ) ;
#555 = VERTEX_POINT ( 'NONE', #1919 ) ;
#556 = DIRECTION ( 'NONE',  ( 0.000000000000000000, 1.000000000000000000, 0.000000000000000000 ) ) ;
#557 = DIRECTION ( 'NONE',  ( 0.000000000000000000, 0.000000000000000000, 1.000000000000000000 ) ) ;
#558 = LINE ( 'NONE', #341, #3151 ) ;
#559 = ORIENTED_EDGE ( 'NONE', *, *, #3461, .F. ) ;
#560 = DIRECTION ( 'NONE',  ( 0.000000000000000000, 1.000000000000000000, 0.000000000000000000 ) ) ;
#561 = LINE ( 'NONE', #675, #1856 ) ;
#562 = EDGE_CURVE ( 'NONE', #1300, #1754, #2712, .T. ) ;
#563 = VERTEX_POINT ( 'NONE', #1800 ) ;
#564 = CARTESIAN_POINT ( 'NONE',  ( -0.8000000000000001554, 0.05000000000000000278, -1.050000000000000711 ) ) ;
#565 = EDGE_CURVE ( 'NONE', #1793, #3753, #126, .T. ) ;
#566 = VECTOR ( 'NONE', #1000, 1000.000000000000000 ) ;
#567 = PLANE ( 'NONE',  #1728 ) ;
#568 = ORIENTED_EDGE ( 'NONE', *, *, #3611, .F. ) ;
#569 = DIRECTION ( 'NONE',  ( 0.000000000000000000, -1.000000000000000000, 0.000000000000000000 ) ) ;
#570 = PLANE ( 'NONE',  #1791 ) ;
#571 = DIRECTION ( 'NONE',  ( -5.913830031739118501E-16, 0.000000000000000000, -1.000000000000000000 ) ) ;
#572 = ORIENTED_EDGE ( 'NONE', *, *, #3638, .T. ) ;
#573 = DIRECTION ( 'NONE',  ( -0.000000000000000000, -1.000000000000000000, -0.000000000000000000 ) ) ;
#574 = DIRECTION ( 'NONE',  ( 0.000000000000000000, -1.000000000000000000, 0.000000000000000000 ) ) ;
#575 = ORIENTED_EDGE ( 'NONE', *, *, #976, .T. ) ;
#576 = AXIS2_PLACEMENT_3D ( 'NONE', #3675, #424, #340 ) ;
#577 = CYLINDRICAL_SURFACE ( 'NONE', #3018, 0.1250000000000000000 ) ;
#578 = CARTESIAN_POINT ( 'NONE',  ( -0.4999999999999986122, 0.000000000000000000, -0.7750000000000004663 ) ) ;
#579 = ORIENTED_EDGE ( 'NONE', *, *, #880, .F. ) ;
#580 = CARTESIAN_POINT ( 'NONE',  ( 0.2750000000000004108, 0.5986990566028302929, -0.2499999999999998890 ) ) ;
#581 = DIRECTION ( 'NONE',  ( 0.000000000000000000, 0.000000000000000000, 1.000000000000000000 ) ) ;
#582 = AXIS2_PLACEMENT_3D ( 'NONE', #392, #61, #636 ) ;
#583 =( GEOMETRIC_REPRESENTATION_CONTEXT ( 3 ) GLOBAL_UNCERTAINTY_ASSIGNED_CONTEXT ( ( #3379 ) ) GLOBAL_UNIT_ASSIGNED_CONTEXT ( ( #1810, #2062, #2021 ) ) REPRESENTATION_CONTEXT ( 'NONE', 'WORKASPACE' ) );
#584 = CARTESIAN_POINT ( 'NONE',  ( -0.1249999999999983763, 0.1270000000000000018, 0.7750000000000004663 ) ) ;
#585 = DIRECTION ( 'NONE',  ( 0.000000000000000000, 0.000000000000000000, 1.000000000000000000 ) ) ;
#586 = ORIENTED_EDGE ( 'NONE', *, *, #2481, .F. ) ;
#587 = CARTESIAN_POINT ( 'NONE',  ( -0.2750000000000004108, 0.1270000000000000018, 0.1250000000000001110 ) ) ;
#588 = CARTESIAN_POINT ( 'NONE',  ( 0.5000000000000014433, 0.04999999999999999584, -0.7750000000000004663 ) ) ;
#589 = DIRECTION ( 'NONE',  ( 0.000000000000000000, -1.000000000000000000, 0.000000000000000000 ) ) ;
#590 = EDGE_CURVE ( 'NONE', #1193, #1341, #1412, .T. ) ;
#591 = VECTOR ( 'NONE', #2995, 1000.000000000000000 ) ;
#592 = VERTEX_POINT ( 'NONE', #308 ) ;
#593 = EDGE_CURVE ( 'NONE', #1548, #2368, #133, .T. ) ;
#594 = DIRECTION ( 'NONE',  ( 0.000000000000000000, 0.000000000000000000, 1.000000000000000000 ) ) ;
#595 = CARTESIAN_POINT ( 'NONE',  ( -0.8000000000000003775, 0.5986990566028302929, -0.1249999999999994588 ) ) ;
#596 = VECTOR ( 'NONE', #1616, 1000.000000000000000 ) ;
#597 = VERTEX_POINT ( 'NONE', #3596 ) ;
#598 = CARTESIAN_POINT ( 'NONE',  ( -0.4999999999999986122, 0.5986990566028304039, 0.6500000000000003553 ) ) ;
#599 = EDGE_CURVE ( 'NONE', #882, #1697, #290, .T. ) ;
#600 = LINE ( 'NONE', #3758, #1862 ) ;
#601 = EDGE_LOOP ( 'NONE', ( #2001, #40, #74, #3747, #3858 ) ) ;
#602 = CARTESIAN_POINT ( 'NONE',  ( -0.1249999999999985983, 0.000000000000000000, -1.050000000000000266 ) ) ;
#603 = DIRECTION ( 'NONE',  ( 1.000000000000000000, 0.000000000000000000, 0.000000000000000000 ) ) ;
#604 = FACE_OUTER_BOUND ( 'NONE', #2187, .T. ) ;
#605 =( NAMED_UNIT ( * ) SI_UNIT ( $, .STERADIAN. ) SOLID_ANGLE_UNIT ( ) );
#606 = VERTEX_POINT ( 'NONE', #2440 ) ;
#607 = CARTESIAN_POINT ( 'NONE',  ( 0.6250000000000018874, 0.5986990566028304039, 0.7750000000000004663 ) ) ;
#608 = CARTESIAN_POINT ( 'NONE',  ( 0.8000000000000003775, 0.5986990566028302929, 0.1250000000000001110 ) ) ;
#609 = DIRECTION ( 'NONE',  ( 0.000000000000000000, -1.000000000000000000, 0.000000000000000000 ) ) ;
#610 = VERTEX_POINT ( 'NONE', #2980 ) ;
#611 = ADVANCED_FACE ( 'NONE', ( #2816 ), #2978, .T. ) ;
#612 = CARTESIAN_POINT ( 'NONE',  ( 1.409462824231155764E-15, 0.04999999999999999584, 0.7750000000000004663 ) ) ;
#613 = PLANE ( 'NONE',  #186 ) ;
#614 = DIRECTION ( 'NONE',  ( 1.000000000000000000, 0.000000000000000000, 0.000000000000000000 ) ) ;
#615 = MECHANICAL_DESIGN_GEOMETRIC_PRESENTATION_REPRESENTATION (  '', ( #2845 ), #1576 ) ;
#616 = LINE ( 'NONE', #3454, #3234 ) ;
#617 = AXIS2_PLACEMENT_3D ( 'NONE', #2472, #3344, #3044 ) ;
#618 = ORIENTED_EDGE ( 'NONE', *, *, #3784, .F. ) ;
#619 = DIRECTION ( 'NONE',  ( -1.000000000000000000, 0.000000000000000000, -5.421010862427523156E-16 ) ) ;
#620 = CYLINDRICAL_SURFACE ( 'NONE', #3859, 0.1250000000000001110 ) ;
#621 = AXIS2_PLACEMENT_3D ( 'NONE', #550, #1508, #2036 ) ;
#622 = VERTEX_POINT ( 'NONE', #348 ) ;
#623 = DIRECTION ( 'NONE',  ( 1.000000000000000000, -0.000000000000000000, -0.000000000000000000 ) ) ;
#624 = AXIS2_PLACEMENT_3D ( 'NONE', #1902, #2553, #1373 ) ;
#625 = CARTESIAN_POINT ( 'NONE',  ( 0.3750000000000014433, 0.05000000000000012768, -1.050000000000000266 ) ) ;
#626 = VECTOR ( 'NONE', #1544, 1000.000000000000000 ) ;
#627 = LINE ( 'NONE', #1238, #633 ) ;
#628 = VERTEX_POINT ( 'NONE', #587 ) ;
#629 = EDGE_CURVE ( 'NONE', #2890, #1608, #1691, .T. ) ;
#630 = DIRECTION ( 'NONE',  ( 0.000000000000000000, -1.000000000000000000, 0.000000000000000000 ) ) ;
#631 = DIRECTION ( 'NONE',  ( 0.000000000000000000, 1.000000000000000000, 0.000000000000000000 ) ) ;
#632 = CARTESIAN_POINT ( 'NONE',  ( 0.8000000000000003775, 0.1270000000000000018, 0.3750000000000005551 ) ) ;
#633 = VECTOR ( 'NONE', #3625, 1000.000000000000000 ) ;
#634 = EDGE_CURVE ( 'NONE', #2439, #1059, #285, .T. ) ;
#635 = EDGE_LOOP ( 'NONE', ( #820, #3497, #1009, #3659 ) ) ;
#636 = DIRECTION ( 'NONE',  ( -1.000000000000000000, 0.000000000000000000, -5.421010862427523156E-16 ) ) ;
#637 = EDGE_CURVE ( 'NONE', #740, #3518, #1622, .T. ) ;
#638 = SURFACE_SIDE_STYLE ('',( #2052 ) ) ;
#639 = DIRECTION ( 'NONE',  ( -0.000000000000000000, -1.000000000000000000, -0.000000000000000000 ) ) ;
#640 = CIRCLE ( 'NONE', #2503, 0.1250000000000001110 ) ;
#641 = ADVANCED_FACE ( 'NONE', ( #1601 ), #2902, .T. ) ;
#642 = UNCERTAINTY_MEASURE_WITH_UNIT (LENGTH_MEASURE( 1.000000000000000082E-05 ), #1022, 'distance_accuracy_value', 'NONE');
#643 = ORIENTED_EDGE ( 'NONE', *, *, #780, .F. ) ;
#644 = ADVANCED_FACE ( 'NONE', ( #343 ), #368, .F. ) ;
#645 = EDGE_CURVE ( 'NONE', #927, #1479, #1573, .T. ) ;
#646 = VECTOR ( 'NONE', #1565, 1000.000000000000000 ) ;
#647 = DIRECTION ( 'NONE',  ( 1.000000000000000000, 0.000000000000000000, 0.000000000000000000 ) ) ;
#648 =( NAMED_UNIT ( * ) SI_UNIT ( $, .STERADIAN. ) SOLID_ANGLE_UNIT ( ) );
#649 = ORIENTED_EDGE ( 'NONE', *, *, #2565, .F. ) ;
#650 =( LENGTH_UNIT ( ) NAMED_UNIT ( * ) SI_UNIT ( .MILLI., .METRE. ) );
#651 = CARTESIAN_POINT ( 'NONE',  ( -0.4000000000000004108, 0.5986990566028302929, -0.3749999999999998890 ) ) ;
#652 = CIRCLE ( 'NONE', #1907, 0.07999999999999998779 ) ;
#653 = EDGE_CURVE ( 'NONE', #3494, #2216, #384, .T. ) ;
#654 = ORIENTED_EDGE ( 'NONE', *, *, #3830, .T. ) ;
#655 = CIRCLE ( 'NONE', #969, 0.1250000000000001110 ) ;
#656 = DIRECTION ( 'NONE',  ( 1.000000000000000000, 0.000000000000000000, -7.885106708985491992E-16 ) ) ;
#657 = DIRECTION ( 'NONE',  ( 0.000000000000000000, 0.000000000000000000, -1.000000000000000000 ) ) ;
#658 = SURFACE_STYLE_FILL_AREA ( #3704 ) ;
#659 = ORIENTED_EDGE ( 'NONE', *, *, #1626, .T. ) ;
#660 = CARTESIAN_POINT ( 'NONE',  ( 0.2750000000000002998, 0.1270000000000000018, 0.3750000000000003886 ) ) ;
#661 = LINE ( 'NONE', #1912, #1971 ) ;
#662 = STYLED_ITEM ( 'NONE', ( #3178 ), #1230 ) ;
#663 = CARTESIAN_POINT ( 'NONE',  ( -0.3749999999999982236, 0.1270000000000000018, 0.7750000000000004663 ) ) ;
#664 = CARTESIAN_POINT ( 'NONE',  ( 0.6250000000000015543, 0.1270000000000000018, 0.7750000000000004663 ) ) ;
#665 = DIRECTION ( 'NONE',  ( -0.000000000000000000, -1.000000000000000000, -0.000000000000000000 ) ) ;
#666 = ORIENTED_EDGE ( 'NONE', *, *, #406, .T. ) ;
#667 = LINE ( 'NONE', #1299, #701 ) ;
#668 = CARTESIAN_POINT ( 'NONE',  ( 0.6250000000000016653, 0.05000000000000012768, -1.050000000000000266 ) ) ;
#669 = EDGE_CURVE ( 'NONE', #2360, #1421, #1584, .T. ) ;
#670 = CARTESIAN_POINT ( 'NONE',  ( -0.2750000000000004108, 0.1270000000000000018, 0.1250000000000001110 ) ) ;
#671 = AXIS2_PLACEMENT_3D ( 'NONE', #2131, #1553, #3317 ) ;
#672 = CIRCLE ( 'NONE', #1079, 0.07999999999999998779 ) ;
#673 = CARTESIAN_POINT ( 'NONE',  ( -0.1500000000000003830, 0.5986990566028302929, -0.2499999999999991396 ) ) ;
#674 = ORIENTED_EDGE ( 'NONE', *, *, #3082, .T. ) ;
#676 = ADVANCED_FACE ( 'NONE', ( #1607, #1612 ), #3873, .T. ) ;
#675 = CARTESIAN_POINT ( 'NONE',  ( 0.2750000000000002998, 0.1270000000000000018, -0.1249999999999995975 ) ) ;
#677 = LINE ( 'NONE', #2363, #646 ) ;
#678 = ORIENTED_EDGE ( 'NONE', *, *, #1053, .T. ) ;
#679 = VECTOR ( 'NONE', #1344, 1000.000000000000000 ) ;
#680 = CARTESIAN_POINT ( 'NONE',  ( 0.3750000000000013323, 0.1270000000000000018, -0.7750000000000004663 ) ) ;
#681 = DIRECTION ( 'NONE',  ( 0.000000000000000000, -1.000000000000000000, 0.000000000000000000 ) ) ;
#682 = EDGE_CURVE ( 'NONE', #2356, #1206, #317, .T. ) ;
#683 = EDGE_LOOP ( 'NONE', ( #3422, #1524, #1848, #3134 ) ) ;
#684 = CARTESIAN_POINT ( 'NONE',  ( 0.6250000000000018874, 0.5986990566028304039, 1.050000000000000266 ) ) ;
#685 = DIRECTION ( 'NONE',  ( 0.000000000000000000, -1.000000000000000000, 0.000000000000000000 ) ) ;
#686 = LINE ( 'NONE', #2756, #730 ) ;
#687 = DIRECTION ( 'NONE',  ( -1.000000000000000000, 0.000000000000000000, -2.710505431213761578E-16 ) ) ;
#688 = EDGE_CURVE ( 'NONE', #3205, #2599, #1684, .T. ) ;
#689 = PLANE ( 'NONE',  #395 ) ;
#690 = CARTESIAN_POINT ( 'NONE',  ( -0.1249999999999983763, 0.1270000000000000018, 0.7750000000000004663 ) ) ;
#691 = ORIENTED_EDGE ( 'NONE', *, *, #1588, .F. ) ;
#692 = FACE_OUTER_BOUND ( 'NONE', #1724, .T. ) ;
#693 = PRODUCT ( 'USB3740B-AI9-TR', 'USB3740B-AI9-TR', '', ( #3624 ) ) ;
#694 = CARTESIAN_POINT ( 'NONE',  ( 0.7999999999999997113, 0.05000000000000000278, -1.050000000000000266 ) ) ;
#695 = DIRECTION ( 'NONE',  ( 0.000000000000000000, -0.000000000000000000, 1.000000000000000000 ) ) ;
#696 = SURFACE_STYLE_FILL_AREA ( #1787 ) ;
#697 = DIRECTION ( 'NONE',  ( -1.971276677246372752E-16, -0.000000000000000000, -1.000000000000000000 ) ) ;
#698 = ORIENTED_EDGE ( 'NONE', *, *, #1600, .T. ) ;
#699 = SURFACE_STYLE_USAGE ( .BOTH. , #1839 ) ;
#700 = DIRECTION ( 'NONE',  ( 0.000000000000000000, 1.000000000000000000, 0.000000000000000000 ) ) ;
#701 = VECTOR ( 'NONE', #3444, 1000.000000000000000 ) ;
#702 = CARTESIAN_POINT ( 'NONE',  ( 0.2750000000000002998, 0.000000000000000000, -0.1249999999999996253 ) ) ;
#703 = AXIS2_PLACEMENT_3D ( 'NONE', #2922, #2686, #502 ) ;
#704 = ORIENTED_EDGE ( 'NONE', *, *, #3201, .T. ) ;
#705 = ADVANCED_FACE ( 'NONE', ( #390 ), #379, .T. ) ;
#706 = SURFACE_STYLE_FILL_AREA ( #2177 ) ;
#707 = CARTESIAN_POINT ( 'NONE',  ( -0.4999999999999986122, 0.1270000000000000018, 0.7750000000000004663 ) ) ;
#708 = DIRECTION ( 'NONE',  ( -0.000000000000000000, -1.000000000000000000, -0.000000000000000000 ) ) ;
#709 = AXIS2_PLACEMENT_3D ( 'NONE', #2555, #2887, #1404 ) ;
#710 = ORIENTED_EDGE ( 'NONE', *, *, #894, .T. ) ;
#711 = DIRECTION ( 'NONE',  ( 1.000000000000000000, -0.000000000000000000, -0.000000000000000000 ) ) ;
#712 = AXIS2_PLACEMENT_3D ( 'NONE', #334, #2149, #93 ) ;
#713 = DIRECTION ( 'NONE',  ( 0.000000000000000000, 1.000000000000000000, -0.000000000000000000 ) ) ;
#714 = LINE ( 'NONE', #1773, #626 ) ;
#715 =( NAMED_UNIT ( * ) PLANE_ANGLE_UNIT ( ) SI_UNIT ( $, .RADIAN. ) );
#716 = CARTESIAN_POINT ( 'NONE',  ( -0.6249999999999983347, 0.000000000000000000, 0.7750000000000004663 ) ) ;
#717 = CARTESIAN_POINT ( 'NONE',  ( 0.1250000000000018041, 0.1270000000000000018, -0.7750000000000004663 ) ) ;
#718 = CIRCLE ( 'NONE', #2662, 0.1250000000000000000 ) ;
#719 = ORIENTED_EDGE ( 'NONE', *, *, #1207, .F. ) ;
#720 = EDGE_CURVE ( 'NONE', #2519, #2599, #338, .T. ) ;
#721 = FACE_OUTER_BOUND ( 'NONE', #150, .T. ) ;
#722 = CARTESIAN_POINT ( 'NONE',  ( -0.8000000000000001554, 3.840075756488817493, 1.050000000000000044 ) ) ;
#723 = CARTESIAN_POINT ( 'NONE',  ( 0.1500000000000003830, 0.5986990566028302929, 0.2500000000000001110 ) ) ;
#724 = FACE_OUTER_BOUND ( 'NONE', #2644, .T. ) ;
#725 = EDGE_LOOP ( 'NONE', ( #2552, #1333, #831, #3392, #2203 ) ) ;
#726 = CARTESIAN_POINT ( 'NONE',  ( -0.6222222222222223431, 0.4999999999999998890, -0.9522222222222224142 ) ) ;
#727 = CARTESIAN_POINT ( 'NONE',  ( -0.8000000000000003775, 0.1270000000000000018, -0.3749999999999998890 ) ) ;
#728 = EDGE_CURVE ( 'NONE', #1454, #525, #329, .T. ) ;
#729 = DIRECTION ( 'NONE',  ( -0.7071067811865464625, -0.000000000000000000, -0.7071067811865486830 ) ) ;
#730 = VECTOR ( 'NONE', #846, 1000.000000000000000 ) ;
#731 =( GEOMETRIC_REPRESENTATION_CONTEXT ( 3 ) GLOBAL_UNCERTAINTY_ASSIGNED_CONTEXT ( ( #1374 ) ) GLOBAL_UNIT_ASSIGNED_CONTEXT ( ( #2876, #173, #1658 ) ) REPRESENTATION_CONTEXT ( 'NONE', 'WORKASPACE' ) );
#732 = CARTESIAN_POINT ( 'NONE',  ( -0.1249999999999986955, 0.1270000000000000018, -0.7750000000000004663 ) ) ;
#733 = LINE ( 'NONE', #2387, #3342 ) ;
#734 = ORIENTED_EDGE ( 'NONE', *, *, #1213, .T. ) ;
#735 = EDGE_CURVE ( 'NONE', #757, #2890, #331, .T. ) ;
#736 = FACE_OUTER_BOUND ( 'NONE', #3058, .T. ) ;
#737 = PLANE ( 'NONE',  #1830 ) ;
#738 = CARTESIAN_POINT ( 'NONE',  ( -0.4999999999999986122, 0.5986990566028304039, -0.7750000000000004663 ) ) ;
#739 = FACE_OUTER_BOUND ( 'NONE', #2502, .T. ) ;
#740 = VERTEX_POINT ( 'NONE', #2866 ) ;
#741 = CARTESIAN_POINT ( 'NONE',  ( 1.409462824231155764E-15, 0.000000000000000000, 0.7750000000000004663 ) ) ;
#742 = LINE ( 'NONE', #183, #3319 ) ;
#743 = DIRECTION ( 'NONE',  ( 1.000000000000000000, 0.000000000000000000, 5.421010862427523156E-16 ) ) ;
#745 = EDGE_CURVE ( 'NONE', #920, #927, #1670, .T. ) ;
#744 = CARTESIAN_POINT ( 'NONE',  ( -0.4999999999999986122, 0.1270000000000000018, -0.7750000000000004663 ) ) ;
#746 = DIRECTION ( 'NONE',  ( -0.000000000000000000, -1.000000000000000000, -0.000000000000000000 ) ) ;
#747 = LINE ( 'NONE', #3207, #1974 ) ;
#748 = ORIENTED_EDGE ( 'NONE', *, *, #2785, .F. ) ;
#749 = DIRECTION ( 'NONE',  ( -0.000000000000000000, -0.000000000000000000, 1.000000000000000000 ) ) ;
#750 = LINE ( 'NONE', #1947, #3464 ) ;
#751 = PLANE ( 'NONE',  #3217 ) ;
#752 = VERTEX_POINT ( 'NONE', #761 ) ;
#753 = CARTESIAN_POINT ( 'NONE',  ( -0.3749999999999982236, 0.5986990566028304039, 0.7750000000000004663 ) ) ;
#754 = VECTOR ( 'NONE', #3238, 1000.000000000000000 ) ;
#755 = AXIS2_PLACEMENT_3D ( 'NONE', #1358, #3332, #2214 ) ;
#756 = CARTESIAN_POINT ( 'NONE',  ( -0.8000000000000001554, 0.05000000000000000278, 1.050000000000000044 ) ) ;
#757 = VERTEX_POINT ( 'NONE', #3467 ) ;
#758 = FACE_OUTER_BOUND ( 'NONE', #2086, .T. ) ;
#759 = DIRECTION ( 'NONE',  ( -0.000000000000000000, 1.000000000000000000, -0.000000000000000000 ) ) ;
#760 = AXIS2_PLACEMENT_3D ( 'NONE', #1795, #1757, #3590 ) ;
#761 = CARTESIAN_POINT ( 'NONE',  ( -0.6249999999999983347, 0.1270000000000000018, 1.050000000000000266 ) ) ;
#762 = AXIS2_PLACEMENT_3D ( 'NONE', #2304, #362, #1817 ) ;
#763 = VECTOR ( 'NONE', #1289, 1000.000000000000000 ) ;
#764 = VERTEX_POINT ( 'NONE', #3768 ) ;
#765 = DIRECTION ( 'NONE',  ( -0.000000000000000000, -1.000000000000000000, -0.000000000000000000 ) ) ;
#766 = DIRECTION ( 'NONE',  ( -1.000000000000000000, 0.000000000000000000, 5.421010862427523156E-16 ) ) ;
#767 = LINE ( 'NONE', #3734, #796 ) ;
#768 = EDGE_CURVE ( 'NONE', #2838, #1092, #2936, .T. ) ;
#769 = CARTESIAN_POINT ( 'NONE',  ( 0.2750000000000004108, 0.05000000000000002359, 0.2500000000000003886 ) ) ;
#770 = CARTESIAN_POINT ( 'NONE',  ( 0.1500000000000003830, 0.000000000000000000, 0.2500000000000001110 ) ) ;
#771 = ORIENTED_EDGE ( 'NONE', *, *, #2126, .T. ) ;
#772 = ADVANCED_FACE ( 'NONE', ( #1676 ), #3797, .T. ) ;
#773 = VECTOR ( 'NONE', #1052, 1000.000000000000000 ) ;
#774 = CARTESIAN_POINT ( 'NONE',  ( -0.2750000000000005218, 0.5986990566028302929, -0.3749999999999998890 ) ) ;
#775 = EDGE_CURVE ( 'NONE', #3593, #2519, #2993, .T. ) ;
#776 = LINE ( 'NONE', #2442, #2084 ) ;
#777 = EDGE_LOOP ( 'NONE', ( #386, #1190, #3799, #3665 ) ) ;
#778 = PLANE ( 'NONE',  #1940 ) ;
#779 = CARTESIAN_POINT ( 'NONE',  ( 1.409462824231155764E-15, 0.000000000000000000, -0.7750000000000004663 ) ) ;
#780 = EDGE_CURVE ( 'NONE', #1093, #2412, #305, .T. ) ;
#781 = LINE ( 'NONE', #389, #2095 ) ;
#782 = VERTEX_POINT ( 'NONE', #2648 ) ;
#783 = VECTOR ( 'NONE', #743, 1000.000000000000000 ) ;
#784 = CARTESIAN_POINT ( 'NONE',  ( 0.3750000000000016098, 0.5986990566028304039, 0.7750000000000004663 ) ) ;
#785 = CARTESIAN_POINT ( 'NONE',  ( 0.2750000000000004108, 0.1270000000000000018, -0.2499999999999996392 ) ) ;
#786 = VECTOR ( 'NONE', #211, 1000.000000000000000 ) ;
#787 = ORIENTED_EDGE ( 'NONE', *, *, #3560, .F. ) ;
#788 = DIRECTION ( 'NONE',  ( -0.000000000000000000, -1.000000000000000000, -0.000000000000000000 ) ) ;
#789 = EDGE_CURVE ( 'NONE', #3753, #829, #1636, .T. ) ;
#790 = DIRECTION ( 'NONE',  ( 0.000000000000000000, 1.000000000000000000, 0.000000000000000000 ) ) ;
#791 = ORIENTED_EDGE ( 'NONE', *, *, #1520, .T. ) ;
#792 = PLANE ( 'NONE',  #3170 ) ;
#793 = FACE_OUTER_BOUND ( 'NONE', #2979, .T. ) ;
#794 = ORIENTED_EDGE ( 'NONE', *, *, #789, .T. ) ;
#795 = ORIENTED_EDGE ( 'NONE', *, *, #206, .T. ) ;
#796 = VECTOR ( 'NONE', #1425, 1000.000000000000000 ) ;
#797 = LINE ( 'NONE', #1559, #763 ) ;
#798 = AXIS2_PLACEMENT_3D ( 'NONE', #2168, #369, #3084 ) ;
#799 = CARTESIAN_POINT ( 'NONE',  ( 0.4000000000000004108, 0.5986990566028302929, 0.3750000000000003331 ) ) ;
#800 = ORIENTED_EDGE ( 'NONE', *, *, #3285, .F. ) ;
#802 = ADVANCED_FACE ( 'NONE', ( #2942 ), #356, .T. ) ;
#801 = DIRECTION ( 'NONE',  ( 0.000000000000000000, -1.000000000000000000, 0.000000000000000000 ) ) ;
#803 = ORIENTED_EDGE ( 'NONE', *, *, #1611, .T. ) ;
#804 = AXIS2_PLACEMENT_3D ( 'NONE', #2289, #261, #1067 ) ;
#805 = DIRECTION ( 'NONE',  ( 0.000000000000000000, 0.000000000000000000, 1.000000000000000000 ) ) ;
#806 = DIRECTION ( 'NONE',  ( 0.000000000000000000, 0.000000000000000000, -1.000000000000000000 ) ) ;
#807 = FACE_OUTER_BOUND ( 'NONE', #3391, .T. ) ;
#808 = ADVANCED_FACE ( 'NONE', ( #1642 ), #350, .T. ) ;
#809 = ORIENTED_EDGE ( 'NONE', *, *, #148, .F. ) ;
#810 = CARTESIAN_POINT ( 'NONE',  ( 0.2750000000000004108, 0.5986990566028302929, 0.2500000000000003886 ) ) ;
#811 = VECTOR ( 'NONE', #1264, 1000.000000000000000 ) ;
#812 = ORIENTED_EDGE ( 'NONE', *, *, #2837, .T. ) ;
#813 = AXIS2_PLACEMENT_3D ( 'NONE', #1436, #185, #454 ) ;
#814 = ORIENTED_EDGE ( 'NONE', *, *, #53, .T. ) ;
#815 = AXIS2_PLACEMENT_3D ( 'NONE', #707, #1041, #594 ) ;
#816 = PLANE ( 'NONE',  #435 ) ;
#817 = DIRECTION ( 'NONE',  ( -0.000000000000000000, 1.000000000000000000, -0.000000000000000000 ) ) ;
#818 = DIRECTION ( 'NONE',  ( -0.000000000000000000, -1.000000000000000000, -0.000000000000000000 ) ) ;
#819 = EDGE_LOOP ( 'NONE', ( #858, #3867, #1320, #935 ) ) ;
#820 = ORIENTED_EDGE ( 'NONE', *, *, #2154, .T. ) ;
#821 = DIRECTION ( 'NONE',  ( 1.000000000000000000, 0.000000000000000000, -0.000000000000000000 ) ) ;
#822 = ORIENTED_EDGE ( 'NONE', *, *, #1555, .F. ) ;
#823 = CARTESIAN_POINT ( 'NONE',  ( 0.3750000000000013323, 0.1270000000000000018, -0.7750000000000004663 ) ) ;
#824 = EDGE_CURVE ( 'NONE', #2361, #2217, #2888, .T. ) ;
#825 = CARTESIAN_POINT ( 'NONE',  ( 1.409462824231155764E-15, 0.1270000000000000018, 0.7750000000000004663 ) ) ;
#826 = ORIENTED_EDGE ( 'NONE', *, *, #3066, .F. ) ;
#827 = DIRECTION ( 'NONE',  ( 0.000000000000000000, 0.000000000000000000, -1.000000000000000000 ) ) ;
#828 = LINE ( 'NONE', #2199, #786 ) ;
#829 = VERTEX_POINT ( 'NONE', #2587 ) ;
#830 = EDGE_CURVE ( 'NONE', #3108, #3494, #2954, .T. ) ;
#831 = ORIENTED_EDGE ( 'NONE', *, *, #1588, .T. ) ;
#832 = VECTOR ( 'NONE', #2685, 1000.000000000000000 ) ;
#833 = EDGE_CURVE ( 'NONE', #3, #1788, #2961, .T. ) ;
#834 = CARTESIAN_POINT ( 'NONE',  ( 0.7999999999999997113, 0.5999999999999998668, 1.050000000000000044 ) ) ;
#835 = VECTOR ( 'NONE', #3298, 1000.000000000000000 ) ;
#836 = ORIENTED_EDGE ( 'NONE', *, *, #2970, .F. ) ;
#837 = DIRECTION ( 'NONE',  ( -1.000000000000000000, 0.000000000000000000, 1.971276677246372752E-16 ) ) ;
#838 = ORIENTED_EDGE ( 'NONE', *, *, #3490, .F. ) ;
#839 = CIRCLE ( 'NONE', #804, 0.1250000000000001110 ) ;
#840 = EDGE_CURVE ( 'NONE', #2562, #2890, #1656, .T. ) ;
#841 = UNCERTAINTY_MEASURE_WITH_UNIT (LENGTH_MEASURE( 1.000000000000000082E-05 ), #1227, 'distance_accuracy_value', 'NONE');
#842 = VERTEX_POINT ( 'NONE', #537 ) ;
#843 = ORIENTED_EDGE ( 'NONE', *, *, #1879, .F. ) ;
#844 = ADVANCED_FACE ( 'NONE', ( #371 ), #3169, .F. ) ;
#845 = ORIENTED_EDGE ( 'NONE', *, *, #3075, .T. ) ;
#846 = DIRECTION ( 'NONE',  ( 0.000000000000000000, -1.000000000000000000, 0.000000000000000000 ) ) ;
#847 = CARTESIAN_POINT ( 'NONE',  ( 0.2750000000000004108, 0.5986990566028302929, 0.2500000000000001110 ) ) ;
#848 = ADVANCED_FACE ( 'NONE', ( #1664 ), #3742, .F. ) ;
#849 = EDGE_LOOP ( 'NONE', ( #1301, #3525, #2090, #3484 ) ) ;
#850 = EDGE_CURVE ( 'NONE', #606, #2212, #2973, .T. ) ;
#851 = ORIENTED_EDGE ( 'NONE', *, *, #155, .F. ) ;
#852 = ORIENTED_EDGE ( 'NONE', *, *, #3394, .T. ) ;
#853 = CARTESIAN_POINT ( 'NONE',  ( 1.409462824231155764E-15, 0.1270000000000000018, -0.7750000000000004663 ) ) ;
#854 = CARTESIAN_POINT ( 'NONE',  ( 0.1500000000000003830, 0.1270000000000000018, -0.2499999999999998890 ) ) ;
#855 = CARTESIAN_POINT ( 'NONE',  ( -0.6249999999999983347, 0.1270000000000000018, 0.7750000000000004663 ) ) ;
#856 = LINE ( 'NONE', #3196, #872 ) ;
#857 = ORIENTED_EDGE ( 'NONE', *, *, #1291, .T. ) ;
#858 = ORIENTED_EDGE ( 'NONE', *, *, #3522, .T. ) ;
#859 = LINE ( 'NONE', #1257, #3400 ) ;
#860 = AXIS2_PLACEMENT_3D ( 'NONE', #2772, #110, #3103 ) ;
#861 =( NAMED_UNIT ( * ) SI_UNIT ( $, .STERADIAN. ) SOLID_ANGLE_UNIT ( ) );
#862 = AXIS2_PLACEMENT_3D ( 'NONE', #2721, #3252, #27 ) ;
#863 = ORIENTED_EDGE ( 'NONE', *, *, #720, .F. ) ;
#864 = VECTOR ( 'NONE', #3739, 1000.000000000000000 ) ;
#865 = ORIENTED_EDGE ( 'NONE', *, *, #3684, .T. ) ;
#866 = PLANE ( 'NONE',  #3294 ) ;
#867 = EDGE_LOOP ( 'NONE', ( #2123, #814, #3468, #2747 ) ) ;
#868 = CARTESIAN_POINT ( 'NONE',  ( -0.4999999999999986122, 0.1270000000000000018, 0.7750000000000004663 ) ) ;
#869 = EDGE_CURVE ( 'NONE', #3793, #1150, #1783, .T. ) ;
#870 = ADVANCED_FACE ( 'NONE', ( #422 ), #1834, .F. ) ;
#871 = ORIENTED_EDGE ( 'NONE', *, *, #1720, .T. ) ;
#872 = VECTOR ( 'NONE', #3854, 1000.000000000000000 ) ;
#873 =( GEOMETRIC_REPRESENTATION_CONTEXT ( 3 ) GLOBAL_UNCERTAINTY_ASSIGNED_CONTEXT ( ( #1755 ) ) GLOBAL_UNIT_ASSIGNED_CONTEXT ( ( #266, #1402, #515 ) ) REPRESENTATION_CONTEXT ( 'NONE', 'WORKASPACE' ) );
#874 = EDGE_LOOP ( 'NONE', ( #3264, #49, #748, #2097, #3278 ) ) ;
#875 = VERTEX_POINT ( 'NONE', #119 ) ;
#876 = CYLINDRICAL_SURFACE ( 'NONE', #2676, 0.07999999999999998779 ) ;
#877 = CARTESIAN_POINT ( 'NONE',  ( -0.6249999999999986677, 0.1270000000000000018, -0.7750000000000004663 ) ) ;
#878 = CARTESIAN_POINT ( 'NONE',  ( 1.409462824231155764E-15, 0.1270000000000000018, -0.7750000000000004663 ) ) ;
#879 = VERTEX_POINT ( 'NONE', #3552 ) ;
#880 = EDGE_CURVE ( 'NONE', #115, #1214, #1802, .T. ) ;
#881 = VERTEX_POINT ( 'NONE', #2757 ) ;
#882 = VERTEX_POINT ( 'NONE', #2451 ) ;
#883 = DIRECTION ( 'NONE',  ( 0.000000000000000000, 1.000000000000000000, 0.000000000000000000 ) ) ;
#884 = LINE ( 'NONE', #3202, #832 ) ;
#885 = ORIENTED_EDGE ( 'NONE', *, *, #287, .F. ) ;
#886 = DIRECTION ( 'NONE',  ( -0.000000000000000000, -1.000000000000000000, -0.000000000000000000 ) ) ;
#887 = LINE ( 'NONE', #3795, #864 ) ;
#888 = EDGE_CURVE ( 'NONE', #555, #3567, #432, .T. ) ;
#889 = CARTESIAN_POINT ( 'NONE',  ( 0.2750000000000004108, 0.05000000000000002359, -0.3749999999999998890 ) ) ;
#890 = EDGE_LOOP ( 'NONE', ( #3824, #318, #2383, #1613 ) ) ;
#891 = ORIENTED_EDGE ( 'NONE', *, *, #1405, .T. ) ;
#892 = CIRCLE ( 'NONE', #1796, 0.1250000000000001110 ) ;
#893 = DIRECTION ( 'NONE',  ( -0.000000000000000000, 0.000000000000000000, -1.000000000000000000 ) ) ;
#894 = EDGE_CURVE ( 'NONE', #592, #2951, #478, .T. ) ;
#895 = DIRECTION ( 'NONE',  ( 7.885106708985491006E-16, -0.000000000000000000, 1.000000000000000000 ) ) ;
#896 = ORIENTED_EDGE ( 'NONE', *, *, #3004, .F. ) ;
#897 = DIRECTION ( 'NONE',  ( -7.885106708985491992E-16, 0.000000000000000000, -1.000000000000000000 ) ) ;
#898 = VERTEX_POINT ( 'NONE', #3329 ) ;
#899 = UNCERTAINTY_MEASURE_WITH_UNIT (LENGTH_MEASURE( 1.000000000000000082E-05 ), #3020, 'distance_accuracy_value', 'NONE');
#900 = DIRECTION ( 'NONE',  ( -0.000000000000000000, 1.000000000000000000, -0.000000000000000000 ) ) ;
#901 = LINE ( 'NONE', #3054, #2080 ) ;
#902 = ORIENTED_EDGE ( 'NONE', *, *, #1695, .F. ) ;
#903 = ORIENTED_EDGE ( 'NONE', *, *, #3765, .T. ) ;
#904 = ORIENTED_EDGE ( 'NONE', *, *, #206, .F. ) ;
#905 = FACE_OUTER_BOUND ( 'NONE', #2393, .T. ) ;
#906 = CARTESIAN_POINT ( 'NONE',  ( -0.6222222222222223431, 0.4999999999999998890, -0.8722222222222224541 ) ) ;
#907 = DIRECTION ( 'NONE',  ( 0.000000000000000000, 0.000000000000000000, -1.000000000000000000 ) ) ;
#908 = ADVANCED_FACE ( 'NONE', ( #3010 ), #2924, .T. ) ;
#909 = EDGE_LOOP ( 'NONE', ( #535, #1557, #210, #3200 ) ) ;
#910 = VERTEX_POINT ( 'NONE', #1023 ) ;
#911 = STYLED_ITEM ( 'NONE', ( #2536 ), #3261 ) ;
#912 = LINE ( 'NONE', #178, #2204 ) ;
#913 = SURFACE_STYLE_USAGE ( .BOTH. , #967 ) ;
#914 = ORIENTED_EDGE ( 'NONE', *, *, #1882, .F. ) ;
#915 = ORIENTED_EDGE ( 'NONE', *, *, #528, .F. ) ;
#916 = AXIS2_PLACEMENT_3D ( 'NONE', #1989, #3116, #227 ) ;
#917 = ORIENTED_EDGE ( 'NONE', *, *, #1207, .T. ) ;
#918 = FACE_OUTER_BOUND ( 'NONE', #777, .T. ) ;
#919 = ORIENTED_EDGE ( 'NONE', *, *, #1720, .F. ) ;
#920 = VERTEX_POINT ( 'NONE', #1736 ) ;
#921 = CARTESIAN_POINT ( 'NONE',  ( -0.2750000000000000777, 0.05000000000000000278, -0.3749999999999998890 ) ) ;
#922 = VERTEX_POINT ( 'NONE', #2150 ) ;
#923 = PLANE ( 'NONE',  #180 ) ;
#924 = EDGE_CURVE ( 'NONE', #949, #2668, #400, .T. ) ;
#925 = VERTEX_POINT ( 'NONE', #221 ) ;
#926 = ORIENTED_EDGE ( 'NONE', *, *, #2010, .T. ) ;
#927 = VERTEX_POINT ( 'NONE', #770 ) ;
#928 = VECTOR ( 'NONE', #609, 1000.000000000000000 ) ;
#929 = EDGE_CURVE ( 'NONE', #1341, #1479, #3034, .T. ) ;
#930 = DIRECTION ( 'NONE',  ( 0.000000000000000000, 1.000000000000000000, 0.000000000000000000 ) ) ;
#931 = CARTESIAN_POINT ( 'NONE',  ( 0.6250000000000018874, 0.1270000000000000018, 0.7750000000000004663 ) ) ;
#932 = CARTESIAN_POINT ( 'NONE',  ( 0.1250000000000015266, 0.5986990566028304039, 0.7750000000000004663 ) ) ;
#933 = ORIENTED_EDGE ( 'NONE', *, *, #479, .T. ) ;
#934 = ORIENTED_EDGE ( 'NONE', *, *, #850, .T. ) ;
#935 = ORIENTED_EDGE ( 'NONE', *, *, #199, .T. ) ;
#936 = CARTESIAN_POINT ( 'NONE',  ( 0.1250000000000016376, 0.5986990566028304039, -1.050000000000000266 ) ) ;
#937 = LINE ( 'NONE', #1581, #2238 ) ;
#938 = EDGE_CURVE ( 'NONE', #991, #372, #455, .T. ) ;
#939 = CARTESIAN_POINT ( 'NONE',  ( -0.4999999999999986122, 0.000000000000000000, 0.6500000000000003553 ) ) ;
#940 = ORIENTED_EDGE ( 'NONE', *, *, #332, .T. ) ;
#941 = DIRECTION ( 'NONE',  ( -1.000000000000000000, 0.000000000000000000, 0.000000000000000000 ) ) ;
#942 = DIRECTION ( 'NONE',  ( 0.000000000000000000, 0.000000000000000000, -1.000000000000000000 ) ) ;
#943 = ORIENTED_EDGE ( 'NONE', *, *, #337, .F. ) ;
#944 = CIRCLE ( 'NONE', #548, 0.1250000000000001110 ) ;
#945 = DIRECTION ( 'NONE',  ( -0.000000000000000000, -1.000000000000000000, 0.000000000000000000 ) ) ;
#946 = EDGE_LOOP ( 'NONE', ( #3825, #56, #3398, #1944 ) ) ;
#947 = EDGE_CURVE ( 'NONE', #1499, #3503, #3030, .T. ) ;
#948 = CARTESIAN_POINT ( 'NONE',  ( 1.409462824231155764E-15, 0.1270000000000000018, -0.7750000000000004663 ) ) ;
#949 = VERTEX_POINT ( 'NONE', #717 ) ;
#950 = DIRECTION ( 'NONE',  ( 0.000000000000000000, -1.000000000000000000, 0.000000000000000000 ) ) ;
#951 = ORIENTED_EDGE ( 'NONE', *, *, #2642, .F. ) ;
#952 = CARTESIAN_POINT ( 'NONE',  ( 0.7999999999999997113, 0.05000000000000000278, 1.050000000000000044 ) ) ;
#953 = LINE ( 'NONE', #1995, #965 ) ;
#954 = VERTEX_POINT ( 'NONE', #249 ) ;
#955 = PLANE ( 'NONE',  #1867 ) ;
#956 = ORIENTED_EDGE ( 'NONE', *, *, #1808, .F. ) ;
#957 = ORIENTED_EDGE ( 'NONE', *, *, #3359, .F. ) ;
#958 = CIRCLE ( 'NONE', #1442, 0.1250000000000000000 ) ;
#959 = CARTESIAN_POINT ( 'NONE',  ( 0.7999999999999997113, 0.5999999999999998668, 1.050000000000000044 ) ) ;
#960 = DIRECTION ( 'NONE',  ( 0.000000000000000000, 0.000000000000000000, -1.000000000000000000 ) ) ;
#961 = AXIS2_PLACEMENT_3D ( 'NONE', #355, #2335, #2682 ) ;
#962 = EDGE_LOOP ( 'NONE', ( #3399, #2669 ) ) ;
#963 = ORIENTED_EDGE ( 'NONE', *, *, #3469, .T. ) ;
#964 = ORIENTED_EDGE ( 'NONE', *, *, #1037, .F. ) ;
#965 = VECTOR ( 'NONE', #2605, 1000.000000000000000 ) ;
#966 = AXIS2_PLACEMENT_3D ( 'NONE', #1933, #746, #3157 ) ;
#967 = SURFACE_SIDE_STYLE ('',( #2595 ) ) ;
#968 = ORIENTED_EDGE ( 'NONE', *, *, #3522, .F. ) ;
#969 = AXIS2_PLACEMENT_3D ( 'NONE', #480, #1609, #3775 ) ;
#970 = CARTESIAN_POINT ( 'NONE',  ( -0.3749999999999985012, 0.000000000000000000, 0.7750000000000004663 ) ) ;
#971 = VERTEX_POINT ( 'NONE', #420 ) ;
#972 = ORIENTED_EDGE ( 'NONE', *, *, #1669, .T. ) ;
#973 = FACE_OUTER_BOUND ( 'NONE', #909, .T. ) ;
#974 = ADVANCED_FACE ( 'NONE', ( #3081 ), #2827, .F. ) ;
#975 = VERTEX_POINT ( 'NONE', #2210 ) ;
#976 = EDGE_CURVE ( 'NONE', #1162, #1719, #1807, .T. ) ;
#977 = ORIENTED_EDGE ( 'NONE', *, *, #3877, .T. ) ;
#978 = CARTESIAN_POINT ( 'NONE',  ( 0.5000000000000014433, 0.000000000000000000, -0.7750000000000004663 ) ) ;
#979 = ORIENTED_EDGE ( 'NONE', *, *, #3461, .T. ) ;
#980 = CARTESIAN_POINT ( 'NONE',  ( 0.6250000000000018874, 0.1270000000000000018, -0.7750000000000004663 ) ) ;
#981 = VECTOR ( 'NONE', #1922, 1000.000000000000000 ) ;
#982 = ORIENTED_EDGE ( 'NONE', *, *, #3784, .T. ) ;
#983 = DIRECTION ( 'NONE',  ( 0.000000000000000000, -1.000000000000000000, 0.000000000000000000 ) ) ;
#984 = CARTESIAN_POINT ( 'NONE',  ( 1.409462824231155764E-15, 0.5986990566028304039, 0.7750000000000004663 ) ) ;
#985 = VERTEX_POINT ( 'NONE', #3722 ) ;
#986 = ORIENTED_EDGE ( 'NONE', *, *, #385, .T. ) ;
#987 = VECTOR ( 'NONE', #2254, 1000.000000000000000 ) ;
#988 = PLANE ( 'NONE',  #3258 ) ;
#989 = CARTESIAN_POINT ( 'NONE',  ( 0.8000000000000003775, 0.1270000000000000018, -0.1249999999999994588 ) ) ;
#990 = CARTESIAN_POINT ( 'NONE',  ( 0.5000000000000014433, 0.5986990566028304039, 0.7750000000000004663 ) ) ;
#991 = VERTEX_POINT ( 'NONE', #3807 ) ;
#992 = EDGE_CURVE ( 'NONE', #1885, #1391, #3006, .T. ) ;
#993 = CLOSED_SHELL ( 'NONE', ( #1977, #1366, #2909, #2352, #2007, #3801, #543, #2230, #2453, #676, #2680, #2558, #1675, #314, #497, #1106, #908, #3240, #2820, #3662, #2709, #412, #2314, #3072, #2634, #2945, #2879, #3002, #2673, #1099, #1645, #2790, #3180, #441, #3875, #3315, #1887, #3152, #3410, #159, #1939, #295, #1707, #772, #2191, #1441, #3841, #3564, #1498, #223, #2523, #3005, #258, #96, #1837, #3312 ) ) ;
#994 = ORIENTED_EDGE ( 'NONE', *, *, #3113, .T. ) ;
#995 = DIRECTION ( 'NONE',  ( 1.971276677246372998E-16, -0.000000000000000000, 1.000000000000000000 ) ) ;
#996 = VECTOR ( 'NONE', #806, 1000.000000000000000 ) ;
#997 = EDGE_CURVE ( 'NONE', #3579, #1608, #1701, .T. ) ;
#998 = CARTESIAN_POINT ( 'NONE',  ( 0.6250000000000018874, 0.000000000000000000, 1.050000000000000266 ) ) ;
#999 = ORIENTED_EDGE ( 'NONE', *, *, #2778, .F. ) ;
#1000 = DIRECTION ( 'NONE',  ( -1.000000000000000000, 0.000000000000000000, -2.710505431213761578E-16 ) ) ;
#1001 = DIRECTION ( 'NONE',  ( 0.000000000000000000, 0.000000000000000000, -1.000000000000000000 ) ) ;
#1002 = VECTOR ( 'NONE', #2897, 1000.000000000000000 ) ;
#1003 = ORIENTED_EDGE ( 'NONE', *, *, #1960, .T. ) ;
#1004 = ORIENTED_EDGE ( 'NONE', *, *, #2822, .T. ) ;
#1005 = VERTEX_POINT ( 'NONE', #3409 ) ;
#1006 = FACE_OUTER_BOUND ( 'NONE', #849, .T. ) ;
#1007 = ORIENTED_EDGE ( 'NONE', *, *, #992, .F. ) ;
#1008 = CARTESIAN_POINT ( 'NONE',  ( -0.6249999999999986677, 0.5986990566028304039, -0.7750000000000004663 ) ) ;
#1009 = ORIENTED_EDGE ( 'NONE', *, *, #2653, .T. ) ;
#1010 = CARTESIAN_POINT ( 'NONE',  ( -0.6249999999999983347, 0.1270000000000000018, 0.7750000000000004663 ) ) ;
#1011 = LINE ( 'NONE', #1131, #1020 ) ;
#1012 = ORIENTED_EDGE ( 'NONE', *, *, #2198, .T. ) ;
#1013 = ADVANCED_FACE ( 'NONE', ( #3096 ), #436, .T. ) ;
#1014 = DIRECTION ( 'NONE',  ( 0.000000000000000000, 0.000000000000000000, -1.000000000000000000 ) ) ;
#1015 = DIRECTION ( 'NONE',  ( -0.000000000000000000, -1.000000000000000000, -0.000000000000000000 ) ) ;
#1016 = LINE ( 'NONE', #2120, #3629 ) ;
#1017 = EDGE_LOOP ( 'NONE', ( #2027, #1012, #1925, #914, #2777 ) ) ;
#1018 = AXIS2_PLACEMENT_3D ( 'NONE', #1897, #3141, #2100 ) ;
#1019 = ORIENTED_EDGE ( 'NONE', *, *, #1561, .F. ) ;
#1020 = VECTOR ( 'NONE', #232, 1000.000000000000000 ) ;
#1021 = AXIS2_PLACEMENT_3D ( 'NONE', #2635, #2880, #3142 ) ;
#1022 =( LENGTH_UNIT ( ) NAMED_UNIT ( * ) SI_UNIT ( .MILLI., .METRE. ) );
#1023 = CARTESIAN_POINT ( 'NONE',  ( -0.2750000000000002998, 0.000000000000000000, 0.3750000000000003886 ) ) ;
#1024 = EDGE_LOOP ( 'NONE', ( #107, #344, #3785, #2474 ) ) ;
#1025 = ORIENTED_EDGE ( 'NONE', *, *, #219, .F. ) ;
#1026 = ORIENTED_EDGE ( 'NONE', *, *, #2140, .F. ) ;
#1027 = CARTESIAN_POINT ( 'NONE',  ( 0.5000000000000014433, 0.04999999999999999584, 0.7750000000000004663 ) ) ;
#1028 = AXIS2_PLACEMENT_3D ( 'NONE', #948, #1602, #3250 ) ;
#1029 = AXIS2_PLACEMENT_3D ( 'NONE', #3352, #2563, #417 ) ;
#1030 = DIRECTION ( 'NONE',  ( -1.000000000000000000, 0.000000000000000000, -5.421010862427523156E-16 ) ) ;
#1031 = ORIENTED_EDGE ( 'NONE', *, *, #2154, .F. ) ;
#1032 = CARTESIAN_POINT ( 'NONE',  ( 0.6250000000000018874, 0.1270000000000000018, -0.7750000000000004663 ) ) ;
#1033 = PLANE ( 'NONE',  #3443 ) ;
#1034 = ORIENTED_EDGE ( 'NONE', *, *, #2575, .T. ) ;
#1035 = CLOSED_SHELL ( 'NONE', ( #2852, #705, #974, #466, #3340, #3499 ) ) ;
#1036 = LINE ( 'NONE', #952, #2343 ) ;
#1037 = EDGE_CURVE ( 'NONE', #4, #3366, #3045, .T. ) ;
#1038 = ORIENTED_EDGE ( 'NONE', *, *, #2814, .T. ) ;
#1039 = VECTOR ( 'NONE', #3239, 1000.000000000000000 ) ;
#1040 = ORIENTED_EDGE ( 'NONE', *, *, #100, .T. ) ;
#1041 = DIRECTION ( 'NONE',  ( 0.000000000000000000, 1.000000000000000000, 0.000000000000000000 ) ) ;
#1042 = ORIENTED_EDGE ( 'NONE', *, *, #2653, .F. ) ;
#1043 = CARTESIAN_POINT ( 'NONE',  ( 0.2750000000000002998, 0.05000000000000000278, -0.1249999999999995975 ) ) ;
#1044 = FACE_OUTER_BOUND ( 'NONE', #725, .T. ) ;
#1045 = DIRECTION ( 'NONE',  ( -1.000000000000000000, 0.000000000000000000, -5.421010862427523156E-16 ) ) ;
#1046 = EDGE_CURVE ( 'NONE', #1202, #1005, #1751, .T. ) ;
#1047 = ORIENTED_EDGE ( 'NONE', *, *, #3830, .F. ) ;
#1048 = DIRECTION ( 'NONE',  ( 0.000000000000000000, 0.000000000000000000, 1.000000000000000000 ) ) ;
#1049 = CYLINDRICAL_SURFACE ( 'NONE', #1284, 0.1250000000000001110 ) ;
#1050 = EDGE_LOOP ( 'NONE', ( #3439, #2577, #3073, #2083, #2118 ) ) ;
#1051 = CIRCLE ( 'NONE', #2225, 0.1250000000000001110 ) ;
#1052 = DIRECTION ( 'NONE',  ( 0.000000000000000000, -1.000000000000000000, 0.000000000000000000 ) ) ;
#1053 = EDGE_CURVE ( 'NONE', #954, #3573, #1792, .T. ) ;
#1054 = CARTESIAN_POINT ( 'NONE',  ( 0.2750000000000004108, 0.1270000000000000018, -0.3749999999999998890 ) ) ;
#1055 = DIRECTION ( 'NONE',  ( -1.000000000000000000, 0.000000000000000000, 5.913830031739118501E-16 ) ) ;
#1056 = ORIENTED_EDGE ( 'NONE', *, *, #728, .T. ) ;
#1057 = ADVANCED_FACE ( 'NONE', ( #394 ), #3040, .T. ) ;
#1058 = EDGE_CURVE ( 'NONE', #456, #2196, #444, .T. ) ;
#1059 = VERTEX_POINT ( 'NONE', #690 ) ;
#1060 = ORIENTED_EDGE ( 'NONE', *, *, #653, .T. ) ;
#1061 = CARTESIAN_POINT ( 'NONE',  ( -0.3749999999999981681, 0.000000000000000000, 1.050000000000000266 ) ) ;
#1062 = FACE_OUTER_BOUND ( 'NONE', #3673, .T. ) ;
#1063 = DIRECTION ( 'NONE',  ( -0.000000000000000000, -1.000000000000000000, -0.000000000000000000 ) ) ;
#1064 = ORIENTED_EDGE ( 'NONE', *, *, #1953, .T. ) ;
#1065 = CARTESIAN_POINT ( 'NONE',  ( 0.6250000000000018874, 0.1270000000000000018, -0.7750000000000004663 ) ) ;
#1066 = DIRECTION ( 'NONE',  ( 0.000000000000000000, -1.000000000000000000, 0.000000000000000000 ) ) ;
#1067 = DIRECTION ( 'NONE',  ( 0.000000000000000000, 0.000000000000000000, 1.000000000000000000 ) ) ;
#1068 = EDGE_CURVE ( 'NONE', #1990, #2259, #450, .T. ) ;
#1069 = ORIENTED_EDGE ( 'NONE', *, *, #2422, .T. ) ;
#1070 = VERTEX_POINT ( 'NONE', #3112 ) ;
#1071 = FACE_OUTER_BOUND ( 'NONE', #2652, .T. ) ;
#1072 = VERTEX_POINT ( 'NONE', #1387 ) ;
#1073 = VERTEX_POINT ( 'NONE', #2243 ) ;
#1074 = PLANE ( 'NONE',  #2725 ) ;
#1075 = ORIENTED_EDGE ( 'NONE', *, *, #2948, .F. ) ;
#1076 = DIRECTION ( 'NONE',  ( -0.000000000000000000, -1.000000000000000000, -0.000000000000000000 ) ) ;
#1077 = LINE ( 'NONE', #3432, #2428 ) ;
#1078 = DIRECTION ( 'NONE',  ( 0.000000000000000000, 0.000000000000000000, -1.000000000000000000 ) ) ;
#1079 = AXIS2_PLACEMENT_3D ( 'NONE', #1160, #3874, #2695 ) ;
#1080 = EDGE_LOOP ( 'NONE', ( #812, #3333, #2228, #2218 ) ) ;
#1081 = AXIS2_PLACEMENT_3D ( 'NONE', #651, #2881, #3819 ) ;
#1082 = DIRECTION ( 'NONE',  ( 0.000000000000000000, 0.000000000000000000, -1.000000000000000000 ) ) ;
#1083 = LINE ( 'NONE', #989, #2425 ) ;
#1084 = VERTEX_POINT ( 'NONE', #3378 ) ;
#1085 = VERTEX_POINT ( 'NONE', #169 ) ;
#1086 = LINE ( 'NONE', #2499, #2421 ) ;
#1087 = DIRECTION ( 'NONE',  ( -0.000000000000000000, -1.000000000000000000, -0.000000000000000000 ) ) ;
#1088 = DIRECTION ( 'NONE',  ( 0.000000000000000000, 1.000000000000000000, 0.000000000000000000 ) ) ;
#1089 = ORIENTED_EDGE ( 'NONE', *, *, #3223, .F. ) ;
#1090 = EDGE_CURVE ( 'NONE', #1598, #1073, #3087, .T. ) ;
#1091 = AXIS2_PLACEMENT_3D ( 'NONE', #2949, #1153, #1841 ) ;
#1092 = VERTEX_POINT ( 'NONE', #1255 ) ;
#1093 = VERTEX_POINT ( 'NONE', #3508 ) ;
#1094 = VECTOR ( 'NONE', #2939, 1000.000000000000000 ) ;
#1095 = CARTESIAN_POINT ( 'NONE',  ( -0.4999999999999986122, 0.1270000000000000018, 0.7750000000000004663 ) ) ;
#1096 =( LENGTH_UNIT ( ) NAMED_UNIT ( * ) SI_UNIT ( .MILLI., .METRE. ) );
#1097 = EDGE_LOOP ( 'NONE', ( #3474, #1120, #1060, #3642 ) ) ;
#1099 = ADVANCED_FACE ( 'NONE', ( #490 ), #1716, .F. ) ;
#1098 = PLANE ( 'NONE',  #228 ) ;
#1100 = CARTESIAN_POINT ( 'NONE',  ( 0.2750000000000004108, 0.5986990566028302929, 0.2500000000000001110 ) ) ;
#1101 = EDGE_CURVE ( 'NONE', #1092, #2318, #1759, .T. ) ;
#1102 = CARTESIAN_POINT ( 'NONE',  ( 0.1250000000000016376, 0.000000000000000000, -1.050000000000000266 ) ) ;
#1103 = VECTOR ( 'NONE', #3783, 1000.000000000000000 ) ;
#1104 = ORIENTED_EDGE ( 'NONE', *, *, #3367, .T. ) ;
#1105 = LINE ( 'NONE', #1010, #2492 ) ;
#1106 = ADVANCED_FACE ( 'NONE', ( #1797 ), #458, .F. ) ;
#1107 = EDGE_CURVE ( 'NONE', #3491, #1162, #1777, .T. ) ;
#1108 = FACE_OUTER_BOUND ( 'NONE', #3630, .T. ) ;
#1109 = ORIENTED_EDGE ( 'NONE', *, *, #2997, .F. ) ;
#1110 = EDGE_CURVE ( 'NONE', #115, #4, #1723, .T. ) ;
#1111 = DIRECTION ( 'NONE',  ( -0.000000000000000000, 0.000000000000000000, -1.000000000000000000 ) ) ;
#1112 = ORIENTED_EDGE ( 'NONE', *, *, #3765, .F. ) ;
#1113 = CARTESIAN_POINT ( 'NONE',  ( -0.1500000000000003830, 0.5986990566028302929, 0.2500000000000001110 ) ) ;
#1114 = VECTOR ( 'NONE', #2586, 1000.000000000000000 ) ;
#1115 = DIRECTION ( 'NONE',  ( -0.000000000000000000, -1.000000000000000000, -0.000000000000000000 ) ) ;
#1116 = MANIFOLD_SOLID_BREP ( 'LPattern3[2]', #1377 ) ;
#1117 = DIRECTION ( 'NONE',  ( -1.000000000000000000, 0.000000000000000000, 1.971276677246372998E-16 ) ) ;
#1118 = CYLINDRICAL_SURFACE ( 'NONE', #3555, 0.1250000000000000000 ) ;
#1119 = VERTEX_POINT ( 'NONE', #3617 ) ;
#1120 = ORIENTED_EDGE ( 'NONE', *, *, #252, .F. ) ;
#1121 = VECTOR ( 'NONE', #2110, 1000.000000000000000 ) ;
#1122 = PLANE ( 'NONE',  #762 ) ;
#1123 = CARTESIAN_POINT ( 'NONE',  ( -0.1249999999999983763, 0.5986990566028304039, 0.7750000000000004663 ) ) ;
#1124 = DIRECTION ( 'NONE',  ( -1.000000000000000000, 0.000000000000000000, 5.913830031739118501E-16 ) ) ;
#1125 = VECTOR ( 'NONE', #3111, 1000.000000000000000 ) ;
#1126 = ORIENTED_EDGE ( 'NONE', *, *, #440, .T. ) ;
#1127 = VERTEX_POINT ( 'NONE', #2764 ) ;
#1128 = CARTESIAN_POINT ( 'NONE',  ( 1.409462824231155764E-15, 0.1270000000000000018, 0.7750000000000004663 ) ) ;
#1129 = CARTESIAN_POINT ( 'NONE',  ( -0.2750000000000004108, 0.1270000000000000018, 0.2500000000000003886 ) ) ;
#1130 = DIRECTION ( 'NONE',  ( 0.000000000000000000, 0.000000000000000000, 1.000000000000000000 ) ) ;
#1131 = CARTESIAN_POINT ( 'NONE',  ( 0.4000000000000004108, 0.000000000000000000, -0.1249999999999996808 ) ) ;
#1132 = CARTESIAN_POINT ( 'NONE',  ( -0.6249999999999980016, 0.05000000000000000278, 1.050000000000000044 ) ) ;
#1133 = LINE ( 'NONE', #3694, #1125 ) ;
#1134 = ORIENTED_EDGE ( 'NONE', *, *, #3316, .F. ) ;
#1135 = EDGE_LOOP ( 'NONE', ( #2804, #559, #244, #1881 ) ) ;
#1136 = VECTOR ( 'NONE', #1247, 1000.000000000000000 ) ;
#1137 = STYLED_ITEM ( 'NONE', ( #1179 ), #3235 ) ;
#1138 = ADVANCED_FACE ( 'NONE', ( #604 ), #2950, .F. ) ;
#1139 = LINE ( 'NONE', #1545, #3621 ) ;
#1140 = ORIENTED_EDGE ( 'NONE', *, *, #14, .T. ) ;
#1141 = DIRECTION ( 'NONE',  ( 1.000000000000000000, -0.000000000000000000, 0.000000000000000000 ) ) ;
#1142 = VERTEX_POINT ( 'NONE', #3203 ) ;
#1143 = AXIS2_PLACEMENT_3D ( 'NONE', #810, #512, #263 ) ;
#1144 = LINE ( 'NONE', #2988, #1136 ) ;
#1145 = DIRECTION ( 'NONE',  ( 0.000000000000000000, -1.000000000000000000, 0.000000000000000000 ) ) ;
#1146 = ADVANCED_FACE ( 'NONE', ( #534 ), #792, .F. ) ;
#1147 = AXIS2_PLACEMENT_3D ( 'NONE', #2886, #1317, #3148 ) ;
#1148 = SURFACE_STYLE_FILL_AREA ( #1326 ) ;
#1149 = EDGE_LOOP ( 'NONE', ( #2103, #2753, #1537, #2172 ) ) ;
#1150 = VERTEX_POINT ( 'NONE', #3535 ) ;
#1151 = LINE ( 'NONE', #3029, #2447 ) ;
#1152 = EDGE_CURVE ( 'NONE', #2196, #2202, #3105, .T. ) ;
#1153 = DIRECTION ( 'NONE',  ( 0.000000000000000000, -1.000000000000000000, 0.000000000000000000 ) ) ;
#1154 = DIRECTION ( 'NONE',  ( 0.000000000000000000, -0.000000000000000000, 1.000000000000000000 ) ) ;
#1155 = VECTOR ( 'NONE', #2826, 1000.000000000000000 ) ;
#1156 = ORIENTED_EDGE ( 'NONE', *, *, #5, .F. ) ;
#1157 = DIRECTION ( 'NONE',  ( 0.7071067811865464625, -0.000000000000000000, 0.7071067811865486830 ) ) ;
#1158 = EDGE_CURVE ( 'NONE', #1421, #3247, #558, .T. ) ;
#1159 = CARTESIAN_POINT ( 'NONE',  ( -0.8000000000000003775, 0.05000000000000012768, 0.3750000000000005551 ) ) ;
#1160 = CARTESIAN_POINT ( 'NONE',  ( -0.6222222222222223431, 0.4999999999999998890, -0.8722222222222224541 ) ) ;
#1161 = FACE_OUTER_BOUND ( 'NONE', #890, .T. ) ;
#1162 = VERTEX_POINT ( 'NONE', #564 ) ;
#1163 = ORIENTED_EDGE ( 'NONE', *, *, #2829, .F. ) ;
#1164 = FACE_OUTER_BOUND ( 'NONE', #3656, .T. ) ;
#1165 = EDGE_CURVE ( 'NONE', #949, #1637, #510, .T. ) ;
#1166 = ORIENTED_EDGE ( 'NONE', *, *, #2960, .T. ) ;
#1167 = DIRECTION ( 'NONE',  ( 0.000000000000000000, 0.000000000000000000, -1.000000000000000000 ) ) ;
#1168 = ORIENTED_EDGE ( 'NONE', *, *, #366, .T. ) ;
#1169 = DIRECTION ( 'NONE',  ( -0.000000000000000000, -1.000000000000000000, -0.000000000000000000 ) ) ;
#1170 = FACE_OUTER_BOUND ( 'NONE', #2930, .T. ) ;
#1171 = CARTESIAN_POINT ( 'NONE',  ( 0.2750000000000004108, 0.000000000000000000, 0.2500000000000003886 ) ) ;
#1172 = ADVANCED_FACE ( 'NONE', ( #1870 ), #1829, .T. ) ;
#1173 = DIRECTION ( 'NONE',  ( -0.000000000000000000, -1.000000000000000000, -0.000000000000000000 ) ) ;
#1174 = ORIENTED_EDGE ( 'NONE', *, *, #688, .F. ) ;
#1175 = EDGE_LOOP ( 'NONE', ( #2405, #1585, #3607, #3716 ) ) ;
#1176 = CYLINDRICAL_SURFACE ( 'NONE', #1494, 0.1250000000000001110 ) ;
#1177 = ADVANCED_FACE ( 'NONE', ( #1903 ), #577, .T. ) ;
#1178 =( NAMED_UNIT ( * ) SI_UNIT ( $, .STERADIAN. ) SOLID_ANGLE_UNIT ( ) );
#1179 = PRESENTATION_STYLE_ASSIGNMENT (( #3589 ) ) ;
#1180 = ORIENTED_EDGE ( 'NONE', *, *, #1463, .T. ) ;
#1181 = ORIENTED_EDGE ( 'NONE', *, *, #3773, .T. ) ;
#1182 = VECTOR ( 'NONE', #817, 1000.000000000000000 ) ;
#1183 = APPLICATION_CONTEXT ( 'automotive_design' ) ;
#1184 = DIRECTION ( 'NONE',  ( -0.000000000000000000, -1.000000000000000000, -0.000000000000000000 ) ) ;
#1185 = DIRECTION ( 'NONE',  ( -1.000000000000000000, 0.000000000000000000, 0.000000000000000000 ) ) ;
#1186 = AXIS2_PLACEMENT_3D ( 'NONE', #3421, #1066, #1692 ) ;
#1187 = PLANE ( 'NONE',  #469 ) ;
#1188 = FACE_OUTER_BOUND ( 'NONE', #1017, .T. ) ;
#1189 = FACE_OUTER_BOUND ( 'NONE', #1218, .T. ) ;
#1190 = ORIENTED_EDGE ( 'NONE', *, *, #735, .T. ) ;
#1191 = CIRCLE ( 'NONE', #1147, 0.1250000000000001110 ) ;
#1192 = AXIS2_PLACEMENT_3D ( 'NONE', #584, #1820, #893 ) ;
#1193 = VERTEX_POINT ( 'NONE', #1782 ) ;
#1194 = DIRECTION ( 'NONE',  ( 0.000000000000000000, 0.000000000000000000, 1.000000000000000000 ) ) ;
#1195 = ORIENTED_EDGE ( 'NONE', *, *, #1596, .T. ) ;
#1196 = CARTESIAN_POINT ( 'NONE',  ( 0.6250000000000018874, 0.1270000000000000018, 1.050000000000000266 ) ) ;
#1197 = VECTOR ( 'NONE', #1221, 1000.000000000000000 ) ;
#1198 = DIRECTION ( 'NONE',  ( 0.000000000000000000, -1.000000000000000000, 0.000000000000000000 ) ) ;
#1199 = CARTESIAN_POINT ( 'NONE',  ( -0.6222222222222223431, 0.5999999999999999778, -0.7922222222222224941 ) ) ;
#1200 = EDGE_CURVE ( 'NONE', #3866, #154, #1874, .T. ) ;
#1201 = LINE ( 'NONE', #670, #3792 ) ;
#1202 = VERTEX_POINT ( 'NONE', #2029 ) ;
#1203 = LINE ( 'NONE', #1434, #1209 ) ;
#1204 = DIRECTION ( 'NONE',  ( 1.000000000000000000, -0.000000000000000000, -0.000000000000000000 ) ) ;
#1205 = SURFACE_SIDE_STYLE ('',( #1737 ) ) ;
#1206 = VERTEX_POINT ( 'NONE', #17 ) ;
#1207 = EDGE_CURVE ( 'NONE', #1142, #1202, #3220, .T. ) ;
#1208 = ORIENTED_EDGE ( 'NONE', *, *, #1223, .T. ) ;
#1209 = VECTOR ( 'NONE', #1625, 1000.000000000000000 ) ;
#1210 = MECHANICAL_DESIGN_GEOMETRIC_PRESENTATION_REPRESENTATION (  '', ( #247 ), #296 ) ;
#1211 = CARTESIAN_POINT ( 'NONE',  ( -0.8000000000000001554, 0.1269999999999999463, 0.3750000000000004441 ) ) ;
#1212 = DIRECTION ( 'NONE',  ( -1.000000000000000000, 0.000000000000000000, 1.971276677246372998E-16 ) ) ;
#1213 = EDGE_CURVE ( 'NONE', #922, #3093, #1924, .T. ) ;
#1214 = VERTEX_POINT ( 'NONE', #2488 ) ;
#1215 = VERTEX_POINT ( 'NONE', #3387 ) ;
#1216 = CIRCLE ( 'NONE', #1381, 0.1250000000000000000 ) ;
#1217 = LINE ( 'NONE', #2274, #2466 ) ;
#1218 = EDGE_LOOP ( 'NONE', ( #3845, #1166, #933, #791 ) ) ;
#1219 = CARTESIAN_POINT ( 'NONE',  ( 1.409462824231155764E-15, 0.000000000000000000, 0.7750000000000004663 ) ) ;
#1220 = ORIENTED_EDGE ( 'NONE', *, *, #1873, .F. ) ;
#1221 = DIRECTION ( 'NONE',  ( 0.7071067811865444641, -0.000000000000000000, 0.7071067811865505703 ) ) ;
#1222 = FACE_OUTER_BOUND ( 'NONE', #2333, .T. ) ;
#1223 = EDGE_CURVE ( 'NONE', #39, #2360, #518, .T. ) ;
#1224 = DIRECTION ( 'NONE',  ( 0.000000000000000000, 1.000000000000000000, -0.000000000000000000 ) ) ;
#1225 = ORIENTED_EDGE ( 'NONE', *, *, #850, .F. ) ;
#1226 = VECTOR ( 'NONE', #681, 1000.000000000000000 ) ;
#1227 =( LENGTH_UNIT ( ) NAMED_UNIT ( * ) SI_UNIT ( .MILLI., .METRE. ) );
#1228 = DIRECTION ( 'NONE',  ( 0.000000000000000000, -1.000000000000000000, 0.000000000000000000 ) ) ;
#1229 = CARTESIAN_POINT ( 'NONE',  ( -0.8000000000000003775, 0.000000000000000000, 0.3750000000000005551 ) ) ;
#1230 = MANIFOLD_SOLID_BREP ( 'LPattern3[1]', #1429 ) ;
#1231 = COLOUR_RGB ( '',0.7921568627450980005, 0.8196078431372548767, 0.9333333333333333481 ) ;
#1232 = VECTOR ( 'NONE', #2953, 1000.000000000000000 ) ;
#1233 = VERTEX_POINT ( 'NONE', #726 ) ;
#1234 = STYLED_ITEM ( 'NONE', ( #3063 ), #1116 ) ;
#1235 = ORIENTED_EDGE ( 'NONE', *, *, #3729, .F. ) ;
#1236 =( NAMED_UNIT ( * ) PLANE_ANGLE_UNIT ( ) SI_UNIT ( $, .RADIAN. ) );
#1237 = CARTESIAN_POINT ( 'NONE',  ( 1.409462824231155764E-15, 0.1270000000000000018, 0.7750000000000004663 ) ) ;
#1238 = CARTESIAN_POINT ( 'NONE',  ( -0.3749999999999983902, 0.000000000000000000, -1.050000000000000266 ) ) ;
#1239 = DIRECTION ( 'NONE',  ( 0.000000000000000000, 1.000000000000000000, -0.000000000000000000 ) ) ;
#1240 = LINE ( 'NONE', #207, #67 ) ;
#1241 = ORIENTED_EDGE ( 'NONE', *, *, #3820, .F. ) ;
#1242 = AXIS2_PLACEMENT_3D ( 'NONE', #3823, #556, #330 ) ;
#1243 = DIRECTION ( 'NONE',  ( 1.000000000000000000, -0.000000000000000000, -0.000000000000000000 ) ) ;
#1244 = LINE ( 'NONE', #2601, #45 ) ;
#1245 = DIRECTION ( 'NONE',  ( 0.000000000000000000, -0.000000000000000000, 1.000000000000000000 ) ) ;
#1246 = VERTEX_POINT ( 'NONE', #1641 ) ;
#1247 = DIRECTION ( 'NONE',  ( 0.000000000000000000, 0.000000000000000000, 1.000000000000000000 ) ) ;
#1248 = EDGE_LOOP ( 'NONE', ( #2299, #2061, #3466, #3558, #1408 ) ) ;
#1249 = PRODUCT_DEFINITION_CONTEXT ( 'detailed design', #345, 'design' ) ;
#1250 = PLANE ( 'NONE',  #1704 ) ;
#1251 = FACE_OUTER_BOUND ( 'NONE', #2925, .T. ) ;
#1252 = CIRCLE ( 'NONE', #544, 0.1250000000000001110 ) ;
#1253 = ORIENTED_EDGE ( 'NONE', *, *, #1200, .F. ) ;
#1254 = EDGE_LOOP ( 'NONE', ( #1392, #2698 ) ) ;
#1255 = CARTESIAN_POINT ( 'NONE',  ( 0.1500000000000003830, 0.1270000000000000018, -0.2499999999999996392 ) ) ;
#1256 = EDGE_CURVE ( 'NONE', #2439, #2277, #3126, .T. ) ;
#1257 = CARTESIAN_POINT ( 'NONE',  ( -0.2750000000000000777, 0.1270000000000000018, -0.3749999999999998890 ) ) ;
#1258 = LINE ( 'NONE', #1735, #2 ) ;
#1259 = VECTOR ( 'NONE', #749, 1000.000000000000000 ) ;
#1260 = ORIENTED_EDGE ( 'NONE', *, *, #3062, .F. ) ;
#1261 = ORIENTED_EDGE ( 'NONE', *, *, #3628, .T. ) ;
#1262 = DIRECTION ( 'NONE',  ( 1.000000000000000000, 0.000000000000000000, 0.000000000000000000 ) ) ;
#1263 = DIRECTION ( 'NONE',  ( -1.000000000000000000, 0.000000000000000000, 1.971276677246372752E-16 ) ) ;
#1264 = DIRECTION ( 'NONE',  ( 0.000000000000000000, -1.000000000000000000, 0.000000000000000000 ) ) ;
#1265 = CARTESIAN_POINT ( 'NONE',  ( 0.2750000000000002998, 0.1270000000000000018, -0.1249999999999996253 ) ) ;
#1266 = LINE ( 'NONE', #1123, #2580 ) ;
#1267 = FACE_OUTER_BOUND ( 'NONE', #3543, .T. ) ;
#1268 = CLOSED_SHELL ( 'NONE', ( #1915, #3186, #1, #1477, #2268, #2034, #1177 ) ) ;
#1269 = ORIENTED_EDGE ( 'NONE', *, *, #448, .T. ) ;
#1270 = CARTESIAN_POINT ( 'NONE',  ( 0.3750000000000016098, 0.000000000000000000, 0.7750000000000004663 ) ) ;
#1271 = VECTOR ( 'NONE', #1063, 1000.000000000000000 ) ;
#1272 = CARTESIAN_POINT ( 'NONE',  ( -0.6249999999999985567, 0.000000000000000000, -1.050000000000000266 ) ) ;
#1273 = EDGE_LOOP ( 'NONE', ( #3475, #3872, #2539, #1438 ) ) ;
#1274 = CARTESIAN_POINT ( 'NONE',  ( 0.3750000000000016098, 0.1270000000000000018, -0.7750000000000004663 ) ) ;
#1275 = ORIENTED_EDGE ( 'NONE', *, *, #2002, .F. ) ;
#1276 = DIRECTION ( 'NONE',  ( 1.000000000000000000, 0.000000000000000000, 0.000000000000000000 ) ) ;
#1277 = DIRECTION ( 'NONE',  ( 1.000000000000000000, -0.000000000000000000, 0.000000000000000000 ) ) ;
#1278 = LINE ( 'NONE', #2640, #2666 ) ;
#1279 = ORIENTED_EDGE ( 'NONE', *, *, #1469, .T. ) ;
#1280 = CARTESIAN_POINT ( 'NONE',  ( -0.4000000000000004108, 0.000000000000000000, -0.3749999999999998890 ) ) ;
#1281 = CARTESIAN_POINT ( 'NONE',  ( -0.1500000000000003830, 0.000000000000000000, -0.1249999999999996808 ) ) ;
#1282 = PRESENTATION_LAYER_ASSIGNMENT (  '', '', ( #2855 ) ) ;
#1283 = LINE ( 'NONE', #2763, #3851 ) ;
#1284 = AXIS2_PLACEMENT_3D ( 'NONE', #3827, #1169, #1811 ) ;
#1285 = CYLINDRICAL_SURFACE ( 'NONE', #1143, 0.1250000000000000000 ) ;
#1286 = ORIENTED_EDGE ( 'NONE', *, *, #2181, .F. ) ;
#1287 = EDGE_LOOP ( 'NONE', ( #1308, #822, #1363, #1439 ) ) ;
#1288 = DIRECTION ( 'NONE',  ( 0.000000000000000000, 0.000000000000000000, -1.000000000000000000 ) ) ;
#1289 = DIRECTION ( 'NONE',  ( 0.000000000000000000, -1.000000000000000000, 0.000000000000000000 ) ) ;
#1290 = PLANE ( 'NONE',  #617 ) ;
#1291 = EDGE_CURVE ( 'NONE', #2611, #1788, #1850, .T. ) ;
#1292 = VECTOR ( 'NONE', #87, 1000.000000000000000 ) ;
#1293 = ORIENTED_EDGE ( 'NONE', *, *, #2257, .F. ) ;
#1294 = ORIENTED_EDGE ( 'NONE', *, *, #2724, .F. ) ;
#1295 = ADVANCED_FACE ( 'NONE', ( #3146 ), #127, .F. ) ;
#1296 = SURFACE_STYLE_FILL_AREA ( #402 ) ;
#1297 = VECTOR ( 'NONE', #1243, 1000.000000000000000 ) ;
#1298 = EDGE_CURVE ( 'NONE', #2817, #2216, #545, .T. ) ;
#1299 = CARTESIAN_POINT ( 'NONE',  ( -0.6249999999999983347, 0.5986990566028304039, 0.7750000000000004663 ) ) ;
#1300 = VERTEX_POINT ( 'NONE', #1065 ) ;
#1301 = ORIENTED_EDGE ( 'NONE', *, *, #2042, .T. ) ;
#1302 = DIRECTION ( 'NONE',  ( -0.000000000000000000, -1.000000000000000000, -0.000000000000000000 ) ) ;
#1303 = VECTOR ( 'NONE', #3616, 1000.000000000000000 ) ;
#1304 = EDGE_CURVE ( 'NONE', #2818, #2838, #561, .T. ) ;
#1305 = CYLINDRICAL_SURFACE ( 'NONE', #2173, 0.1250000000000000000 ) ;
#1306 = EDGE_LOOP ( 'NONE', ( #2627, #122, #485, #1814 ) ) ;
#1307 = EDGE_CURVE ( 'NONE', #2412, #1798, #553, .T. ) ;
#1308 = ORIENTED_EDGE ( 'NONE', *, *, #513, .T. ) ;
#1309 =( LENGTH_UNIT ( ) NAMED_UNIT ( * ) SI_UNIT ( .MILLI., .METRE. ) );
#1310 = DIRECTION ( 'NONE',  ( 1.000000000000000000, 0.000000000000000000, -7.885106708985491006E-16 ) ) ;
#1311 = FACE_OUTER_BOUND ( 'NONE', #1135, .T. ) ;
#1312 = CIRCLE ( 'NONE', #2030, 0.1250000000000001110 ) ;
#1313 = VERTEX_POINT ( 'NONE', #2834 ) ;
#1314 = VERTEX_POINT ( 'NONE', #1032 ) ;
#1315 = EDGE_CURVE ( 'NONE', #461, #3762, #600, .T. ) ;
#1316 = CARTESIAN_POINT ( 'NONE',  ( 0.6250000000000016653, 0.1270000000000000018, -1.050000000000000266 ) ) ;
#1317 = DIRECTION ( 'NONE',  ( 0.000000000000000000, 1.000000000000000000, 0.000000000000000000 ) ) ;
#1318 = LINE ( 'NONE', #1409, #59 ) ;
#1319 = EDGE_LOOP ( 'NONE', ( #579, #1842, #3542, #940 ) ) ;
#1320 = ORIENTED_EDGE ( 'NONE', *, *, #3361, .T. ) ;
#1321 = CARTESIAN_POINT ( 'NONE',  ( -0.4999999999999986122, 0.1270000000000000018, 0.7750000000000004663 ) ) ;
#1322 = CARTESIAN_POINT ( 'NONE',  ( -0.1249999999999983763, 0.000000000000000000, 0.7750000000000004663 ) ) ;
#1323 = LINE ( 'NONE', #3374, #50 ) ;
#1324 = CARTESIAN_POINT ( 'NONE',  ( -0.6222222222222223431, 0.5999999999999999778, -0.8722222222222224541 ) ) ;
#1325 = ORIENTED_EDGE ( 'NONE', *, *, #688, .T. ) ;
#1326 = FILL_AREA_STYLE ('',( #2799 ) ) ;
#1327 = ORIENTED_EDGE ( 'NONE', *, *, #1879, .T. ) ;
#1328 = CARTESIAN_POINT ( 'NONE',  ( 0.7999999999999997113, 3.840075756488817493, 1.050000000000000044 ) ) ;
#1329 = AXIS2_PLACEMENT_3D ( 'NONE', #2991, #560, #336 ) ;
#1330 = CARTESIAN_POINT ( 'NONE',  ( -0.4000000000000004108, 0.1270000000000000018, 0.1250000000000001110 ) ) ;
#1331 = LINE ( 'NONE', #3401, #1297 ) ;
#1332 = ORIENTED_EDGE ( 'NONE', *, *, #1357, .F. ) ;
#1333 = ORIENTED_EDGE ( 'NONE', *, *, #2948, .T. ) ;
#1334 = AXIS2_PLACEMENT_3D ( 'NONE', #785, #3218, #1078 ) ;
#1335 = DIRECTION ( 'NONE',  ( 1.000000000000000000, -0.000000000000000000, -0.000000000000000000 ) ) ;
#1336 = DIRECTION ( 'NONE',  ( 0.000000000000000000, 0.000000000000000000, -1.000000000000000000 ) ) ;
#1337 = AXIS2_PLACEMENT_3D ( 'NONE', #588, #136, #407 ) ;
#1338 = DIRECTION ( 'NONE',  ( 0.000000000000000000, -1.000000000000000000, 0.000000000000000000 ) ) ;
#1339 = VECTOR ( 'NONE', #685, 1000.000000000000000 ) ;
#1340 = LINE ( 'NONE', #2630, #1346 ) ;
#1341 = VERTEX_POINT ( 'NONE', #382 ) ;
#1342 = ORIENTED_EDGE ( 'NONE', *, *, #3539, .T. ) ;
#1343 = EDGE_CURVE ( 'NONE', #2400, #3167, #3158, .T. ) ;
#1344 = DIRECTION ( 'NONE',  ( 0.000000000000000000, 0.000000000000000000, 1.000000000000000000 ) ) ;
#1345 = CARTESIAN_POINT ( 'NONE',  ( -0.1249999999999983763, 0.1270000000000000018, 0.7750000000000004663 ) ) ;
#1346 = VECTOR ( 'NONE', #1157, 999.9999999999998863 ) ;
#1347 = ORIENTED_EDGE ( 'NONE', *, *, #3404, .T. ) ;
#1348 = ORIENTED_EDGE ( 'NONE', *, *, #1507, .F. ) ;
#1349 = DIRECTION ( 'NONE',  ( 0.000000000000000000, 1.000000000000000000, 0.000000000000000000 ) ) ;
#1350 = EDGE_CURVE ( 'NONE', #2217, #3700, #3166, .T. ) ;
#1351 = MECHANICAL_DESIGN_GEOMETRIC_PRESENTATION_REPRESENTATION (  '', ( #429 ), #731 ) ;
#1352 = VECTOR ( 'NONE', #1888, 1000.000000000000000 ) ;
#1353 = DIRECTION ( 'NONE',  ( 0.000000000000000000, 0.000000000000000000, -1.000000000000000000 ) ) ;
#1354 = ORIENTED_EDGE ( 'NONE', *, *, #3265, .T. ) ;
#1355 = VERTEX_POINT ( 'NONE', #3097 ) ;
#1356 = DIRECTION ( 'NONE',  ( 0.000000000000000000, -1.000000000000000000, 0.000000000000000000 ) ) ;
#1357 = EDGE_CURVE ( 'NONE', #3242, #3866, #3309, .T. ) ;
#1358 = CARTESIAN_POINT ( 'NONE',  ( -0.6222222222222223431, 0.4999999999999998890, -0.8722222222222224541 ) ) ;
#1359 = LINE ( 'NONE', #2072, #28 ) ;
#1360 = CARTESIAN_POINT ( 'NONE',  ( 0.2750000000000002998, 0.05000000000000000278, 0.3750000000000003886 ) ) ;
#1361 = VECTOR ( 'NONE', #603, 1000.000000000000000 ) ;
#1362 = ORIENTED_EDGE ( 'NONE', *, *, #3233, .F. ) ;
#1363 = ORIENTED_EDGE ( 'NONE', *, *, #3850, .T. ) ;
#1364 = CARTESIAN_POINT ( 'NONE',  ( 0.6250000000000018874, 0.000000000000000000, -0.7750000000000004663 ) ) ;
#1366 = ADVANCED_FACE ( 'NONE', ( #724 ), #620, .F. ) ;
#1365 = FILL_AREA_STYLE_COLOUR ( '', #539 ) ;
#1367 = DIRECTION ( 'NONE',  ( 0.000000000000000000, 0.000000000000000000, 1.000000000000000000 ) ) ;
#1368 = LINE ( 'NONE', #998, #113 ) ;
#1369 = FACE_OUTER_BOUND ( 'NONE', #2122, .T. ) ;
#1370 = ORIENTED_EDGE ( 'NONE', *, *, #2996, .F. ) ;
#1371 = EDGE_CURVE ( 'NONE', #1421, #2420, #1954, .T. ) ;
#1372 = ORIENTED_EDGE ( 'NONE', *, *, #3611, .T. ) ;
#1373 = DIRECTION ( 'NONE',  ( 0.000000000000000000, 0.000000000000000000, 1.000000000000000000 ) ) ;
#1374 = UNCERTAINTY_MEASURE_WITH_UNIT (LENGTH_MEASURE( 1.000000000000000082E-05 ), #2876, 'distance_accuracy_value', 'NONE');
#1375 = VECTOR ( 'NONE', #1048, 1000.000000000000000 ) ;
#1376 = FACE_OUTER_BOUND ( 'NONE', #2434, .T. ) ;
#1377 = CLOSED_SHELL ( 'NONE', ( #3455, #2031, #1534, #2489, #3019, #1840, #2704 ) ) ;
#1378 = ORIENTED_EDGE ( 'NONE', *, *, #728, .F. ) ;
#1379 = PLANE ( 'NONE',  #3551 ) ;
#1380 = CARTESIAN_POINT ( 'NONE',  ( -0.4999999999999986122, 0.5986990566028304039, 0.7750000000000004663 ) ) ;
#1381 = AXIS2_PLACEMENT_3D ( 'NONE', #2647, #1927, #657 ) ;
#1382 = VECTOR ( 'NONE', #2859, 1000.000000000000000 ) ;
#1383 = PLANE ( 'NONE',  #2409 ) ;
#1384 = ORIENTED_EDGE ( 'NONE', *, *, #2257, .T. ) ;
#1385 = DIRECTION ( 'NONE',  ( -5.421010862427523156E-16, 0.000000000000000000, -1.000000000000000000 ) ) ;
#1386 = EDGE_LOOP ( 'NONE', ( #691, #2591, #2128, #2608 ) ) ;
#1387 = CARTESIAN_POINT ( 'NONE',  ( -0.1500000000000003830, 0.1270000000000000018, -0.1249999999999996808 ) ) ;
#1388 = AXIS2_PLACEMENT_3D ( 'NONE', #3177, #1124, #462 ) ;
#1389 = LINE ( 'NONE', #2158, #2719 ) ;
#1390 = LINE ( 'NONE', #1965, #1515 ) ;
#1391 = VERTEX_POINT ( 'NONE', #2543 ) ;
#1392 = ORIENTED_EDGE ( 'NONE', *, *, #3736, .T. ) ;
#1393 = DIRECTION ( 'NONE',  ( 0.000000000000000000, -0.000000000000000000, 1.000000000000000000 ) ) ;
#1394 = CARTESIAN_POINT ( 'NONE',  ( -0.1249999999999983763, 0.1270000000000000018, -0.7750000000000004663 ) ) ;
#1395 = DIRECTION ( 'NONE',  ( 0.000000000000000000, 1.000000000000000000, 0.000000000000000000 ) ) ;
#1396 = PLANE ( 'NONE',  #3759 ) ;
#1397 = LINE ( 'NONE', #1630, #2711 ) ;
#1398 = VECTOR ( 'NONE', #3106, 1000.000000000000000 ) ;
#1399 = ORIENTED_EDGE ( 'NONE', *, *, #42, .F. ) ;
#1400 = ORIENTED_EDGE ( 'NONE', *, *, #2642, .T. ) ;
#1401 = ADVANCED_FACE ( 'NONE', ( #3321 ), #2160, .F. ) ;
#1402 =( NAMED_UNIT ( * ) PLANE_ANGLE_UNIT ( ) SI_UNIT ( $, .RADIAN. ) );
#1403 = VECTOR ( 'NONE', #1015, 1000.000000000000000 ) ;
#1405 = EDGE_CURVE ( 'NONE', #1863, #2196, #3262, .T. ) ;
#1404 = DIRECTION ( 'NONE',  ( 0.000000000000000000, -0.000000000000000000, -1.000000000000000000 ) ) ;
#1406 = EDGE_LOOP ( 'NONE', ( #896, #2211, #2828, #3375 ) ) ;
#1407 = EDGE_CURVE ( 'NONE', #1430, #1119, #3269, .T. ) ;
#1408 = ORIENTED_EDGE ( 'NONE', *, *, #2389, .T. ) ;
#1409 = CARTESIAN_POINT ( 'NONE',  ( 0.1250000000000018319, 0.5986990566028304039, 1.050000000000000266 ) ) ;
#1410 = MANIFOLD_SOLID_BREP ( 'Move Face1[2]', #1268 ) ;
#1411 = FACE_OUTER_BOUND ( 'NONE', #2621, .T. ) ;
#1412 = LINE ( 'NONE', #2081, #2727 ) ;
#1413 = EDGE_CURVE ( 'NONE', #3129, #2400, #747, .T. ) ;
#1414 = ORIENTED_EDGE ( 'NONE', *, *, #1945, .F. ) ;
#1415 = EDGE_LOOP ( 'NONE', ( #1342, #1929, #3860, #3282 ) ) ;
#1416 = DIRECTION ( 'NONE',  ( 0.000000000000000000, 0.000000000000000000, -1.000000000000000000 ) ) ;
#1417 = DIRECTION ( 'NONE',  ( 0.000000000000000000, -1.000000000000000000, 0.000000000000000000 ) ) ;
#1418 = CYLINDRICAL_SURFACE ( 'NONE', #2759, 0.1250000000000001110 ) ;
#1419 = DIRECTION ( 'NONE',  ( -0.000000000000000000, -1.000000000000000000, 0.000000000000000000 ) ) ;
#1420 = COLOUR_RGB ( '',1.000000000000000000, 1.000000000000000000, 1.000000000000000000 ) ;
#1421 = VERTEX_POINT ( 'NONE', #3188 ) ;
#1422 = ORIENTED_EDGE ( 'NONE', *, *, #1304, .F. ) ;
#1423 =( NAMED_UNIT ( * ) PLANE_ANGLE_UNIT ( ) SI_UNIT ( $, .RADIAN. ) );
#1424 = DIRECTION ( 'NONE',  ( 1.000000000000000000, 0.000000000000000000, 2.710505431213761578E-16 ) ) ;
#1425 = DIRECTION ( 'NONE',  ( -0.000000000000000000, -1.000000000000000000, -0.000000000000000000 ) ) ;
#1426 = EDGE_CURVE ( 'NONE', #1233, #339, #672, .T. ) ;
#1427 = VECTOR ( 'NONE', #3153, 1000.000000000000000 ) ;
#1428 = VECTOR ( 'NONE', #697, 1000.000000000000000 ) ;
#1429 = CLOSED_SHELL ( 'NONE', ( #1138, #802, #523, #1295, #2395, #1769 ) ) ;
#1430 = VERTEX_POINT ( 'NONE', #2016 ) ;
#1431 = DIRECTION ( 'NONE',  ( 0.000000000000000000, 1.000000000000000000, 0.000000000000000000 ) ) ;
#1432 = UNCERTAINTY_MEASURE_WITH_UNIT (LENGTH_MEASURE( 1.000000000000000082E-05 ), #168, 'distance_accuracy_value', 'NONE');
#1433 = DIRECTION ( 'NONE',  ( 5.421010862427523156E-16, 0.000000000000000000, -1.000000000000000000 ) ) ;
#1434 = CARTESIAN_POINT ( 'NONE',  ( 0.1250000000000016376, 0.000000000000000000, -1.050000000000000266 ) ) ;
#1435 = FACE_OUTER_BOUND ( 'NONE', #12, .T. ) ;
#1436 = CARTESIAN_POINT ( 'NONE',  ( -0.2750000000000005218, 0.5986990566028302929, -0.3749999999999998890 ) ) ;
#1437 = VECTOR ( 'NONE', #983, 1000.000000000000000 ) ;
#1438 = ORIENTED_EDGE ( 'NONE', *, *, #1959, .T. ) ;
#1439 = ORIENTED_EDGE ( 'NONE', *, *, #1090, .T. ) ;
#1440 = MECHANICAL_DESIGN_GEOMETRIC_PRESENTATION_REPRESENTATION (  '', ( #662 ), #35 ) ;
#1441 = ADVANCED_FACE ( 'NONE', ( #739 ), #1456, .T. ) ;
#1442 = AXIS2_PLACEMENT_3D ( 'NONE', #260, #3488, #805 ) ;
#1443 = DIRECTION ( 'NONE',  ( -0.000000000000000000, -1.000000000000000000, -0.000000000000000000 ) ) ;
#1444 = FACE_OUTER_BOUND ( 'NONE', #2265, .T. ) ;
#1445 = ADVANCED_FACE ( 'NONE', ( #2026 ), #551, .F. ) ;
#1446 = VECTOR ( 'NONE', #569, 1000.000000000000000 ) ;
#1447 = DIRECTION ( 'NONE',  ( 0.000000000000000000, 0.000000000000000000, -1.000000000000000000 ) ) ;
#1448 = ORIENTED_EDGE ( 'NONE', *, *, #3156, .T. ) ;
#1449 = DIRECTION ( 'NONE',  ( 0.000000000000000000, -1.000000000000000000, 0.000000000000000000 ) ) ;
#1450 = EDGE_CURVE ( 'NONE', #975, #757, #1981, .T. ) ;
#1451 = MANIFOLD_SOLID_BREP ( 'Move Face4', #993 ) ;
#1452 = AXIS2_PLACEMENT_3D ( 'NONE', #3039, #130, #3290 ) ;
#1453 = VECTOR ( 'NONE', #189, 1000.000000000000000 ) ;
#1454 = VERTEX_POINT ( 'NONE', #1211 ) ;
#1455 = PLANE ( 'NONE',  #3095 ) ;
#1456 = PLANE ( 'NONE',  #1938 ) ;
#1457 = CARTESIAN_POINT ( 'NONE',  ( 0.7999999999999997113, 0.5999999999999998668, -1.050000000000000266 ) ) ;
#1458 = CARTESIAN_POINT ( 'NONE',  ( -0.6249999999999985567, 0.1270000000000000018, -1.050000000000000266 ) ) ;
#1459 = CIRCLE ( 'NONE', #3804, 0.1250000000000001110 ) ;
#1460 = LINE ( 'NONE', #2530, #1398 ) ;
#1461 = ORIENTED_EDGE ( 'NONE', *, *, #3577, .F. ) ;
#1462 = CARTESIAN_POINT ( 'NONE',  ( 0.3750000000000016098, 0.000000000000000000, 0.7750000000000004663 ) ) ;
#1463 = EDGE_CURVE ( 'NONE', #842, #3442, #2044, .T. ) ;
#1464 = EDGE_CURVE ( 'NONE', #1246, #2842, #718, .T. ) ;
#1465 = SURFACE_STYLE_FILL_AREA ( #2830 ) ;
#1466 = DIRECTION ( 'NONE',  ( 0.000000000000000000, 1.000000000000000000, 0.000000000000000000 ) ) ;
#1467 = FACE_OUTER_BOUND ( 'NONE', #1386, .T. ) ;
#1468 = CARTESIAN_POINT ( 'NONE',  ( -0.4999999999999986122, 0.1270000000000000018, 0.7750000000000004663 ) ) ;
#1469 = EDGE_CURVE ( 'NONE', #922, #954, #733, .T. ) ;
#1470 = LINE ( 'NONE', #2025, #1582 ) ;
#1471 = VECTOR ( 'NONE', #711, 1000.000000000000000 ) ;
#1472 = DIRECTION ( 'NONE',  ( 0.000000000000000000, 1.000000000000000000, 0.000000000000000000 ) ) ;
#1473 = ORIENTED_EDGE ( 'NONE', *, *, #2911, .F. ) ;
#1474 = DIRECTION ( 'NONE',  ( -5.913830031739118501E-16, 0.000000000000000000, -1.000000000000000000 ) ) ;
#1475 = ADVANCED_FACE ( 'NONE', ( #3330 ), #570, .F. ) ;
#1476 = VECTOR ( 'NONE', #1591, 1000.000000000000000 ) ;
#1477 = ADVANCED_FACE ( 'NONE', ( #2038 ), #866, .F. ) ;
#1478 = FACE_OUTER_BOUND ( 'NONE', #1969, .T. ) ;
#1479 = VERTEX_POINT ( 'NONE', #2253 ) ;
#1480 = DIRECTION ( 'NONE',  ( 0.000000000000000000, 0.000000000000000000, -1.000000000000000000 ) ) ;
#1481 = DIRECTION ( 'NONE',  ( 0.000000000000000000, 0.000000000000000000, -1.000000000000000000 ) ) ;
#1482 = CARTESIAN_POINT ( 'NONE',  ( -0.1500000000000003830, 0.1270000000000000018, -0.1249999999999996808 ) ) ;
#1483 = LINE ( 'NONE', #3698, #2788 ) ;
#1484 = AXIS2_PLACEMENT_3D ( 'NONE', #853, #1224, #1526 ) ;
#1485 = CYLINDRICAL_SURFACE ( 'NONE', #2889, 0.1250000000000001110 ) ;
#1486 = ORIENTED_EDGE ( 'NONE', *, *, #63, .F. ) ;
#1487 = DIRECTION ( 'NONE',  ( 0.000000000000000000, 0.000000000000000000, 1.000000000000000000 ) ) ;
#1488 = DIRECTION ( 'NONE',  ( 0.000000000000000000, 0.000000000000000000, 1.000000000000000000 ) ) ;
#1489 = AXIS2_PLACEMENT_3D ( 'NONE', #3524, #1700, #2941 ) ;
#1490 = LINE ( 'NONE', #598, #1567 ) ;
#1491 = CARTESIAN_POINT ( 'NONE',  ( 0.8000000000000003775, 0.1270000000000000018, -0.1249999999999994588 ) ) ;
#1492 = VECTOR ( 'NONE', #2821, 1000.000000000000000 ) ;
#1493 = ORIENTED_EDGE ( 'NONE', *, *, #637, .T. ) ;
#1494 = AXIS2_PLACEMENT_3D ( 'NONE', #878, #65, #1748 ) ;
#1495 = FACE_OUTER_BOUND ( 'NONE', #3227, .T. ) ;
#1496 = LINE ( 'NONE', #3788, #2689 ) ;
#1497 = EDGE_CURVE ( 'NONE', #752, #2397, #616, .T. ) ;
#1498 = ADVANCED_FACE ( 'NONE', ( #3336 ), #1098, .T. ) ;
#1499 = VERTEX_POINT ( 'NONE', #3343 ) ;
#1500 = DIRECTION ( 'NONE',  ( 0.000000000000000000, -0.000000000000000000, -1.000000000000000000 ) ) ;
#1501 = CARTESIAN_POINT ( 'NONE',  ( 0.7999999999999997113, 0.05000000000000000278, -1.050000000000000266 ) ) ;
#1502 = EDGE_LOOP ( 'NONE', ( #2046, #1235, #3512, #704 ) ) ;
#1503 = VECTOR ( 'NONE', #398, 1000.000000000000000 ) ;
#1504 = FACE_OUTER_BOUND ( 'NONE', #1050, .T. ) ;
#1505 = ORIENTED_EDGE ( 'NONE', *, *, #2417, .F. ) ;
#1506 = DIRECTION ( 'NONE',  ( 1.000000000000000000, -0.000000000000000000, 0.000000000000000000 ) ) ;
#1507 = EDGE_CURVE ( 'NONE', #2511, #1793, #627, .T. ) ;
#1508 = DIRECTION ( 'NONE',  ( 0.000000000000000000, 1.000000000000000000, 0.000000000000000000 ) ) ;
#1509 =( GEOMETRIC_REPRESENTATION_CONTEXT ( 3 ) GLOBAL_UNCERTAINTY_ASSIGNED_CONTEXT ( ( #41 ) ) GLOBAL_UNIT_ASSIGNED_CONTEXT ( ( #2927, #1236, #861 ) ) REPRESENTATION_CONTEXT ( 'NONE', 'WORKASPACE' ) );
#1510 = ORIENTED_EDGE ( 'NONE', *, *, #2900, .T. ) ;
#1512 = ADVANCED_FACE ( 'NONE', ( #1948 ), #2415, .T. ) ;
#1511 = FILL_AREA_STYLE_COLOUR ( '', #3281 ) ;
#1513 = DIRECTION ( 'NONE',  ( 0.000000000000000000, -0.000000000000000000, 1.000000000000000000 ) ) ;
#1514 = FACE_OUTER_BOUND ( 'NONE', #2151, .T. ) ;
#1515 = VECTOR ( 'NONE', #2285, 1000.000000000000000 ) ;
#1516 = EDGE_CURVE ( 'NONE', #1430, #3700, #1943, .T. ) ;
#1517 = DIRECTION ( 'NONE',  ( 0.000000000000000000, 0.000000000000000000, 1.000000000000000000 ) ) ;
#1518 = EDGE_CURVE ( 'NONE', #1608, #985, #640, .T. ) ;
#1519 = ORIENTED_EDGE ( 'NONE', *, *, #310, .F. ) ;
#1520 = EDGE_CURVE ( 'NONE', #3242, #2174, #3255, .T. ) ;
#1521 = PLANE ( 'NONE',  #3563 ) ;
#1522 = DIRECTION ( 'NONE',  ( 1.000000000000000000, -0.000000000000000000, 0.000000000000000000 ) ) ;
#1523 = PRESENTATION_STYLE_ASSIGNMENT (( #1916 ) ) ;
#1524 = ORIENTED_EDGE ( 'NONE', *, *, #1569, .T. ) ;
#1525 = EDGE_LOOP ( 'NONE', ( #1603, #2884, #3592, #2317 ) ) ;
#1526 = DIRECTION ( 'NONE',  ( 0.000000000000000000, 0.000000000000000000, -1.000000000000000000 ) ) ;
#1527 = EDGE_CURVE ( 'NONE', #3114, #842, #3458, .T. ) ;
#1528 = VECTOR ( 'NONE', #1778, 1000.000000000000000 ) ;
#1529 = ORIENTED_EDGE ( 'NONE', *, *, #2389, .F. ) ;
#1530 = DIRECTION ( 'NONE',  ( -0.000000000000000000, -1.000000000000000000, -0.000000000000000000 ) ) ;
#1531 = CARTESIAN_POINT ( 'NONE',  ( 1.409462824231155764E-15, 0.1270000000000000018, 0.7750000000000004663 ) ) ;
#1532 = ORIENTED_EDGE ( 'NONE', *, *, #1291, .F. ) ;
#1533 = CARTESIAN_POINT ( 'NONE',  ( 0.4000000000000004108, 0.1270000000000000018, 0.1250000000000001110 ) ) ;
#1534 = ADVANCED_FACE ( 'NONE', ( #2178 ), #3424, .T. ) ;
#1535 = ORIENTED_EDGE ( 'NONE', *, *, #513, .F. ) ;
#1536 = DIRECTION ( 'NONE',  ( 7.885106708985491006E-16, -0.000000000000000000, 1.000000000000000000 ) ) ;
#1537 = ORIENTED_EDGE ( 'NONE', *, *, #3033, .T. ) ;
#1538 = AXIS2_PLACEMENT_3D ( 'NONE', #302, #1781, #2740 ) ;
#1539 = PLANE ( 'NONE',  #3219 ) ;
#1540 = LINE ( 'NONE', #1875, #1587 ) ;
#1541 = ORIENTED_EDGE ( 'NONE', *, *, #1632, .F. ) ;
#1542 = AXIS2_PLACEMENT_3D ( 'NONE', #3354, #1055, #1706 ) ;
#1543 = ORIENTED_EDGE ( 'NONE', *, *, #23, .T. ) ;
#1544 = DIRECTION ( 'NONE',  ( 1.000000000000000000, 0.000000000000000000, 0.000000000000000000 ) ) ;
#1545 = CARTESIAN_POINT ( 'NONE',  ( -0.3749999999999982236, 0.5986990566028304039, -0.7750000000000004663 ) ) ;
#1546 = LINE ( 'NONE', #936, #2839 ) ;
#1547 = VERTEX_POINT ( 'NONE', #161 ) ;
#1548 = VERTEX_POINT ( 'NONE', #349 ) ;
#1549 = CARTESIAN_POINT ( 'NONE',  ( -0.6222222222222223431, 0.4999999999999998890, -0.7922222222222224941 ) ) ;
#1550 = EDGE_CURVE ( 'NONE', #3389, #2023, #797, .T. ) ;
#1551 = LINE ( 'NONE', #2600, #2846 ) ;
#1552 = FILL_AREA_STYLE_COLOUR ( '', #1231 ) ;
#1553 = DIRECTION ( 'NONE',  ( -0.000000000000000000, -1.000000000000000000, -0.000000000000000000 ) ) ;
#1554 = ORIENTED_EDGE ( 'NONE', *, *, #219, .T. ) ;
#1555 = EDGE_CURVE ( 'NONE', #1119, #2111, #781, .T. ) ;
#1556 = FACE_OUTER_BOUND ( 'NONE', #3460, .T. ) ;
#1557 = ORIENTED_EDGE ( 'NONE', *, *, #3490, .T. ) ;
#1558 = EDGE_LOOP ( 'NONE', ( #2547, #1928, #2654, #2105 ) ) ;
#1559 = CARTESIAN_POINT ( 'NONE',  ( 0.6250000000000015543, 0.1270000000000000018, 0.7750000000000004663 ) ) ;
#1560 = DIRECTION ( 'NONE',  ( 0.000000000000000000, 0.000000000000000000, -1.000000000000000000 ) ) ;
#1561 = EDGE_CURVE ( 'NONE', #3582, #740, #3405, .T. ) ;
#1562 = VECTOR ( 'NONE', #2048, 1000.000000000000000 ) ;
#1563 = DIRECTION ( 'NONE',  ( 0.000000000000000000, 0.000000000000000000, 1.000000000000000000 ) ) ;
#1564 = EDGE_LOOP ( 'NONE', ( #2723, #1519, #964, #2066, #2292 ) ) ;
#1565 = DIRECTION ( 'NONE',  ( -1.000000000000000000, 0.000000000000000000, -5.421010862427523156E-16 ) ) ;
#1566 = DIRECTION ( 'NONE',  ( 0.000000000000000000, 0.000000000000000000, -1.000000000000000000 ) ) ;
#1567 = VECTOR ( 'NONE', #788, 1000.000000000000000 ) ;
#1568 = DIRECTION ( 'NONE',  ( -0.000000000000000000, -1.000000000000000000, -0.000000000000000000 ) ) ;
#1569 = EDGE_CURVE ( 'NONE', #1233, #555, #3447, .T. ) ;
#1570 = EDGE_LOOP ( 'NONE', ( #3815, #2332, #1069, #313 ) ) ;
#1571 = DIRECTION ( 'NONE',  ( 0.000000000000000000, -0.000000000000000000, 1.000000000000000000 ) ) ;
#1572 = VECTOR ( 'NONE', #3160, 1000.000000000000000 ) ;
#1573 = CIRCLE ( 'NONE', #3055, 0.1250000000000000000 ) ;
#1574 = CARTESIAN_POINT ( 'NONE',  ( 0.5000000000000014433, 0.1270000000000000018, 0.7750000000000004663 ) ) ;
#1575 = ORIENTED_EDGE ( 'NONE', *, *, #411, .T. ) ;
#1576 =( GEOMETRIC_REPRESENTATION_CONTEXT ( 3 ) GLOBAL_UNCERTAINTY_ASSIGNED_CONTEXT ( ( #3008 ) ) GLOBAL_UNIT_ASSIGNED_CONTEXT ( ( #2720, #2633, #2932 ) ) REPRESENTATION_CONTEXT ( 'NONE', 'WORKASPACE' ) );
#1577 = LINE ( 'NONE', #2006, #1528 ) ;
#1578 = PLANE ( 'NONE',  #1844 ) ;
#1579 = DIRECTION ( 'NONE',  ( 1.971276677246372752E-16, 0.000000000000000000, 1.000000000000000000 ) ) ;
#1580 = ORIENTED_EDGE ( 'NONE', *, *, #634, .T. ) ;
#1581 = CARTESIAN_POINT ( 'NONE',  ( -0.3749999999999981681, 0.5986990566028304039, 1.050000000000000266 ) ) ;
#1582 = VECTOR ( 'NONE', #2705, 1000.000000000000000 ) ;
#1583 = MECHANICAL_DESIGN_GEOMETRIC_PRESENTATION_REPRESENTATION (  '', ( #2855 ), #3509 ) ;
#1584 = CIRCLE ( 'NONE', #1028, 0.1250000000000001110 ) ;
#1585 = ORIENTED_EDGE ( 'NONE', *, *, #3271, .T. ) ;
#1586 = CARTESIAN_POINT ( 'NONE',  ( -0.4000000000000004108, 0.5986990566028302929, -0.1249999999999996808 ) ) ;
#1587 = VECTOR ( 'NONE', #378, 1000.000000000000000 ) ;
#1588 = EDGE_CURVE ( 'NONE', #3793, #1072, #2102, .T. ) ;
#1589 = VECTOR ( 'NONE', #2234, 1000.000000000000000 ) ;
#1590 = ORIENTED_EDGE ( 'NONE', *, *, #3877, .F. ) ;
#1591 = DIRECTION ( 'NONE',  ( 0.000000000000000000, -1.000000000000000000, 0.000000000000000000 ) ) ;
#1592 = EDGE_CURVE ( 'NONE', #975, #2562, #3473, .T. ) ;
#1593 = DIRECTION ( 'NONE',  ( -1.000000000000000000, 0.000000000000000000, 0.000000000000000000 ) ) ;
#1594 = FILL_AREA_STYLE_COLOUR ( '', #3226 ) ;
#1595 = VECTOR ( 'NONE', #3001, 1000.000000000000000 ) ;
#1596 = EDGE_CURVE ( 'NONE', #2155, #2157, #776, .T. ) ;
#1597 = DIRECTION ( 'NONE',  ( 0.000000000000000000, -1.000000000000000000, 0.000000000000000000 ) ) ;
#1598 = VERTEX_POINT ( 'NONE', #680 ) ;
#1599 = CARTESIAN_POINT ( 'NONE',  ( 0.2750000000000004108, 0.5986990566028302929, -0.2499999999999996392 ) ) ;
#1600 = EDGE_CURVE ( 'NONE', #1694, #3753, #2070, .T. ) ;
#1601 = FACE_OUTER_BOUND ( 'NONE', #445, .T. ) ;
#1602 = DIRECTION ( 'NONE',  ( 0.000000000000000000, 1.000000000000000000, 0.000000000000000000 ) ) ;
#1603 = ORIENTED_EDGE ( 'NONE', *, *, #1734, .F. ) ;
#1604 = DIRECTION ( 'NONE',  ( 0.000000000000000000, 0.000000000000000000, -1.000000000000000000 ) ) ;
#1605 = DIRECTION ( 'NONE',  ( 0.000000000000000000, -1.000000000000000000, 0.000000000000000000 ) ) ;
#1606 = VECTOR ( 'NONE', #3382, 1000.000000000000000 ) ;
#1607 = FACE_BOUND ( 'NONE', #962, .T. ) ;
#1608 = VERTEX_POINT ( 'NONE', #3043 ) ;
#1609 = DIRECTION ( 'NONE',  ( 0.000000000000000000, 1.000000000000000000, 0.000000000000000000 ) ) ;
#1611 = EDGE_CURVE ( 'NONE', #3426, #2495, #2156, .T. ) ;
#1610 = DIRECTION ( 'NONE',  ( 7.885106708985491006E-16, -0.000000000000000000, 1.000000000000000000 ) ) ;
#1612 = FACE_OUTER_BOUND ( 'NONE', #1273, .T. ) ;
#1613 = ORIENTED_EDGE ( 'NONE', *, *, #3271, .F. ) ;
#1614 = CARTESIAN_POINT ( 'NONE',  ( 0.5000000000000014433, 0.1270000000000000018, 0.6500000000000003553 ) ) ;
#1615 =( NAMED_UNIT ( * ) PLANE_ANGLE_UNIT ( ) SI_UNIT ( $, .RADIAN. ) );
#1616 = DIRECTION ( 'NONE',  ( 7.885106708985491006E-16, -0.000000000000000000, 1.000000000000000000 ) ) ;
#1617 = VECTOR ( 'NONE', #3828, 1000.000000000000000 ) ;
#1618 = PLANE ( 'NONE',  #1081 ) ;
#1619 = AXIS2_PLACEMENT_3D ( 'NONE', #1878, #2860, #2518 ) ;
#1620 = ORIENTED_EDGE ( 'NONE', *, *, #554, .F. ) ;
#1621 = AXIS2_PLACEMENT_3D ( 'NONE', #2479, #418, #1680 ) ;
#1622 = LINE ( 'NONE', #82, #1595 ) ;
#1623 = VERTEX_POINT ( 'NONE', #921 ) ;
#1624 = DIRECTION ( 'NONE',  ( 0.000000000000000000, -0.000000000000000000, 1.000000000000000000 ) ) ;
#1625 = DIRECTION ( 'NONE',  ( -1.000000000000000000, 0.000000000000000000, 0.000000000000000000 ) ) ;
#1626 = EDGE_CURVE ( 'NONE', #3518, #2818, #2060, .T. ) ;
#1627 = AXIS2_PLACEMENT_3D ( 'NONE', #769, #1472, #3224 ) ;
#1628 = DIRECTION ( 'NONE',  ( -0.000000000000000000, 0.000000000000000000, 1.000000000000000000 ) ) ;
#1629 = VECTOR ( 'NONE', #1115, 1000.000000000000000 ) ;
#1630 = CARTESIAN_POINT ( 'NONE',  ( -0.3749999999999981681, 0.1270000000000000018, 1.050000000000000266 ) ) ;
#1631 = ORIENTED_EDGE ( 'NONE', *, *, #1596, .F. ) ;
#1632 = EDGE_CURVE ( 'NONE', #2194, #563, #2185, .T. ) ;
#1633 = DIRECTION ( 'NONE',  ( 0.000000000000000000, 0.000000000000000000, 1.000000000000000000 ) ) ;
#1634 = SURFACE_SIDE_STYLE ('',( #1148 ) ) ;
#1635 = CARTESIAN_POINT ( 'NONE',  ( -0.8000000000000003775, 0.000000000000000000, -0.1249999999999994588 ) ) ;
#1636 = CIRCLE ( 'NONE', #1489, 0.1250000000000001110 ) ;
#1637 = VERTEX_POINT ( 'NONE', #2498 ) ;
#1638 = CARTESIAN_POINT ( 'NONE',  ( -0.6222222222222223431, 0.5999999999999999778, -0.8722222222222224541 ) ) ;
#1639 = DIRECTION ( 'NONE',  ( -5.421010862427523156E-16, 0.000000000000000000, -1.000000000000000000 ) ) ;
#1640 = EDGE_CURVE ( 'NONE', #1754, #1073, #2171, .T. ) ;
#1641 = CARTESIAN_POINT ( 'NONE',  ( 0.2750000000000004108, 0.1270000000000000018, 0.1250000000000001110 ) ) ;
#1642 = FACE_OUTER_BOUND ( 'NONE', #241, .T. ) ;
#1643 = PLANE ( 'NONE',  #280 ) ;
#1644 = EDGE_LOOP ( 'NONE', ( #1384, #1325, #863, #475, #1362 ) ) ;
#1645 = ADVANCED_FACE ( 'NONE', ( #3365 ), #1846, .T. ) ;
#1646 = VECTOR ( 'NONE', #1726, 1000.000000000000000 ) ;
#1647 = EDGE_CURVE ( 'NONE', #3017, #622, #3430, .T. ) ;
#1648 = CARTESIAN_POINT ( 'NONE',  ( 0.8000000000000003775, 0.1270000000000000018, 0.3750000000000005551 ) ) ;
#1649 = DIRECTION ( 'NONE',  ( -0.000000000000000000, -0.000000000000000000, 1.000000000000000000 ) ) ;
#1650 = CARTESIAN_POINT ( 'NONE',  ( 0.4000000000000004108, 0.5986990566028302929, 0.1250000000000001110 ) ) ;
#1651 = VECTOR ( 'NONE', #473, 1000.000000000000000 ) ;
#1652 = DIRECTION ( 'NONE',  ( 0.000000000000000000, -1.000000000000000000, 0.000000000000000000 ) ) ;
#1653 = CARTESIAN_POINT ( 'NONE',  ( -0.6222222222222223431, 0.4999999999999998890, -0.8722222222222224541 ) ) ;
#1654 = LINE ( 'NONE', #1785, #1714 ) ;
#1655 = CARTESIAN_POINT ( 'NONE',  ( 0.6250000000000018874, 0.000000000000000000, 0.7750000000000004663 ) ) ;
#1656 = LINE ( 'NONE', #2615, #2966 ) ;
#1657 = ORIENTED_EDGE ( 'NONE', *, *, #3156, .F. ) ;
#1658 =( NAMED_UNIT ( * ) SI_UNIT ( $, .STERADIAN. ) SOLID_ANGLE_UNIT ( ) );
#1659 = CARTESIAN_POINT ( 'NONE',  ( 0.8000000000000003775, 0.1270000000000000018, -0.1249999999999994588 ) ) ;
#1660 = FACE_OUTER_BOUND ( 'NONE', #1248, .T. ) ;
#1661 = AXIS2_PLACEMENT_3D ( 'NONE', #1321, #1827, #1908 ) ;
#1662 = DIRECTION ( 'NONE',  ( -5.913830031739118501E-16, 0.000000000000000000, -1.000000000000000000 ) ) ;
#1663 = CARTESIAN_POINT ( 'NONE',  ( -0.4000000000000004108, 0.1270000000000000018, -0.1249999999999996808 ) ) ;
#1664 = FACE_OUTER_BOUND ( 'NONE', #3852, .T. ) ;
#1665 = AXIS2_PLACEMENT_3D ( 'NONE', #2088, #3606, #1566 ) ;
#1666 = CARTESIAN_POINT ( 'NONE',  ( 0.1250000000000018319, 0.1269999999999999463, 1.050000000000000044 ) ) ;
#1667 = CARTESIAN_POINT ( 'NONE',  ( -0.8000000000000003775, 0.000000000000000000, -0.1249999999999994588 ) ) ;
#1668 = ORIENTED_EDGE ( 'NONE', *, *, #634, .F. ) ;
#1669 = EDGE_CURVE ( 'NONE', #3027, #3762, #856, .T. ) ;
#1670 = CIRCLE ( 'NONE', #2344, 0.1250000000000000000 ) ;
#1671 = ORIENTED_EDGE ( 'NONE', *, *, #2429, .F. ) ;
#1672 = CARTESIAN_POINT ( 'NONE',  ( -0.8000000000000003775, 0.05000000000000012768, -0.3749999999999998890 ) ) ;
#1673 = CARTESIAN_POINT ( 'NONE',  ( -0.2750000000000002998, 0.1270000000000000018, 0.3750000000000003886 ) ) ;
#1674 = LINE ( 'NONE', #3183, #3013 ) ;
#1675 = ADVANCED_FACE ( 'NONE', ( #3381 ), #1074, .T. ) ;
#1676 = FACE_OUTER_BOUND ( 'NONE', #3194, .T. ) ;
#1677 = CARTESIAN_POINT ( 'NONE',  ( 0.1250000000000018319, 0.05000000000000012768, 1.050000000000000266 ) ) ;
#1678 = EDGE_LOOP ( 'NONE', ( #1134, #1168, #1631, #2462, #1761 ) ) ;
#1679 = CARTESIAN_POINT ( 'NONE',  ( 0.4000000000000004108, 0.000000000000000000, 0.3750000000000003331 ) ) ;
#1680 = DIRECTION ( 'NONE',  ( 0.000000000000000000, 0.000000000000000000, -1.000000000000000000 ) ) ;
#1681 = VECTOR ( 'NONE', #1506, 1000.000000000000000 ) ;
#1682 = CARTESIAN_POINT ( 'NONE',  ( 0.3750000000000016098, 0.5986990566028304039, 1.050000000000000266 ) ) ;
#1683 = EDGE_CURVE ( 'NONE', #2599, #176, #828, .T. ) ;
#1684 = CIRCLE ( 'NONE', #3449, 0.1250000000000000000 ) ;
#1685 = VERTEX_POINT ( 'NONE', #1648 ) ;
#1686 = DIRECTION ( 'NONE',  ( -0.000000000000000000, -1.000000000000000000, -0.000000000000000000 ) ) ;
#1687 = DIRECTION ( 'NONE',  ( 5.421010862427523156E-16, 0.000000000000000000, -1.000000000000000000 ) ) ;
#1688 = CARTESIAN_POINT ( 'NONE',  ( -0.8000000000000003775, 0.000000000000000000, 0.1250000000000001110 ) ) ;
#1689 = SURFACE_STYLE_USAGE ( .BOTH. , #201 ) ;
#1690 = DIRECTION ( 'NONE',  ( 0.000000000000000000, 0.000000000000000000, -1.000000000000000000 ) ) ;
#1691 = LINE ( 'NONE', #2107, #2896 ) ;
#1692 = DIRECTION ( 'NONE',  ( 0.000000000000000000, 0.000000000000000000, -1.000000000000000000 ) ) ;
#1693 = DIRECTION ( 'NONE',  ( -1.000000000000000000, 0.000000000000000000, -0.000000000000000000 ) ) ;
#1694 = VERTEX_POINT ( 'NONE', #2646 ) ;
#1695 = EDGE_CURVE ( 'NONE', #3433, #920, #887, .T. ) ;
#1696 = VECTOR ( 'NONE', #9, 1000.000000000000000 ) ;
#1697 = VERTEX_POINT ( 'NONE', #3431 ) ;
#1698 = CARTESIAN_POINT ( 'NONE',  ( 0.4000000000000004108, 0.5986990566028302929, 0.3750000000000003331 ) ) ;
#1699 = CARTESIAN_POINT ( 'NONE',  ( -0.1249999999999983763, 0.000000000000000000, 0.7750000000000004663 ) ) ;
#1700 = DIRECTION ( 'NONE',  ( 0.000000000000000000, 1.000000000000000000, -0.000000000000000000 ) ) ;
#1701 = LINE ( 'NONE', #2275, #3100 ) ;
#1702 = DIRECTION ( 'NONE',  ( 7.885106708985491006E-16, -0.000000000000000000, 1.000000000000000000 ) ) ;
#1703 = ORIENTED_EDGE ( 'NONE', *, *, #3835, .F. ) ;
#1704 = AXIS2_PLACEMENT_3D ( 'NONE', #3221, #2094, #2457 ) ;
#1705 = DIRECTION ( 'NONE',  ( 0.000000000000000000, 0.000000000000000000, -1.000000000000000000 ) ) ;
#1706 = DIRECTION ( 'NONE',  ( 5.913830031739118501E-16, 0.000000000000000000, 1.000000000000000000 ) ) ;
#1707 = ADVANCED_FACE ( 'NONE', ( #793 ), #2231, .T. ) ;
#1708 = VECTOR ( 'NONE', #1198, 1000.000000000000000 ) ;
#1709 = ORIENTED_EDGE ( 'NONE', *, *, #440, .F. ) ;
#1710 = PLANE ( 'NONE',  #3070 ) ;
#1711 = AXIS2_PLACEMENT_3D ( 'NONE', #990, #2850, #1416 ) ;
#1712 = DIRECTION ( 'NONE',  ( 7.885106708985491006E-16, -0.000000000000000000, 1.000000000000000000 ) ) ;
#1713 = AXIS2_PLACEMENT_3D ( 'NONE', #1698, #1433, #2938 ) ;
#1714 = VECTOR ( 'NONE', #3651, 1000.000000000000000 ) ;
#1715 = DIRECTION ( 'NONE',  ( -1.000000000000000000, 0.000000000000000000, 5.913830031739118501E-16 ) ) ;
#1716 = CYLINDRICAL_SURFACE ( 'NONE', #2407, 0.1250000000000001110 ) ;
#1717 = DIRECTION ( 'NONE',  ( -0.000000000000000000, -1.000000000000000000, 0.000000000000000000 ) ) ;
#1718 = PLANE ( 'NONE',  #1752 ) ;
#1719 = VERTEX_POINT ( 'NONE', #1672 ) ;
#1720 = EDGE_CURVE ( 'NONE', #176, #306, #2087, .T. ) ;
#1721 = CARTESIAN_POINT ( 'NONE',  ( 0.5000000000000014433, 0.04999999999999999584, 0.7750000000000004663 ) ) ;
#1722 = DIRECTION ( 'NONE',  ( 0.000000000000000000, 0.000000000000000000, 1.000000000000000000 ) ) ;
#1723 = CIRCLE ( 'NONE', #1749, 0.1250000000000001110 ) ;
#1724 = EDGE_LOOP ( 'NONE', ( #2903, #1208, #2546, #2227 ) ) ;
#1725 = CARTESIAN_POINT ( 'NONE',  ( -0.1500000000000003830, 0.5986990566028302929, -0.2499999999999994171 ) ) ;
#1726 = DIRECTION ( 'NONE',  ( 0.000000000000000000, 0.000000000000000000, -1.000000000000000000 ) ) ;
#1727 = EDGE_CURVE ( 'NONE', #3567, #555, #3395, .T. ) ;
#1728 = AXIS2_PLACEMENT_3D ( 'NONE', #2410, #1799, #3810 ) ;
#1729 = DIRECTION ( 'NONE',  ( 0.000000000000000000, -1.000000000000000000, 0.000000000000000000 ) ) ;
#1730 = VECTOR ( 'NONE', #2535, 1000.000000000000000 ) ;
#1731 = CARTESIAN_POINT ( 'NONE',  ( 0.3750000000000016098, 0.1270000000000000018, 0.7750000000000004663 ) ) ;
#1732 = ORIENTED_EDGE ( 'NONE', *, *, #148, .T. ) ;
#1733 = CARTESIAN_POINT ( 'NONE',  ( 0.1250000000000022482, 0.05000000000000000278, -7.392287539674031247E-17 ) ) ;
#1734 = EDGE_CURVE ( 'NONE', #2165, #1084, #750, .T. ) ;
#1735 = CARTESIAN_POINT ( 'NONE',  ( 0.6250000000000018874, 0.1270000000000000018, 1.050000000000000266 ) ) ;
#1736 = CARTESIAN_POINT ( 'NONE',  ( 0.2750000000000002998, 0.000000000000000000, 0.3750000000000003886 ) ) ;
#1737 = SURFACE_STYLE_FILL_AREA ( #3268 ) ;
#1738 = EDGE_LOOP ( 'NONE', ( #529, #3627, #196, #3147, #3270 ) ) ;
#1739 = DIRECTION ( 'NONE',  ( -1.000000000000000000, 0.000000000000000000, 5.421010862427523156E-16 ) ) ;
#1740 = MANIFOLD_SOLID_BREP ( 'Move Face2[1]', #3631 ) ;
#1742 = ADVANCED_FACE ( 'NONE', ( #2054 ), #2262, .F. ) ;
#1741 = CARTESIAN_POINT ( 'NONE',  ( 0.2750000000000004108, 0.1270000000000000018, 0.2500000000000001110 ) ) ;
#1743 = CARTESIAN_POINT ( 'NONE',  ( 1.409462824231155764E-15, 0.000000000000000000, 0.7750000000000004663 ) ) ;
#1744 = DIRECTION ( 'NONE',  ( -1.971276677246372752E-16, 0.000000000000000000, -1.000000000000000000 ) ) ;
#1745 = ORIENTED_EDGE ( 'NONE', *, *, #3328, .F. ) ;
#1746 = VECTOR ( 'NONE', #3695, 1000.000000000000000 ) ;
#1747 = VERTEX_POINT ( 'NONE', #3826 ) ;
#1748 = DIRECTION ( 'NONE',  ( 0.000000000000000000, 0.000000000000000000, -1.000000000000000000 ) ) ;
#1749 = AXIS2_PLACEMENT_3D ( 'NONE', #1531, #2656, #2687 ) ;
#1750 = CARTESIAN_POINT ( 'NONE',  ( -0.1500000000000003830, 0.5986990566028302929, -0.1249999999999996808 ) ) ;
#1751 = CIRCLE ( 'NONE', #966, 0.1250000000000001110 ) ;
#1752 = AXIS2_PLACEMENT_3D ( 'NONE', #2161, #1338, #2907 ) ;
#1753 = CARTESIAN_POINT ( 'NONE',  ( 0.6250000000000015543, 0.000000000000000000, 0.7750000000000004663 ) ) ;
#1754 = VERTEX_POINT ( 'NONE', #2864 ) ;
#1755 = UNCERTAINTY_MEASURE_WITH_UNIT (LENGTH_MEASURE( 1.000000000000000082E-05 ), #266, 'distance_accuracy_value', 'NONE');
#1756 = CARTESIAN_POINT ( 'NONE',  ( 0.2750000000000004108, 0.1270000000000000018, -0.2499999999999998890 ) ) ;
#1757 = DIRECTION ( 'NONE',  ( 0.000000000000000000, -1.000000000000000000, 0.000000000000000000 ) ) ;
#1758 = EDGE_CURVE ( 'NONE', #2318, #2818, #2063, .T. ) ;
#1759 = LINE ( 'NONE', #3016, #3049 ) ;
#1760 = STYLED_ITEM ( 'NONE', ( #3243 ), #1854 ) ;
#1761 = ORIENTED_EDGE ( 'NONE', *, *, #1068, .F. ) ;
#1762 = DIRECTION ( 'NONE',  ( 0.000000000000000000, 1.000000000000000000, -0.000000000000000000 ) ) ;
#1763 = DIRECTION ( 'NONE',  ( -5.421010862427523156E-16, 0.000000000000000000, -1.000000000000000000 ) ) ;
#1764 = CARTESIAN_POINT ( 'NONE',  ( 0.2750000000000004108, 0.05000000000000000278, -0.3749999999999998890 ) ) ;
#1765 = EDGE_CURVE ( 'NONE', #2157, #3129, #3368, .T. ) ;
#1766 = CARTESIAN_POINT ( 'NONE',  ( 0.8000000000000003775, 0.05000000000000012768, -0.3749999999999998890 ) ) ;
#1767 = ORIENTED_EDGE ( 'NONE', *, *, #3712, .F. ) ;
#1768 = DIRECTION ( 'NONE',  ( -0.000000000000000000, -1.000000000000000000, 0.000000000000000000 ) ) ;
#1769 = ADVANCED_FACE ( 'NONE', ( #692 ), #816, .T. ) ;
#1770 = VECTOR ( 'NONE', #3091, 1000.000000000000000 ) ;
#1771 = ORIENTED_EDGE ( 'NONE', *, *, #3233, .T. ) ;
#1772 = EDGE_CURVE ( 'NONE', #18, #597, #1932, .T. ) ;
#1773 = CARTESIAN_POINT ( 'NONE',  ( 0.000000000000000000, 0.05000000000000000278, -0.3749999999999998890 ) ) ;
#1774 = CARTESIAN_POINT ( 'NONE',  ( 0.5000000000000014433, 0.1270000000000000018, 0.7750000000000004663 ) ) ;
#1775 = DIRECTION ( 'NONE',  ( -1.000000000000000000, 0.000000000000000000, 0.000000000000000000 ) ) ;
#1776 = CARTESIAN_POINT ( 'NONE',  ( -0.1249999999999986955, 0.000000000000000000, -0.7750000000000004663 ) ) ;
#1777 = LINE ( 'NONE', #1501, #3014 ) ;
#1778 = DIRECTION ( 'NONE',  ( -5.913830031739118501E-16, 0.000000000000000000, -1.000000000000000000 ) ) ;
#1779 = EDGE_CURVE ( 'NONE', #2611, #2202, #742, .T. ) ;
#1780 = ORIENTED_EDGE ( 'NONE', *, *, #3316, .T. ) ;
#1781 = DIRECTION ( 'NONE',  ( 0.000000000000000000, -0.000000000000000000, 1.000000000000000000 ) ) ;
#1782 = CARTESIAN_POINT ( 'NONE',  ( 0.8000000000000003775, 0.1270000000000000018, 0.1250000000000001110 ) ) ;
#1783 = LINE ( 'NONE', #2365, #1696 ) ;
#1784 = ORIENTED_EDGE ( 'NONE', *, *, #590, .T. ) ;
#1785 = CARTESIAN_POINT ( 'NONE',  ( -0.4000000000000004108, 0.000000000000000000, 0.1250000000000001110 ) ) ;
#1786 = EDGE_CURVE ( 'NONE', #1070, #1142, #3324, .T. ) ;
#1787 = FILL_AREA_STYLE ('',( #1511 ) ) ;
#1788 = VERTEX_POINT ( 'NONE', #3605 ) ;
#1789 = EDGE_LOOP ( 'NONE', ( #2561, #1575, #2899, #3622 ) ) ;
#1790 = PLANE ( 'NONE',  #3295 ) ;
#1791 = AXIS2_PLACEMENT_3D ( 'NONE', #326, #1763, #282 ) ;
#1792 = CIRCLE ( 'NONE', #3256, 0.07999999999999998779 ) ;
#1793 = VERTEX_POINT ( 'NONE', #1272 ) ;
#1794 = EDGE_CURVE ( 'NONE', #3573, #954, #652, .T. ) ;
#1795 = CARTESIAN_POINT ( 'NONE',  ( -0.4999999999999986122, 0.1270000000000000018, -0.7750000000000004663 ) ) ;
#1796 = AXIS2_PLACEMENT_3D ( 'NONE', #1574, #3335, #581 ) ;
#1797 = FACE_OUTER_BOUND ( 'NONE', #64, .T. ) ;
#1798 = VERTEX_POINT ( 'NONE', #877 ) ;
#1799 = DIRECTION ( 'NONE',  ( -1.000000000000000000, 0.000000000000000000, 1.971276677246372998E-16 ) ) ;
#1800 = CARTESIAN_POINT ( 'NONE',  ( 0.1250000000000015266, 0.04999999999999999584, 0.7750000000000004663 ) ) ;
#1801 = CARTESIAN_POINT ( 'NONE',  ( 0.7999999999999997113, 0.05000000000000000278, 1.050000000000000044 ) ) ;
#1802 = LINE ( 'NONE', #2424, #1708 ) ;
#1803 = PLANE ( 'NONE',  #2505 ) ;
#1804 = ORIENTED_EDGE ( 'NONE', *, *, #2744, .F. ) ;
#1805 = EDGE_CURVE ( 'NONE', #1719, #1623, #714, .T. ) ;
#1806 = EDGE_CURVE ( 'NONE', #1314, #975, #3237, .T. ) ;
#1807 = LINE ( 'NONE', #193, #1746 ) ;
#1808 = EDGE_CURVE ( 'NONE', #433, #3425, #3326, .T. ) ;
#1809 = EDGE_LOOP ( 'NONE', ( #22, #3472, #2132, #1784 ) ) ;
#1810 =( LENGTH_UNIT ( ) NAMED_UNIT ( * ) SI_UNIT ( .MILLI., .METRE. ) );
#1811 = DIRECTION ( 'NONE',  ( 0.000000000000000000, 0.000000000000000000, -1.000000000000000000 ) ) ;
#1812 = VECTOR ( 'NONE', #3865, 1000.000000000000000 ) ;
#1813 = CARTESIAN_POINT ( 'NONE',  ( -0.6249999999999985567, 0.04999999999999999584, -1.050000000000000266 ) ) ;
#1814 = ORIENTED_EDGE ( 'NONE', *, *, #112, .T. ) ;
#1815 = CARTESIAN_POINT ( 'NONE',  ( 0.3750000000000016098, 0.1270000000000000018, 0.7750000000000004663 ) ) ;
#1816 = FILL_AREA_STYLE_COLOUR ( '', #496 ) ;
#1817 = DIRECTION ( 'NONE',  ( 1.971276677246372752E-16, 0.000000000000000000, 1.000000000000000000 ) ) ;
#1818 = SURFACE_STYLE_FILL_AREA ( #2878 ) ;
#1819 = ORIENTED_EDGE ( 'NONE', *, *, #3539, .F. ) ;
#1820 = DIRECTION ( 'NONE',  ( 1.000000000000000000, 0.000000000000000000, -0.000000000000000000 ) ) ;
#1821 = CARTESIAN_POINT ( 'NONE',  ( -0.6222222222222223431, 0.5999999999999999778, -0.8722222222222224541 ) ) ;
#1822 = DIRECTION ( 'NONE',  ( 0.000000000000000000, 0.000000000000000000, 1.000000000000000000 ) ) ;
#1823 = DIRECTION ( 'NONE',  ( 0.000000000000000000, -1.000000000000000000, 0.000000000000000000 ) ) ;
#1824 = PRESENTATION_LAYER_ASSIGNMENT (  '', '', ( #1137 ) ) ;
#1825 = DIRECTION ( 'NONE',  ( 0.000000000000000000, 1.000000000000000000, 0.000000000000000000 ) ) ;
#1826 = EDGE_LOOP ( 'NONE', ( #2143, #1400, #3613, #108 ) ) ;
#1827 = DIRECTION ( 'NONE',  ( 0.000000000000000000, 1.000000000000000000, 0.000000000000000000 ) ) ;
#1828 = AXIS2_PLACEMENT_3D ( 'NONE', #2579, #2883, #2493 ) ;
#1829 = CYLINDRICAL_SURFACE ( 'NONE', #507, 0.1250000000000000000 ) ;
#1830 = AXIS2_PLACEMENT_3D ( 'NONE', #3796, #240, #2702 ) ;
#1831 = ORIENTED_EDGE ( 'NONE', *, *, #1550, .F. ) ;
#1832 = CARTESIAN_POINT ( 'NONE',  ( 0.3750000000000016098, 0.1270000000000000018, 1.050000000000000266 ) ) ;
#1833 = DIRECTION ( 'NONE',  ( 1.000000000000000000, -0.000000000000000000, 0.000000000000000000 ) ) ;
#1834 = PLANE ( 'NONE',  #3868 ) ;
#1835 = EDGE_CURVE ( 'NONE', #898, #3574, #686, .T. ) ;
#1836 = ORIENTED_EDGE ( 'NONE', *, *, #385, .F. ) ;
#1837 = ADVANCED_FACE ( 'NONE', ( #721 ), #1937, .F. ) ;
#1838 = DIRECTION ( 'NONE',  ( -0.000000000000000000, -0.000000000000000000, 1.000000000000000000 ) ) ;
#1840 = ADVANCED_FACE ( 'NONE', ( #736 ), #92, .F. ) ;
#1839 = SURFACE_SIDE_STYLE ('',( #1818 ) ) ;
#1841 = DIRECTION ( 'NONE',  ( 0.000000000000000000, 0.000000000000000000, -1.000000000000000000 ) ) ;
#1842 = ORIENTED_EDGE ( 'NONE', *, *, #1110, .T. ) ;
#1843 = EDGE_CURVE ( 'NONE', #2668, #3053, #2024, .T. ) ;
#1844 = AXIS2_PLACEMENT_3D ( 'NONE', #20, #1417, #324 ) ;
#1845 = CARTESIAN_POINT ( 'NONE',  ( 0.2750000000000004108, 0.000000000000000000, 0.2500000000000001110 ) ) ;
#1846 = PLANE ( 'NONE',  #3452 ) ;
#1847 = DIRECTION ( 'NONE',  ( 0.000000000000000000, -1.000000000000000000, 0.000000000000000000 ) ) ;
#1848 = ORIENTED_EDGE ( 'NONE', *, *, #888, .T. ) ;
#1849 = DIRECTION ( 'NONE',  ( 0.000000000000000000, 0.000000000000000000, -1.000000000000000000 ) ) ;
#1850 = LINE ( 'NONE', #425, #1910 ) ;
#1851 = ORIENTED_EDGE ( 'NONE', *, *, #3628, .F. ) ;
#1852 = CARTESIAN_POINT ( 'NONE',  ( 0.6250000000000018874, 0.1270000000000000018, -0.7750000000000004663 ) ) ;
#1853 = DIRECTION ( 'NONE',  ( 0.000000000000000000, 0.000000000000000000, -1.000000000000000000 ) ) ;
#1854 = MANIFOLD_SOLID_BREP ( 'Move Face2[2]', #3547 ) ;
#1855 = EDGE_CURVE ( 'NONE', #2482, #2318, #2047, .T. ) ;
#1856 = VECTOR ( 'NONE', #2460, 1000.000000000000000 ) ;
#1857 = DIRECTION ( 'NONE',  ( -0.000000000000000000, -1.000000000000000000, -0.000000000000000000 ) ) ;
#1858 = ORIENTED_EDGE ( 'NONE', *, *, #1695, .T. ) ;
#1859 = DIRECTION ( 'NONE',  ( 1.000000000000000000, 0.000000000000000000, -0.000000000000000000 ) ) ;
#1860 = CARTESIAN_POINT ( 'NONE',  ( 1.409462824231155764E-15, 0.5986990566028304039, 0.6500000000000003553 ) ) ;
#1861 = CARTESIAN_POINT ( 'NONE',  ( 0.3750000000000016098, 0.04999999999999999584, 0.7750000000000004663 ) ) ;
#1862 = VECTOR ( 'NONE', #102, 1000.000000000000000 ) ;
#1863 = VERTEX_POINT ( 'NONE', #7 ) ;
#1864 = AXIS2_PLACEMENT_3D ( 'NONE', #673, #3703, #2542 ) ;
#1865 = DIRECTION ( 'NONE',  ( 0.000000000000000000, -1.000000000000000000, 0.000000000000000000 ) ) ;
#1866 = ORIENTED_EDGE ( 'NONE', *, *, #1152, .T. ) ;
#1867 = AXIS2_PLACEMENT_3D ( 'NONE', #1650, #1628, #373 ) ;
#1868 = CARTESIAN_POINT ( 'NONE',  ( -0.4000000000000004108, 0.000000000000000000, -0.1249999999999996808 ) ) ;
#1869 = AXIS2_PLACEMENT_3D ( 'NONE', #2912, #3168, #2678 ) ;
#1870 = FACE_OUTER_BOUND ( 'NONE', #2446, .T. ) ;
#1871 = ORIENTED_EDGE ( 'NONE', *, *, #2417, .T. ) ;
#1872 = CARTESIAN_POINT ( 'NONE',  ( -0.6249999999999983347, 0.1270000000000000018, 0.7750000000000004663 ) ) ;
#1873 = EDGE_CURVE ( 'NONE', #3425, #2212, #3306, .T. ) ;
#1874 = LINE ( 'NONE', #2741, #3204 ) ;
#1875 = CARTESIAN_POINT ( 'NONE',  ( -0.1249999999999983763, 0.05000000000000000278, 0.000000000000000000 ) ) ;
#1876 = ORIENTED_EDGE ( 'NONE', *, *, #409, .T. ) ;
#1877 =( NAMED_UNIT ( * ) SI_UNIT ( $, .STERADIAN. ) SOLID_ANGLE_UNIT ( ) );
#1878 = CARTESIAN_POINT ( 'NONE',  ( -0.4000000000000004108, 0.5986990566028302929, -0.3749999999999998890 ) ) ;
#1879 = EDGE_CURVE ( 'NONE', #62, #2838, #677, .T. ) ;
#1880 = CARTESIAN_POINT ( 'NONE',  ( -0.4999999999999986122, 0.1270000000000000018, 0.7750000000000004663 ) ) ;
#1881 = ORIENTED_EDGE ( 'NONE', *, *, #3145, .T. ) ;
#1882 = EDGE_CURVE ( 'NONE', #1193, #1685, #3351, .T. ) ;
#1883 = DIRECTION ( 'NONE',  ( -0.000000000000000000, -1.000000000000000000, -0.000000000000000000 ) ) ;
#1884 = CARTESIAN_POINT ( 'NONE',  ( -0.6222222222222223431, 0.4999999999999998890, -0.7922222222222224941 ) ) ;
#1885 = VERTEX_POINT ( 'NONE', #1832 ) ;
#1886 = ADVANCED_FACE ( 'NONE', ( #758 ), #1521, .F. ) ;
#1887 = ADVANCED_FACE ( 'NONE', ( #3254 ), #613, .F. ) ;
#1888 = DIRECTION ( 'NONE',  ( 0.000000000000000000, -1.000000000000000000, 0.000000000000000000 ) ) ;
#1889 = DIRECTION ( 'NONE',  ( -0.000000000000000000, -1.000000000000000000, -0.000000000000000000 ) ) ;
#1890 = ORIENTED_EDGE ( 'NONE', *, *, #192, .F. ) ;
#1892 = EDGE_CURVE ( 'NONE', #265, #279, #3259, .T. ) ;
#1891 = SURFACE_STYLE_USAGE ( .BOTH. , #1634 ) ;
#1893 = CARTESIAN_POINT ( 'NONE',  ( 0.4000000000000004108, 0.000000000000000000, 0.1250000000000001110 ) ) ;
#1894 = CARTESIAN_POINT ( 'NONE',  ( -0.6249999999999985567, 0.5986990566028304039, -1.050000000000000266 ) ) ;
#1895 = DIRECTION ( 'NONE',  ( -0.000000000000000000, -1.000000000000000000, -0.000000000000000000 ) ) ;
#1896 = ORIENTED_EDGE ( 'NONE', *, *, #1779, .F. ) ;
#1897 = CARTESIAN_POINT ( 'NONE',  ( 0.1250000000000016376, 0.5986990566028304039, -1.050000000000000266 ) ) ;
#1898 = CARTESIAN_POINT ( 'NONE',  ( 0.2750000000000004108, 0.1270000000000000018, 0.1250000000000001110 ) ) ;
#1899 = MECHANICAL_DESIGN_GEOMETRIC_PRESENTATION_REPRESENTATION (  '', ( #179 ), #2065 ) ;
#1900 = VECTOR ( 'NONE', #1228, 1000.000000000000000 ) ;
#1901 = ORIENTED_EDGE ( 'NONE', *, *, #1058, .T. ) ;
#1902 = CARTESIAN_POINT ( 'NONE',  ( -0.6222222222222223431, 0.5999999999999999778, -0.8722222222222224541 ) ) ;
#1903 = FACE_OUTER_BOUND ( 'NONE', #3349, .T. ) ;
#1904 = CARTESIAN_POINT ( 'NONE',  ( 0.000000000000000000, 0.000000000000000000, 0.000000000000000000 ) ) ;
#1905 = AXIS2_PLACEMENT_3D ( 'NONE', #3752, #1639, #1739 ) ;
#1906 = ORIENTED_EDGE ( 'NONE', *, *, #976, .F. ) ;
#1907 = AXIS2_PLACEMENT_3D ( 'NONE', #906, #2396, #1487 ) ;
#1908 = DIRECTION ( 'NONE',  ( 0.000000000000000000, -0.000000000000000000, 1.000000000000000000 ) ) ;
#1909 = CARTESIAN_POINT ( 'NONE',  ( 0.6250000000000015543, 0.1270000000000000018, 0.7750000000000004663 ) ) ;
#1910 = VECTOR ( 'NONE', #465, 1000.000000000000000 ) ;
#1911 = ORIENTED_EDGE ( 'NONE', *, *, #824, .T. ) ;
#1912 = CARTESIAN_POINT ( 'NONE',  ( 0.7999999999999997113, 0.05000000000000000278, -1.050000000000000266 ) ) ;
#1913 = DIRECTION ( 'NONE',  ( -1.971276677246372752E-16, -0.000000000000000000, -1.000000000000000000 ) ) ;
#1914 = CARTESIAN_POINT ( 'NONE',  ( -0.2750000000000002998, 0.05000000000000002359, 0.3750000000000004441 ) ) ;
#1915 = ADVANCED_FACE ( 'NONE', ( #3292 ), #2592, .F. ) ;
#1916 = SURFACE_STYLE_USAGE ( .BOTH. , #3094 ) ;
#1917 = VERTEX_POINT ( 'NONE', #1872 ) ;
#1918 = EDGE_CURVE ( 'NONE', #3311, #3027, #655, .T. ) ;
#1920 = EDGE_CURVE ( 'NONE', #103, #2690, #1986, .T. ) ;
#1919 = CARTESIAN_POINT ( 'NONE',  ( -0.6222222222222223431, 0.5999999999999999778, -0.9522222222222224142 ) ) ;
#1921 = CARTESIAN_POINT ( 'NONE',  ( 0.7999999999999997113, 0.05000000000000000278, -1.050000000000000266 ) ) ;
#1922 = DIRECTION ( 'NONE',  ( -0.000000000000000000, 0.000000000000000000, 1.000000000000000000 ) ) ;
#1923 = CARTESIAN_POINT ( 'NONE',  ( 0.1500000000000003830, 0.05000000000000000278, 0.2500000000000003886 ) ) ;
#1924 = CIRCLE ( 'NONE', #3337, 0.07999999999999998779 ) ;
#1925 = ORIENTED_EDGE ( 'NONE', *, *, #3428, .F. ) ;
#1926 = DIRECTION ( 'NONE',  ( 1.000000000000000000, 0.000000000000000000, -0.000000000000000000 ) ) ;
#1927 = DIRECTION ( 'NONE',  ( -0.000000000000000000, -1.000000000000000000, 0.000000000000000000 ) ) ;
#1928 = ORIENTED_EDGE ( 'NONE', *, *, #3677, .T. ) ;
#1929 = ORIENTED_EDGE ( 'NONE', *, *, #2639, .F. ) ;
#1930 = CARTESIAN_POINT ( 'NONE',  ( 0.6250000000000015543, 0.04999999999999999584, 0.7750000000000004663 ) ) ;
#1931 = DIRECTION ( 'NONE',  ( -0.000000000000000000, 0.000000000000000000, -1.000000000000000000 ) ) ;
#1932 = LINE ( 'NONE', #2963, #679 ) ;
#1933 = CARTESIAN_POINT ( 'NONE',  ( -0.4999999999999986122, 0.04999999999999999584, 0.7750000000000004663 ) ) ;
#1934 = VECTOR ( 'NONE', #1336, 1000.000000000000000 ) ;
#1935 = CARTESIAN_POINT ( 'NONE',  ( -0.6249999999999986677, 0.000000000000000000, -0.7750000000000004663 ) ) ;
#1936 = ORIENTED_EDGE ( 'NONE', *, *, #2142, .T. ) ;
#1937 = CYLINDRICAL_SURFACE ( 'NONE', #2032, 0.1250000000000000000 ) ;
#1938 = AXIS2_PLACEMENT_3D ( 'NONE', #2321, #2981, #2351 ) ;
#1939 = ADVANCED_FACE ( 'NONE', ( #3266 ), #988, .F. ) ;
#1940 = AXIS2_PLACEMENT_3D ( 'NONE', #203, #3789, #2222 ) ;
#1941 = CARTESIAN_POINT ( 'NONE',  ( 0.6250000000000016653, 0.000000000000000000, -1.050000000000000266 ) ) ;
#1942 = CARTESIAN_POINT ( 'NONE',  ( 0.7999999999999997113, 0.05000000000000000278, -1.050000000000000266 ) ) ;
#1943 = LINE ( 'NONE', #1316, #3246 ) ;
#1944 = ORIENTED_EDGE ( 'NONE', *, *, #53, .F. ) ;
#1945 = EDGE_CURVE ( 'NONE', #380, #1547, #661, .T. ) ;
#1946 = STYLED_ITEM ( 'NONE', ( #2014 ), #1968 ) ;
#1947 = CARTESIAN_POINT ( 'NONE',  ( 0.1250000000000018319, 0.1270000000000000018, 1.050000000000000266 ) ) ;
#1948 = FACE_OUTER_BOUND ( 'NONE', #2962, .T. ) ;
#1949 = CARTESIAN_POINT ( 'NONE',  ( -0.1249999999999983763, 0.05000000000000012768, 1.050000000000000266 ) ) ;
#1950 = DIRECTION ( 'NONE',  ( 0.000000000000000000, 0.000000000000000000, -1.000000000000000000 ) ) ;
#1951 = ORIENTED_EDGE ( 'NONE', *, *, #924, .F. ) ;
#1952 = VECTOR ( 'NONE', #3327, 1000.000000000000000 ) ;
#1953 = EDGE_CURVE ( 'NONE', #1215, #1162, #2003, .T. ) ;
#1954 = LINE ( 'NONE', #2572, #1961 ) ;
#1955 = ORIENTED_EDGE ( 'NONE', *, *, #3201, .F. ) ;
#1956 = DIRECTION ( 'NONE',  ( 0.000000000000000000, -0.000000000000000000, 1.000000000000000000 ) ) ;
#1957 = COLOUR_RGB ( '',0.7921568627450980005, 0.8196078431372548767, 0.9333333333333333481 ) ;
#1958 = DIRECTION ( 'NONE',  ( -0.000000000000000000, -1.000000000000000000, -0.000000000000000000 ) ) ;
#1959 = EDGE_CURVE ( 'NONE', #456, #2578, #1992, .T. ) ;
#1960 = EDGE_CURVE ( 'NONE', #1917, #3027, #667, .T. ) ;
#1961 = VECTOR ( 'NONE', #3079, 1000.000000000000000 ) ;
#1962 = DIRECTION ( 'NONE',  ( -0.000000000000000000, -1.000000000000000000, -0.000000000000000000 ) ) ;
#1963 = ORIENTED_EDGE ( 'NONE', *, *, #2910, .F. ) ;
#1964 = VECTOR ( 'NONE', #459, 1000.000000000000000 ) ;
#1965 = CARTESIAN_POINT ( 'NONE',  ( -0.8000000000000003775, 0.1270000000000000018, -0.1249999999999994588 ) ) ;
#1966 = CARTESIAN_POINT ( 'NONE',  ( -0.6222222222222223431, 0.4999999999999998890, -0.8722222222222224541 ) ) ;
#1967 = CARTESIAN_POINT ( 'NONE',  ( -0.2750000000000004108, 0.05000000000000002359, 0.2500000000000001110 ) ) ;
#1968 = MANIFOLD_SOLID_BREP ( 'Move Face1[1]', #293 ) ;
#1969 = EDGE_LOOP ( 'NONE', ( #3586, #248, #979, #2260 ) ) ;
#1970 = EDGE_CURVE ( 'NONE', #920, #782, #2175, .T. ) ;
#1971 = VECTOR ( 'NONE', #687, 1000.000000000000000 ) ;
#1972 = ADVANCED_FACE ( 'NONE', ( #2068 ), #876, .T. ) ;
#1973 = DIRECTION ( 'NONE',  ( 0.000000000000000000, 1.000000000000000000, 0.000000000000000000 ) ) ;
#1974 = VECTOR ( 'NONE', #2604, 1000.000000000000000 ) ;
#1975 = DIRECTION ( 'NONE',  ( 0.000000000000000000, -0.000000000000000000, 1.000000000000000000 ) ) ;
#1976 = CARTESIAN_POINT ( 'NONE',  ( 0.3750000000000014433, 0.5986990566028304039, -1.050000000000000266 ) ) ;
#1977 = ADVANCED_FACE ( 'NONE', ( #2159 ), #2137, .F. ) ;
#1978 = ORIENTED_EDGE ( 'NONE', *, *, #593, .T. ) ;
#1979 = VECTOR ( 'NONE', #3067, 1000.000000000000000 ) ;
#1980 = CARTESIAN_POINT ( 'NONE',  ( 0.3750000000000016098, 0.1270000000000000018, 0.7750000000000004663 ) ) ;
#1981 = LINE ( 'NONE', #257, #3274 ) ;
#1982 = AXIS2_PLACEMENT_3D ( 'NONE', #2430, #1859, #381 ) ;
#1983 = ORIENTED_EDGE ( 'NONE', *, *, #3145, .F. ) ;
#1984 = DIRECTION ( 'NONE',  ( -0.000000000000000000, -1.000000000000000000, -0.000000000000000000 ) ) ;
#1985 = PLANE ( 'NONE',  #703 ) ;
#1986 = LINE ( 'NONE', #663, #1964 ) ;
#1987 = DIRECTION ( 'NONE',  ( 0.000000000000000000, -1.000000000000000000, 0.000000000000000000 ) ) ;
#1988 = AXIS2_PLACEMENT_3D ( 'NONE', #3184, #3482, #1849 ) ;
#1989 = CARTESIAN_POINT ( 'NONE',  ( -0.2750000000000004108, 0.000000000000000000, 0.2500000000000001110 ) ) ;
#1990 = VERTEX_POINT ( 'NONE', #2208 ) ;
#1991 = MECHANICAL_DESIGN_GEOMETRIC_PRESENTATION_REPRESENTATION (  '', ( #238 ), #873 ) ;
#1992 = LINE ( 'NONE', #959, #3301 ) ;
#1993 = DIRECTION ( 'NONE',  ( 0.000000000000000000, 0.000000000000000000, 1.000000000000000000 ) ) ;
#1994 =( LENGTH_UNIT ( ) NAMED_UNIT ( * ) SI_UNIT ( .MILLI., .METRE. ) );
#1995 = CARTESIAN_POINT ( 'NONE',  ( 0.1250000000000018319, 0.1270000000000000018, 1.050000000000000266 ) ) ;
#1996 = VERTEX_POINT ( 'NONE', #2273 ) ;
#1997 = EDGE_CURVE ( 'NONE', #1072, #1085, #2106, .T. ) ;
#1998 = CARTESIAN_POINT ( 'NONE',  ( 0.2750000000000004108, 0.5986990566028302929, 0.1250000000000001110 ) ) ;
#1999 = DIRECTION ( 'NONE',  ( 0.000000000000000000, 1.000000000000000000, 0.000000000000000000 ) ) ;
#2000 = CARTESIAN_POINT ( 'NONE',  ( 1.409462824231155764E-15, 0.5986990566028304039, -0.7750000000000004663 ) ) ;
#2001 = ORIENTED_EDGE ( 'NONE', *, *, #1413, .F. ) ;
#2002 = EDGE_CURVE ( 'NONE', #2668, #3050, #2182, .T. ) ;
#2003 = LINE ( 'NONE', #2849, #3283 ) ;
#2004 = PRODUCT_DEFINITION ( 'UNKNOWN', '', #2522, #1249 ) ;
#2005 = ADVANCED_FACE ( 'NONE', ( #2145 ), #3175, .F. ) ;
#2006 = CARTESIAN_POINT ( 'NONE',  ( -0.3749999999999982236, 0.1270000000000000018, -0.7750000000000004663 ) ) ;
#2007 = ADVANCED_FACE ( 'NONE', ( #807 ), #1383, .F. ) ;
#2008 = ORIENTED_EDGE ( 'NONE', *, *, #1953, .F. ) ;
#2009 = DIRECTION ( 'NONE',  ( -0.000000000000000000, -1.000000000000000000, 0.000000000000000000 ) ) ;
#2010 = EDGE_CURVE ( 'NONE', #1084, #606, #3376, .T. ) ;
#2011 = COLOUR_RGB ( '',0.7921568627450980005, 0.8196078431372548767, 0.9333333333333333481 ) ;
#2012 = CARTESIAN_POINT ( 'NONE',  ( 0.6250000000000016653, 0.5986990566028304039, -1.050000000000000266 ) ) ;
#2013 = ORIENTED_EDGE ( 'NONE', *, *, #3729, .T. ) ;
#2014 = PRESENTATION_STYLE_ASSIGNMENT (( #143 ) ) ;
#2015 = DIRECTION ( 'NONE',  ( 5.421010862427523156E-16, 0.000000000000000000, -1.000000000000000000 ) ) ;
#2016 = CARTESIAN_POINT ( 'NONE',  ( 0.6250000000000016653, 0.1270000000000000018, -1.050000000000000266 ) ) ;
#2017 = CARTESIAN_POINT ( 'NONE',  ( -0.2750000000000004108, 0.05000000000000000278, 0.1250000000000001110 ) ) ;
#2018 = CARTESIAN_POINT ( 'NONE',  ( -0.1500000000000003830, 0.05000000000000000278, 0.2500000000000001110 ) ) ;
#2019 = EDGE_LOOP ( 'NONE', ( #1836, #1529, #1056, #251, #568, #586, #1064, #575, #3583, #2247, #511, #2345 ) ) ;
#2020 = VECTOR ( 'NONE', #1973, 1000.000000000000000 ) ;
#2021 =( NAMED_UNIT ( * ) SI_UNIT ( $, .STERADIAN. ) SOLID_ANGLE_UNIT ( ) );
#2022 = CARTESIAN_POINT ( 'NONE',  ( 0.8000000000000003775, 0.5986990566028302929, -0.1249999999999994588 ) ) ;
#2023 = VERTEX_POINT ( 'NONE', #1930 ) ;
#2024 = LINE ( 'NONE', #2478, #2040 ) ;
#2025 = CARTESIAN_POINT ( 'NONE',  ( -0.6249999999999983347, 0.1270000000000000018, 0.7750000000000004663 ) ) ;
#2026 = FACE_OUTER_BOUND ( 'NONE', #1826, .T. ) ;
#2027 = ORIENTED_EDGE ( 'NONE', *, *, #1464, .T. ) ;
#2028 = CARTESIAN_POINT ( 'NONE',  ( 0.6250000000000015543, 0.5986990566028304039, 0.7750000000000004663 ) ) ;
#2029 = CARTESIAN_POINT ( 'NONE',  ( -0.6249999999999983347, 0.04999999999999999584, 0.7750000000000004663 ) ) ;
#2030 = AXIS2_PLACEMENT_3D ( 'NONE', #612, #3064, #1563 ) ;
#2031 = ADVANCED_FACE ( 'NONE', ( #3384 ), #1122, .F. ) ;
#2032 = AXIS2_PLACEMENT_3D ( 'NONE', #2119, #33, #2779 ) ;
#2033 = VECTOR ( 'NONE', #941, 1000.000000000000000 ) ;
#2034 = ADVANCED_FACE ( 'NONE', ( #3476 ), #2167, .T. ) ;
#2035 = VERTEX_POINT ( 'NONE', #602 ) ;
#2036 = DIRECTION ( 'NONE',  ( 0.000000000000000000, -0.000000000000000000, 1.000000000000000000 ) ) ;
#2037 = EDGE_CURVE ( 'NONE', #2236, #1694, #884, .T. ) ;
#2038 = FACE_OUTER_BOUND ( 'NONE', #1306, .T. ) ;
#2039 = ORIENTED_EDGE ( 'NONE', *, *, #1165, .T. ) ;
#2040 = VECTOR ( 'NONE', #2798, 1000.000000000000000 ) ;
#2041 = CARTESIAN_POINT ( 'NONE',  ( 1.409462824231155764E-15, 0.04999999999999999584, -0.7750000000000004663 ) ) ;
#2042 = EDGE_CURVE ( 'NONE', #3050, #1637, #3462, .T. ) ;
#2043 = DIRECTION ( 'NONE',  ( 0.000000000000000000, -0.000000000000000000, 1.000000000000000000 ) ) ;
#2044 = CIRCLE ( 'NONE', #352, 0.1250000000000001110 ) ;
#2045 = CARTESIAN_POINT ( 'NONE',  ( -0.3749999999999982236, 0.04999999999999999584, -0.7750000000000004663 ) ) ;
#2046 = ORIENTED_EDGE ( 'NONE', *, *, #192, .T. ) ;
#2047 = CIRCLE ( 'NONE', #2616, 0.1250000000000000000 ) ;
#2048 = DIRECTION ( 'NONE',  ( -7.885106708985491992E-16, 0.000000000000000000, -1.000000000000000000 ) ) ;
#2049 = EDGE_CURVE ( 'NONE', #1623, #3575, #859, .T. ) ;
#2050 = VECTOR ( 'NONE', #3023, 1000.000000000000000 ) ;
#2051 = EDGE_LOOP ( 'NONE', ( #826, #3041, #423, #2501 ) ) ;
#2052 = SURFACE_STYLE_FILL_AREA ( #2448 ) ;
#2053 = DIRECTION ( 'NONE',  ( -7.885106708985491006E-16, 0.000000000000000000, -1.000000000000000000 ) ) ;
#2054 = FACE_OUTER_BOUND ( 'NONE', #1175, .T. ) ;
#2055 = ORIENTED_EDGE ( 'NONE', *, *, #3346, .F. ) ;
#2056 = CIRCLE ( 'NONE', #2857, 0.1250000000000000000 ) ;
#2057 = CARTESIAN_POINT ( 'NONE',  ( 0.5000000000000014433, 0.5986990566028304039, 0.7750000000000004663 ) ) ;
#2058 = DIRECTION ( 'NONE',  ( 0.000000000000000000, 0.000000000000000000, -1.000000000000000000 ) ) ;
#2059 = CARTESIAN_POINT ( 'NONE',  ( -0.3749999999999985012, 0.1270000000000000018, 0.7750000000000004663 ) ) ;
#2060 = LINE ( 'NONE', #3653, #2163 ) ;
#2061 = ORIENTED_EDGE ( 'NONE', *, *, #2739, .T. ) ;
#2062 =( NAMED_UNIT ( * ) PLANE_ANGLE_UNIT ( ) SI_UNIT ( $, .RADIAN. ) );
#2063 = CIRCLE ( 'NONE', #3511, 0.1250000000000000000 ) ;
#2064 = CARTESIAN_POINT ( 'NONE',  ( 0.2750000000000004108, 0.000000000000000000, -0.2499999999999998890 ) ) ;
#2065 =( GEOMETRIC_REPRESENTATION_CONTEXT ( 3 ) GLOBAL_UNCERTAINTY_ASSIGNED_CONTEXT ( ( #2372 ) ) GLOBAL_UNIT_ASSIGNED_CONTEXT ( ( #1994, #3540, #3487 ) ) REPRESENTATION_CONTEXT ( 'NONE', 'WORKASPACE' ) );
#2066 = ORIENTED_EDGE ( 'NONE', *, *, #1110, .F. ) ;
#2067 =( GEOMETRIC_REPRESENTATION_CONTEXT ( 3 ) GLOBAL_UNCERTAINTY_ASSIGNED_CONTEXT ( ( #1432 ) ) GLOBAL_UNIT_ASSIGNED_CONTEXT ( ( #168, #438, #1178 ) ) REPRESENTATION_CONTEXT ( 'NONE', 'WORKASPACE' ) );
#2068 = FACE_OUTER_BOUND ( 'NONE', #3530, .T. ) ;
#2069 = PLANE ( 'NONE',  #1329 ) ;
#2070 = LINE ( 'NONE', #1008, #2077 ) ;
#2071 = EDGE_CURVE ( 'NONE', #1206, #2309, #2189, .T. ) ;
#2072 = CARTESIAN_POINT ( 'NONE',  ( -0.4000000000000004108, 0.1270000000000000018, -0.3749999999999998890 ) ) ;
#2073 = VECTOR ( 'NONE', #342, 1000.000000000000000 ) ;
#2074 = DIRECTION ( 'NONE',  ( 0.000000000000000000, 0.000000000000000000, -1.000000000000000000 ) ) ;
#2075 = PRESENTATION_LAYER_ASSIGNMENT (  '', '', ( #1760 ) ) ;
#2076 = CARTESIAN_POINT ( 'NONE',  ( -0.3749999999999981681, 0.5986990566028304039, 1.050000000000000266 ) ) ;
#2077 = VECTOR ( 'NONE', #3276, 1000.000000000000000 ) ;
#2078 = ORIENTED_EDGE ( 'NONE', *, *, #2683, .F. ) ;
#2079 = ADVANCED_FACE ( 'NONE', ( #3485 ), #3834, .F. ) ;
#2080 = VECTOR ( 'NONE', #2338, 1000.000000000000000 ) ;
#2081 = CARTESIAN_POINT ( 'NONE',  ( 0.8000000000000003775, 0.5986990566028302929, 0.1250000000000001110 ) ) ;
#2082 = DIRECTION ( 'NONE',  ( 0.000000000000000000, 0.000000000000000000, 1.000000000000000000 ) ) ;
#2083 = ORIENTED_EDGE ( 'NONE', *, *, #929, .F. ) ;
#2084 = VECTOR ( 'NONE', #2058, 1000.000000000000000 ) ;
#2085 = EDGE_CURVE ( 'NONE', #764, #18, #892, .T. ) ;
#2086 = EDGE_LOOP ( 'NONE', ( #2700, #1003, #972, #3441 ) ) ;
#2087 = CIRCLE ( 'NONE', #3303, 0.1250000000000000000 ) ;
#2088 = CARTESIAN_POINT ( 'NONE',  ( -0.4999999999999986122, 0.1270000000000000018, -0.7750000000000004663 ) ) ;
#2089 = CARTESIAN_POINT ( 'NONE',  ( 0.3750000000000016098, 0.5986990566028304039, 0.7750000000000004663 ) ) ;
#2090 = ORIENTED_EDGE ( 'NONE', *, *, #924, .T. ) ;
#2091 = ORIENTED_EDGE ( 'NONE', *, *, #2639, .T. ) ;
#2092 = FACE_OUTER_BOUND ( 'NONE', #149, .T. ) ;
#2093 = EDGE_CURVE ( 'NONE', #2356, #3, #2124, .T. ) ;
#2094 = DIRECTION ( 'NONE',  ( 0.000000000000000000, 1.000000000000000000, 0.000000000000000000 ) ) ;
#2095 = VECTOR ( 'NONE', #1865, 1000.000000000000000 ) ;
#2096 = EDGE_LOOP ( 'NONE', ( #1871, #803, #1983, #3236, #2692, #891, #19, #1241, #1372, #2752, #2366, #3345, #852, #3832, #3325, #2244 ) ) ;
#2097 = ORIENTED_EDGE ( 'NONE', *, *, #1786, .F. ) ;
#2098 = CARTESIAN_POINT ( 'NONE',  ( -0.4999999999999986122, 0.1270000000000000018, -0.7750000000000004663 ) ) ;
#2099 = LINE ( 'NONE', #3618, #2197 ) ;
#2100 = DIRECTION ( 'NONE',  ( 1.000000000000000000, 0.000000000000000000, -0.000000000000000000 ) ) ;
#2101 = CARTESIAN_POINT ( 'NONE',  ( 0.2750000000000004108, 0.1270000000000000018, 0.2500000000000001110 ) ) ;
#2102 = LINE ( 'NONE', #3060, #2148 ) ;
#2103 = ORIENTED_EDGE ( 'NONE', *, *, #3577, .T. ) ;
#2104 = SURFACE_SIDE_STYLE ('',( #2952 ) ) ;
#2105 = ORIENTED_EDGE ( 'NONE', *, *, #1600, .F. ) ;
#2106 = LINE ( 'NONE', #2825, #773 ) ;
#2107 = CARTESIAN_POINT ( 'NONE',  ( 0.3750000000000016098, 0.000000000000000000, -0.7750000000000004663 ) ) ;
#2108 = CARTESIAN_POINT ( 'NONE',  ( 0.3750000000000016098, 0.1270000000000000018, -0.7750000000000004663 ) ) ;
#2109 = AXIS2_PLACEMENT_3D ( 'NONE', #744, #71, #359 ) ;
#2110 = DIRECTION ( 'NONE',  ( -5.913830031739118501E-16, 0.000000000000000000, -1.000000000000000000 ) ) ;
#2111 = VERTEX_POINT ( 'NONE', #625 ) ;
#2112 = VECTOR ( 'NONE', #2749, 1000.000000000000000 ) ;
#2113 = ORIENTED_EDGE ( 'NONE', *, *, #789, .F. ) ;
#2114 = VECTOR ( 'NONE', #1597, 1000.000000000000000 ) ;
#2115 = CARTESIAN_POINT ( 'NONE',  ( -0.1249999999999985983, 0.05000000000000012768, -1.050000000000000266 ) ) ;
#2116 = AXIS2_PLACEMENT_3D ( 'NONE', #2251, #1715, #3140 ) ;
#2117 = AXIS2_PLACEMENT_3D ( 'NONE', #3189, #1395, #3818 ) ;
#2118 = ORIENTED_EDGE ( 'NONE', *, *, #2783, .F. ) ;
#2119 = CARTESIAN_POINT ( 'NONE',  ( -0.2750000000000004108, 0.5986990566028302929, 0.2500000000000001110 ) ) ;
#2120 = CARTESIAN_POINT ( 'NONE',  ( 0.3750000000000016098, 0.05000000000000000278, 0.000000000000000000 ) ) ;
#2121 = DIRECTION ( 'NONE',  ( 0.000000000000000000, 1.000000000000000000, 0.000000000000000000 ) ) ;
#2122 = EDGE_LOOP ( 'NONE', ( #2746, #1493, #1473, #2728, #1876, #1911, #2315, #134, #1901, #1866, #1896, #2768 ) ) ;
#2123 = ORIENTED_EDGE ( 'NONE', *, *, #491, .F. ) ;
#2124 = CIRCLE ( 'NONE', #1627, 0.1250000000000000000 ) ;
#2125 = DIRECTION ( 'NONE',  ( 0.000000000000000000, 0.000000000000000000, 1.000000000000000000 ) ) ;
#2126 = EDGE_CURVE ( 'NONE', #881, #2482, #2153, .T. ) ;
#2127 = VERTEX_POINT ( 'NONE', #1861 ) ;
#2128 = ORIENTED_EDGE ( 'NONE', *, *, #3078, .T. ) ;
#2129 = SURFACE_SIDE_STYLE ('',( #1296 ) ) ;
#2130 =( NAMED_UNIT ( * ) SI_UNIT ( $, .STERADIAN. ) SOLID_ANGLE_UNIT ( ) );
#2131 = CARTESIAN_POINT ( 'NONE',  ( -0.2750000000000004108, 0.000000000000000000, 0.2500000000000003886 ) ) ;
#2132 = ORIENTED_EDGE ( 'NONE', *, *, #346, .T. ) ;
#2133 = EDGE_CURVE ( 'NONE', #39, #2035, #3436, .T. ) ;
#2134 = DIRECTION ( 'NONE',  ( 5.913830031739118501E-16, -0.000000000000000000, 1.000000000000000000 ) ) ;
#2135 = ORIENTED_EDGE ( 'NONE', *, *, #1855, .F. ) ;
#2136 = VERTEX_POINT ( 'NONE', #275 ) ;
#2137 = CYLINDRICAL_SURFACE ( 'NONE', #141, 0.07999999999999998779 ) ;
#2138 = CARTESIAN_POINT ( 'NONE',  ( 0.1250000000000015266, 0.1270000000000000018, 0.7750000000000004663 ) ) ;
#2139 = CARTESIAN_POINT ( 'NONE',  ( -0.3749999999999982236, 0.1270000000000000018, 0.7750000000000004663 ) ) ;
#2140 = EDGE_CURVE ( 'NONE', #2216, #3311, #3500, .T. ) ;
#2141 = COLOUR_RGB ( '',0.7921568627450980005, 0.8196078431372548767, 0.9333333333333333481 ) ;
#2142 = EDGE_CURVE ( 'NONE', #1092, #881, #3360, .T. ) ;
#2143 = ORIENTED_EDGE ( 'NONE', *, *, #830, .F. ) ;
#2144 = ORIENTED_EDGE ( 'NONE', *, *, #1107, .T. ) ;
#2145 = FACE_OUTER_BOUND ( 'NONE', #3806, .T. ) ;
#2146 = PLANE ( 'NONE',  #3385 ) ;
#2147 = ORIENTED_EDGE ( 'NONE', *, *, #3428, .T. ) ;
#2148 = VECTOR ( 'NONE', #2082, 1000.000000000000000 ) ;
#2149 = DIRECTION ( 'NONE',  ( 0.000000000000000000, 0.000000000000000000, -1.000000000000000000 ) ) ;
#2150 = CARTESIAN_POINT ( 'NONE',  ( -0.6222222222222223431, 0.5999999999999999778, -0.9522222222222224142 ) ) ;
#2151 = EDGE_LOOP ( 'NONE', ( #734, #654 ) ) ;
#2152 = ORIENTED_EDGE ( 'NONE', *, *, #2037, .T. ) ;
#2153 = LINE ( 'NONE', #889, #2114 ) ;
#2154 = EDGE_CURVE ( 'NONE', #3700, #1754, #901, .T. ) ;
#2155 = VERTEX_POINT ( 'NONE', #1281 ) ;
#2156 = LINE ( 'NONE', #1801, #835 ) ;
#2157 = VERTEX_POINT ( 'NONE', #2972 ) ;
#2158 = CARTESIAN_POINT ( 'NONE',  ( 0.2750000000000004108, 0.05000000000000002359, 0.1250000000000001110 ) ) ;
#2159 = FACE_OUTER_BOUND ( 'NONE', #683, .T. ) ;
#2160 = PLANE ( 'NONE',  #1619 ) ;
#2161 = CARTESIAN_POINT ( 'NONE',  ( -0.4999999999999986122, 0.1270000000000000018, -0.7750000000000004663 ) ) ;
#2162 = ORIENTED_EDGE ( 'NONE', *, *, #2765, .F. ) ;
#2163 = VECTOR ( 'NONE', #57, 1000.000000000000000 ) ;
#2164 = ORIENTED_EDGE ( 'NONE', *, *, #1090, .F. ) ;
#2165 = VERTEX_POINT ( 'NONE', #3533 ) ;
#2166 = MECHANICAL_DESIGN_GEOMETRIC_PRESENTATION_REPRESENTATION (  '', ( #1137 ), #3251 ) ;
#2167 = CYLINDRICAL_SURFACE ( 'NONE', #1091, 0.1250000000000000000 ) ;
#2168 = CARTESIAN_POINT ( 'NONE',  ( 0.5000000000000014433, 0.000000000000000000, -0.7750000000000004663 ) ) ;
#2169 = CARTESIAN_POINT ( 'NONE',  ( -0.8000000000000001554, 0.05000000000000000278, 1.050000000000000044 ) ) ;
#2170 = ORIENTED_EDGE ( 'NONE', *, *, #236, .T. ) ;
#2171 = CIRCLE ( 'NONE', #1337, 0.1250000000000001110 ) ;
#2172 = ORIENTED_EDGE ( 'NONE', *, *, #1550, .T. ) ;
#2173 = AXIS2_PLACEMENT_3D ( 'NONE', #1599, #3193, #1517 ) ;
#2174 = VERTEX_POINT ( 'NONE', #1229 ) ;
#2175 = LINE ( 'NONE', #1679, #783 ) ;
#2176 = AXIS2_PLACEMENT_3D ( 'NONE', #2101, #75, #2655 ) ;
#2177 = FILL_AREA_STYLE ('',( #3693 ) ) ;
#2178 = FACE_OUTER_BOUND ( 'NONE', #2847, .T. ) ;
#2179 = ORIENTED_EDGE ( 'NONE', *, *, #2142, .F. ) ;
#2180 = ORIENTED_EDGE ( 'NONE', *, *, #255, .T. ) ;
#2181 = EDGE_CURVE ( 'NONE', #1127, #910, #3506, .T. ) ;
#2182 = LINE ( 'NONE', #2920, #3419 ) ;
#2183 = FILL_AREA_STYLE_COLOUR ( '', #281 ) ;
#2184 = ORIENTED_EDGE ( 'NONE', *, *, #1970, .T. ) ;
#2185 = LINE ( 'NONE', #2138, #811 ) ;
#2186 = ORIENTED_EDGE ( 'NONE', *, *, #1918, .F. ) ;
#2187 = EDGE_LOOP ( 'NONE', ( #2843, #2714, #2249, #253 ) ) ;
#2188 = PLANE ( 'NONE',  #3051 ) ;
#2189 = CIRCLE ( 'NONE', #2176, 0.1250000000000000000 ) ;
#2191 = ADVANCED_FACE ( 'NONE', ( #905 ), #3645, .T. ) ;
#2190 = CARTESIAN_POINT ( 'NONE',  ( 1.409462824231155764E-15, 0.1270000000000000018, 0.7750000000000004663 ) ) ;
#2192 = EDGE_CURVE ( 'NONE', #1072, #898, #2099, .T. ) ;
#2193 = CARTESIAN_POINT ( 'NONE',  ( 0.8000000000000003775, 0.5986990566028302929, 0.3750000000000005551 ) ) ;
#2194 = VERTEX_POINT ( 'NONE', #2490 ) ;
#2195 = ORIENTED_EDGE ( 'NONE', *, *, #1569, .F. ) ;
#2196 = VERTEX_POINT ( 'NONE', #2809 ) ;
#2197 = VECTOR ( 'NONE', #104, 1000.000000000000000 ) ;
#2198 = EDGE_CURVE ( 'NONE', #2842, #3433, #3515, .T. ) ;
#2199 = CARTESIAN_POINT ( 'NONE',  ( 0.2750000000000002998, 0.5986990566028302929, -0.1249999999999996253 ) ) ;
#2200 = DIRECTION ( 'NONE',  ( 0.000000000000000000, 0.000000000000000000, -1.000000000000000000 ) ) ;
#2201 = EDGE_LOOP ( 'NONE', ( #1025, #2985, #2413, #2291 ) ) ;
#2202 = VERTEX_POINT ( 'NONE', #2255 ) ;
#2203 = ORIENTED_EDGE ( 'NONE', *, *, #3791, .T. ) ;
#2204 = VECTOR ( 'NONE', #729, 999.9999999999998863 ) ;
#2205 = PLANE ( 'NONE',  #582 ) ;
#2206 = CARTESIAN_POINT ( 'NONE',  ( -0.4999999999999986122, 0.1270000000000000018, -0.7750000000000004663 ) ) ;
#2207 = ORIENTED_EDGE ( 'NONE', *, *, #3669, .F. ) ;
#2208 = CARTESIAN_POINT ( 'NONE',  ( -0.8000000000000003775, 0.000000000000000000, -0.3749999999999998890 ) ) ;
#2209 = CARTESIAN_POINT ( 'NONE',  ( 0.1250000000000016376, 0.05000000000000012768, -1.050000000000000266 ) ) ;
#2210 = CARTESIAN_POINT ( 'NONE',  ( 0.6250000000000016653, 0.1270000000000000018, -1.050000000000000266 ) ) ;
#2211 = ORIENTED_EDGE ( 'NONE', *, *, #3584, .T. ) ;
#2212 = VERTEX_POINT ( 'NONE', #204 ) ;
#2213 = CIRCLE ( 'NONE', #2117, 0.1250000000000001110 ) ;
#2214 = DIRECTION ( 'NONE',  ( 0.000000000000000000, 0.000000000000000000, 1.000000000000000000 ) ) ;
#2215 = DIRECTION ( 'NONE',  ( 0.000000000000000000, 0.000000000000000000, 1.000000000000000000 ) ) ;
#2216 = VERTEX_POINT ( 'NONE', #970 ) ;
#2217 = VERTEX_POINT ( 'NONE', #1942 ) ;
#2218 = ORIENTED_EDGE ( 'NONE', *, *, #1997, .T. ) ;
#2219 = CARTESIAN_POINT ( 'NONE',  ( 0.6250000000000018874, 0.1270000000000000018, -0.7750000000000004663 ) ) ;
#2220 = LINE ( 'NONE', #370, #3637 ) ;
#2221 = DIRECTION ( 'NONE',  ( 0.000000000000000000, -1.000000000000000000, 0.000000000000000000 ) ) ;
#2222 = DIRECTION ( 'NONE',  ( 0.000000000000000000, 0.000000000000000000, -1.000000000000000000 ) ) ;
#2223 = CARTESIAN_POINT ( 'NONE',  ( -0.3749999999999982236, 0.000000000000000000, -0.7750000000000004663 ) ) ;
#2224 =( GEOMETRIC_REPRESENTATION_CONTEXT ( 3 ) GLOBAL_UNCERTAINTY_ASSIGNED_CONTEXT ( ( #3654 ) ) GLOBAL_UNIT_ASSIGNED_CONTEXT ( ( #276, #2340, #46 ) ) REPRESENTATION_CONTEXT ( 'NONE', 'WORKASPACE' ) );
#2225 = AXIS2_PLACEMENT_3D ( 'NONE', #2983, #2288, #2573 ) ;
#2226 = PLANE ( 'NONE',  #1828 ) ;
#2227 = ORIENTED_EDGE ( 'NONE', *, *, #1158, .T. ) ;
#2228 = ORIENTED_EDGE ( 'NONE', *, *, #2192, .F. ) ;
#2229 = FACE_OUTER_BOUND ( 'NONE', #2525, .T. ) ;
#2230 = ADVANCED_FACE ( 'NONE', ( #3393 ), #3457, .F. ) ;
#2231 = PLANE ( 'NONE',  #1713 ) ;
#2232 = DIRECTION ( 'NONE',  ( 0.000000000000000000, 1.000000000000000000, 0.000000000000000000 ) ) ;
#2233 = AXIS2_PLACEMENT_3D ( 'NONE', #607, #1263, #1579 ) ;
#2234 = DIRECTION ( 'NONE',  ( -1.000000000000000000, 0.000000000000000000, 0.000000000000000000 ) ) ;
#2235 = EDGE_LOOP ( 'NONE', ( #3012, #871, #503, #3412, #498 ) ) ;
#2236 = VERTEX_POINT ( 'NONE', #468 ) ;
#2237 = ORIENTED_EDGE ( 'NONE', *, *, #3394, .F. ) ;
#2238 = VECTOR ( 'NONE', #111, 1000.000000000000000 ) ;
#2239 = CARTESIAN_POINT ( 'NONE',  ( 0.5000000000000014433, 0.1270000000000000018, 0.7750000000000004663 ) ) ;
#2240 = ORIENTED_EDGE ( 'NONE', *, *, #1152, .F. ) ;
#2241 = EDGE_CURVE ( 'NONE', #1685, #782, #767, .T. ) ;
#2242 = CARTESIAN_POINT ( 'NONE',  ( 1.409462824231155764E-15, 0.1270000000000000018, 0.7750000000000004663 ) ) ;
#2243 = CARTESIAN_POINT ( 'NONE',  ( 0.3750000000000013323, 0.04999999999999999584, -0.7750000000000004663 ) ) ;
#2244 = ORIENTED_EDGE ( 'NONE', *, *, #310, .T. ) ;
#2245 = CARTESIAN_POINT ( 'NONE',  ( 0.8000000000000003775, 0.5986990566028302929, -0.1249999999999994588 ) ) ;
#2246 = DIRECTION ( 'NONE',  ( 0.000000000000000000, 1.000000000000000000, 0.000000000000000000 ) ) ;
#2247 = ORIENTED_EDGE ( 'NONE', *, *, #3791, .F. ) ;
#2248 = EDGE_CURVE ( 'NONE', #3129, #925, #912, .T. ) ;
#2249 = ORIENTED_EDGE ( 'NONE', *, *, #155, .T. ) ;
#2250 = ORIENTED_EDGE ( 'NONE', *, *, #3578, .T. ) ;
#2251 = CARTESIAN_POINT ( 'NONE',  ( 0.1250000000000018041, 0.5986990566028304039, -0.7750000000000004663 ) ) ;
#2252 = LINE ( 'NONE', #2861, #3668 ) ;
#2253 = CARTESIAN_POINT ( 'NONE',  ( 0.2750000000000002998, 0.000000000000000000, 0.1250000000000001110 ) ) ;
#2254 = DIRECTION ( 'NONE',  ( 0.000000000000000000, 0.000000000000000000, -1.000000000000000000 ) ) ;
#2255 = CARTESIAN_POINT ( 'NONE',  ( 0.8000000000000003775, 0.05000000000000012768, 0.3750000000000005551 ) ) ;
#2256 = ORIENTED_EDGE ( 'NONE', *, *, #1794, .F. ) ;
#2257 = EDGE_CURVE ( 'NONE', #3080, #3205, #2056, .T. ) ;
#2258 = DIRECTION ( 'NONE',  ( 0.000000000000000000, -1.000000000000000000, 0.000000000000000000 ) ) ;
#2259 = VERTEX_POINT ( 'NONE', #1667 ) ;
#2260 = ORIENTED_EDGE ( 'NONE', *, *, #6, .T. ) ;
#2261 = CIRCLE ( 'NONE', #91, 0.1250000000000000000 ) ;
#2262 = PLANE ( 'NONE',  #1869 ) ;
#2263 = CARTESIAN_POINT ( 'NONE',  ( -0.8000000000000003775, 0.5986990566028302929, -0.3749999999999998890 ) ) ;
#2264 = DIRECTION ( 'NONE',  ( -0.000000000000000000, 1.000000000000000000, -0.000000000000000000 ) ) ;
#2265 = EDGE_LOOP ( 'NONE', ( #1075, #2325, #1657, #335 ) ) ;
#2266 = ORIENTED_EDGE ( 'NONE', *, *, #2010, .F. ) ;
#2267 = EDGE_LOOP ( 'NONE', ( #364, #2976, #1260, #3658 ) ) ;
#2268 = ADVANCED_FACE ( 'NONE', ( #2092 ), #1718, .F. ) ;
#2269 = DIRECTION ( 'NONE',  ( -1.000000000000000000, 0.000000000000000000, -0.000000000000000000 ) ) ;
#2270 = DIRECTION ( 'NONE',  ( 0.000000000000000000, -1.000000000000000000, 0.000000000000000000 ) ) ;
#2271 = EDGE_CURVE ( 'NONE', #2194, #115, #839, .T. ) ;
#2272 = EDGE_LOOP ( 'NONE', ( #410, #2378, #3047, #1253 ) ) ;
#2273 = CARTESIAN_POINT ( 'NONE',  ( -0.3749999999999982236, 0.1270000000000000018, -0.7750000000000004663 ) ) ;
#2274 = CARTESIAN_POINT ( 'NONE',  ( 0.1749999999999976297, 0.05000000000000000278, 0.07500000000000173195 ) ) ;
#2275 = CARTESIAN_POINT ( 'NONE',  ( 0.3750000000000013323, 0.5986990566028304039, -0.7750000000000004663 ) ) ;
#2276 = EDGE_LOOP ( 'NONE', ( #377, #926, #1040, #1580, #3770 ) ) ;
#2277 = VERTEX_POINT ( 'NONE', #2607 ) ;
#2278 = VECTOR ( 'NONE', #3760, 1000.000000000000000 ) ;
#2279 = DIRECTION ( 'NONE',  ( 1.000000000000000000, 0.000000000000000000, 0.000000000000000000 ) ) ;
#2280 = ADVANCED_BREP_SHAPE_REPRESENTATION ( 'USB3740B-AI9-TR', ( #488, #3115, #3741, #1230, #1116, #3235, #3261, #1968, #1410, #1740, #1854, #1451, #3110 ), #1509 ) ;
#2281 = ORIENTED_EDGE ( 'NONE', *, *, #2923, .F. ) ;
#2282 = ORIENTED_EDGE ( 'NONE', *, *, #682, .F. ) ;
#2283 = MECHANICAL_DESIGN_GEOMETRIC_PRESENTATION_REPRESENTATION (  '', ( #1234 ), #2224 ) ;
#2284 = ORIENTED_EDGE ( 'NONE', *, *, #2575, .F. ) ;
#2285 = DIRECTION ( 'NONE',  ( 0.000000000000000000, 0.000000000000000000, -1.000000000000000000 ) ) ;
#2286 = LINE ( 'NONE', #2223, #3650 ) ;
#2287 = PRESENTATION_LAYER_ASSIGNMENT (  '', '', ( #37 ) ) ;
#2288 = DIRECTION ( 'NONE',  ( 0.000000000000000000, 1.000000000000000000, 0.000000000000000000 ) ) ;
#2289 = CARTESIAN_POINT ( 'NONE',  ( 1.409462824231155764E-15, 0.1270000000000000018, 0.7750000000000004663 ) ) ;
#2290 = ORIENTED_EDGE ( 'NONE', *, *, #2271, .T. ) ;
#2291 = ORIENTED_EDGE ( 'NONE', *, *, #682, .T. ) ;
#2292 = ORIENTED_EDGE ( 'NONE', *, *, #2271, .F. ) ;
#2293 = EDGE_CURVE ( 'NONE', #372, #525, #2252, .T. ) ;
#2294 = FACE_OUTER_BOUND ( 'NONE', #2235, .T. ) ;
#2295 = AXIS2_PLACEMENT_3D ( 'NONE', #1756, #2009, #942 ) ;
#2296 = CARTESIAN_POINT ( 'NONE',  ( -0.4999999999999986122, 0.1270000000000000018, 0.7750000000000004663 ) ) ;
#2297 = DIRECTION ( 'NONE',  ( -0.000000000000000000, 0.000000000000000000, 1.000000000000000000 ) ) ;
#2298 = ORIENTED_EDGE ( 'NONE', *, *, #1405, .F. ) ;
#2299 = ORIENTED_EDGE ( 'NONE', *, *, #528, .T. ) ;
#2300 = ORIENTED_EDGE ( 'NONE', *, *, #2774, .F. ) ;
#2301 = LINE ( 'NONE', #2696, #987 ) ;
#2302 = CARTESIAN_POINT ( 'NONE',  ( -0.3749999999999981681, 0.1270000000000000018, 1.050000000000000266 ) ) ;
#2303 = ORIENTED_EDGE ( 'NONE', *, *, #255, .F. ) ;
#2304 = CARTESIAN_POINT ( 'NONE',  ( 0.1250000000000018041, 0.5986990566028304039, 0.7750000000000004663 ) ) ;
#2305 = CARTESIAN_POINT ( 'NONE',  ( -0.1500000000000003830, 0.1270000000000000018, -0.2499999999999994171 ) ) ;
#2306 = FACE_OUTER_BOUND ( 'NONE', #1525, .T. ) ;
#2307 = SURFACE_STYLE_USAGE ( .BOTH. , #1205 ) ;
#2308 = ORIENTED_EDGE ( 'NONE', *, *, #100, .F. ) ;
#2309 = VERTEX_POINT ( 'NONE', #1898 ) ;
#2310 = LINE ( 'NONE', #3790, #3554 ) ;
#2311 = ADVANCED_FACE ( 'NONE', ( #918 ), #1396, .F. ) ;
#2312 = EDGE_CURVE ( 'NONE', #2538, #1990, #2310, .T. ) ;
#2313 = DIRECTION ( 'NONE',  ( 0.000000000000000000, 1.000000000000000000, 0.000000000000000000 ) ) ;
#2314 = ADVANCED_FACE ( 'NONE', ( #2326 ), #1618, .T. ) ;
#2315 = ORIENTED_EDGE ( 'NONE', *, *, #2814, .F. ) ;
#2316 = LINE ( 'NONE', #3634, #2398 ) ;
#2317 = ORIENTED_EDGE ( 'NONE', *, *, #3469, .F. ) ;
#2318 = VERTEX_POINT ( 'NONE', #3423 ) ;
#2319 = PLANE ( 'NONE',  #2116 ) ;
#2320 = VECTOR ( 'NONE', #2322, 1000.000000000000000 ) ;
#2321 = CARTESIAN_POINT ( 'NONE',  ( -0.4000000000000004108, 0.5986990566028302929, 0.3750000000000003331 ) ) ;
#2322 = DIRECTION ( 'NONE',  ( -1.000000000000000000, 0.000000000000000000, -2.710505431213761578E-16 ) ) ;
#2323 = CARTESIAN_POINT ( 'NONE',  ( -0.1249999999999986955, 0.1270000000000000018, -0.7750000000000004663 ) ) ;
#2324 = VERTEX_POINT ( 'NONE', #1102 ) ;
#2325 = ORIENTED_EDGE ( 'NONE', *, *, #2049, .F. ) ;
#2326 = FACE_OUTER_BOUND ( 'NONE', #3754, .T. ) ;
#2327 = DIRECTION ( 'NONE',  ( 0.000000000000000000, -0.000000000000000000, 1.000000000000000000 ) ) ;
#2328 = PLANE ( 'NONE',  #2717 ) ;
#2329 = CARTESIAN_POINT ( 'NONE',  ( 0.7999999999999997113, 0.05000000000000000278, 1.050000000000000044 ) ) ;
#2330 = ORIENTED_EDGE ( 'NONE', *, *, #2093, .T. ) ;
#2331 = LINE ( 'NONE', #3836, #2549 ) ;
#2332 = ORIENTED_EDGE ( 'NONE', *, *, #3038, .T. ) ;
#2333 = EDGE_LOOP ( 'NONE', ( #710, #2237, #3679, #666 ) ) ;
#2334 = CYLINDRICAL_SURFACE ( 'NONE', #1186, 0.1250000000000001110 ) ;
#2335 = DIRECTION ( 'NONE',  ( -0.000000000000000000, 1.000000000000000000, -0.000000000000000000 ) ) ;
#2336 = AXIS2_PLACEMENT_3D ( 'NONE', #1638, #2901, #463 ) ;
#2337 = ORIENTED_EDGE ( 'NONE', *, *, #3780, .F. ) ;
#2338 = DIRECTION ( 'NONE',  ( 5.913830031739118501E-16, -0.000000000000000000, 1.000000000000000000 ) ) ;
#2339 = LINE ( 'NONE', #460, #1155 ) ;
#2340 =( NAMED_UNIT ( * ) PLANE_ANGLE_UNIT ( ) SI_UNIT ( $, .RADIAN. ) );
#2341 = ORIENTED_EDGE ( 'NONE', *, *, #2071, .F. ) ;
#2342 = ORIENTED_EDGE ( 'NONE', *, *, #938, .T. ) ;
#2343 = VECTOR ( 'NONE', #85, 1000.000000000000000 ) ;
#2344 = AXIS2_PLACEMENT_3D ( 'NONE', #1171, #517, #2965 ) ;
#2345 = ORIENTED_EDGE ( 'NONE', *, *, #2765, .T. ) ;
#2346 = AXIS2_PLACEMENT_3D ( 'NONE', #3216, #3523, #557 ) ;
#2347 = ORIENTED_EDGE ( 'NONE', *, *, #1256, .T. ) ;
#2348 = ORIENTED_EDGE ( 'NONE', *, *, #669, .F. ) ;
#2349 = DIRECTION ( 'NONE',  ( 1.000000000000000000, 0.000000000000000000, -0.000000000000000000 ) ) ;
#2350 = FACE_OUTER_BOUND ( 'NONE', #2051, .T. ) ;
#2352 = ADVANCED_FACE ( 'NONE', ( #973 ), #3643, .F. ) ;
#2351 = DIRECTION ( 'NONE',  ( -1.000000000000000000, 0.000000000000000000, 5.421010862427523156E-16 ) ) ;
#2353 = CARTESIAN_POINT ( 'NONE',  ( -0.8000000000000003775, 0.1270000000000000018, 0.1250000000000001110 ) ) ;
#2354 = DIRECTION ( 'NONE',  ( 0.000000000000000000, -0.000000000000000000, -1.000000000000000000 ) ) ;
#2355 = ADVANCED_FACE ( 'NONE', ( #3545 ), #1643, .F. ) ;
#2356 = VERTEX_POINT ( 'NONE', #1923 ) ;
#2357 = EDGE_CURVE ( 'NONE', #829, #2511, #2286, .T. ) ;
#2358 = LINE ( 'NONE', #1274, #3735 ) ;
#2359 = CARTESIAN_POINT ( 'NONE',  ( 0.5000000000000014433, 0.1270000000000000018, 0.7750000000000004663 ) ) ;
#2360 = VERTEX_POINT ( 'NONE', #2323 ) ;
#2361 = VERTEX_POINT ( 'NONE', #1766 ) ;
#2362 = LINE ( 'NONE', #3456, #981 ) ;
#2363 = CARTESIAN_POINT ( 'NONE',  ( 0.4000000000000004108, 0.1270000000000000018, -0.1249999999999996808 ) ) ;
#2364 = DIRECTION ( 'NONE',  ( 0.000000000000000000, -1.000000000000000000, 0.000000000000000000 ) ) ;
#2365 = CARTESIAN_POINT ( 'NONE',  ( -0.1500000000000003830, 0.05000000000000002359, -0.2499999999999991396 ) ) ;
#2366 = ORIENTED_EDGE ( 'NONE', *, *, #1497, .F. ) ;
#2367 = FACE_OUTER_BOUND ( 'NONE', #3786, .T. ) ;
#2368 = VERTEX_POINT ( 'NONE', #3211 ) ;
#2369 = VERTEX_POINT ( 'NONE', #284 ) ;
#2370 = AXIS2_PLACEMENT_3D ( 'NONE', #1027, #2569, #2125 ) ;
#2371 = VECTOR ( 'NONE', #532, 1000.000000000000000 ) ;
#2372 = UNCERTAINTY_MEASURE_WITH_UNIT (LENGTH_MEASURE( 1.000000000000000082E-05 ), #1994, 'distance_accuracy_value', 'NONE');
#2373 = CARTESIAN_POINT ( 'NONE',  ( 0.000000000000000000, 0.05000000000000000278, -0.3749999999999998890 ) ) ;
#2374 = ORIENTED_EDGE ( 'NONE', *, *, #1555, .T. ) ;
#2375 = EDGE_CURVE ( 'NONE', #3871, #3114, #3538, .T. ) ;
#2376 = CARTESIAN_POINT ( 'NONE',  ( 1.409462824231155764E-15, 0.04999999999999999584, 0.7750000000000004663 ) ) ;
#2377 = DIRECTION ( 'NONE',  ( 0.000000000000000000, -1.000000000000000000, 0.000000000000000000 ) ) ;
#2378 = ORIENTED_EDGE ( 'NONE', *, *, #599, .T. ) ;
#2379 = VERTEX_POINT ( 'NONE', #2018 ) ;
#2380 = VERTEX_POINT ( 'NONE', #533 ) ;
#2381 = APPLICATION_PROTOCOL_DEFINITION ( 'draft international standard', 'automotive_design', 1998, #1183 ) ;
#2382 = VECTOR ( 'NONE', #1522, 1000.000000000000000 ) ;
#2383 = ORIENTED_EDGE ( 'NONE', *, *, #1518, .T. ) ;
#2384 = ORIENTED_EDGE ( 'NONE', *, *, #2429, .T. ) ;
#2385 = DIRECTION ( 'NONE',  ( 0.000000000000000000, -1.000000000000000000, 0.000000000000000000 ) ) ;
#2386 = LINE ( 'NONE', #1884, #3809 ) ;
#2387 = CARTESIAN_POINT ( 'NONE',  ( -0.6222222222222223431, 0.5999999999999999778, -0.9522222222222224142 ) ) ;
#2388 = PLANE ( 'NONE',  #862 ) ;
#2389 = EDGE_CURVE ( 'NONE', #1454, #2584, #3661, .T. ) ;
#2390 = ORIENTED_EDGE ( 'NONE', *, *, #3477, .F. ) ;
#2391 = CARTESIAN_POINT ( 'NONE',  ( 0.5000000000000014433, 0.000000000000000000, 0.6500000000000003553 ) ) ;
#2392 = CIRCLE ( 'NONE', #137, 0.1250000000000001110 ) ;
#2393 = EDGE_LOOP ( 'NONE', ( #3406, #3641, #915, #986 ) ) ;
#2394 = LINE ( 'NONE', #1113, #2441 ) ;
#2395 = ADVANCED_FACE ( 'NONE', ( #3526 ), #509, .T. ) ;
#2396 = DIRECTION ( 'NONE',  ( 0.000000000000000000, 1.000000000000000000, 0.000000000000000000 ) ) ;
#2397 = VERTEX_POINT ( 'NONE', #1132 ) ;
#2398 = VECTOR ( 'NONE', #3132, 1000.000000000000000 ) ;
#2399 = LINE ( 'NONE', #774, #1103 ) ;
#2400 = VERTEX_POINT ( 'NONE', #1482 ) ;
#2401 = FACE_OUTER_BOUND ( 'NONE', #1678, .T. ) ;
#2402 = AXIS2_PLACEMENT_3D ( 'NONE', #2206, #218, #477 ) ;
#2403 = DIRECTION ( 'NONE',  ( 1.000000000000000000, -0.000000000000000000, 0.000000000000000000 ) ) ;
#2404 = DIRECTION ( 'NONE',  ( 0.000000000000000000, -1.000000000000000000, 0.000000000000000000 ) ) ;
#2405 = ORIENTED_EDGE ( 'NONE', *, *, #1806, .F. ) ;
#2406 = ORIENTED_EDGE ( 'NONE', *, *, #3285, .T. ) ;
#2407 = AXIS2_PLACEMENT_3D ( 'NONE', #320, #2377, #827 ) ;
#2408 = FACE_OUTER_BOUND ( 'NONE', #1558, .T. ) ;
#2409 = AXIS2_PLACEMENT_3D ( 'NONE', #167, #2870, #3131 ) ;
#2410 = CARTESIAN_POINT ( 'NONE',  ( 0.6250000000000018874, 0.1270000000000000018, 0.7750000000000004663 ) ) ;
#2411 = VECTOR ( 'NONE', #1913, 1000.000000000000000 ) ;
#2412 = VERTEX_POINT ( 'NONE', #1458 ) ;
#2413 = ORIENTED_EDGE ( 'NONE', *, *, #2093, .F. ) ;
#2414 = LINE ( 'NONE', #3284, #3710 ) ;
#2415 = PLANE ( 'NONE',  #798 ) ;
#2416 = DIRECTION ( 'NONE',  ( 0.000000000000000000, -0.000000000000000000, -1.000000000000000000 ) ) ;
#2417 = EDGE_CURVE ( 'NONE', #2476, #3426, #953, .T. ) ;
#2418 = FACE_OUTER_BOUND ( 'NONE', #1097, .T. ) ;
#2419 = ORIENTED_EDGE ( 'NONE', *, *, #1463, .F. ) ;
#2420 = VERTEX_POINT ( 'NONE', #2906 ) ;
#2421 = VECTOR ( 'NONE', #2443, 1000.000000000000000 ) ;
#2422 = EDGE_CURVE ( 'NONE', #3579, #1314, #2213, .T. ) ;
#2423 = CARTESIAN_POINT ( 'NONE',  ( 0.1250000000000018041, 0.000000000000000000, 0.7750000000000004663 ) ) ;
#2424 = CARTESIAN_POINT ( 'NONE',  ( 1.409462824231155764E-15, 0.1270000000000000018, 0.6500000000000003553 ) ) ;
#2425 = VECTOR ( 'NONE', #3664, 1000.000000000000000 ) ;
#2426 = EDGE_LOOP ( 'NONE', ( #3846, #643, #1294, #1963 ) ) ;
#2427 = ORIENTED_EDGE ( 'NONE', *, *, #527, .T. ) ;
#2428 = VECTOR ( 'NONE', #2200, 1000.000000000000000 ) ;
#2429 = EDGE_CURVE ( 'NONE', #2212, #2277, #944, .T. ) ;
#2430 = CARTESIAN_POINT ( 'NONE',  ( 0.3750000000000016098, 0.1270000000000000018, 0.7750000000000004663 ) ) ;
#2431 = COLOUR_RGB ( '',0.7921568627450980005, 0.8196078431372548767, 0.9333333333333333481 ) ;
#2432 = CARTESIAN_POINT ( 'NONE',  ( -0.6222222222222223431, 0.5999999999999999778, -0.8722222222222224541 ) ) ;
#2433 = EDGE_LOOP ( 'NONE', ( #957, #3648, #865, #951 ) ) ;
#2434 = EDGE_LOOP ( 'NONE', ( #1978, #3338, #1771, #3403 ) ) ;
#2435 = LINE ( 'NONE', #2022, #3731 ) ;
#2436 = DIRECTION ( 'NONE',  ( 0.000000000000000000, 0.000000000000000000, 1.000000000000000000 ) ) ;
#2437 = CIRCLE ( 'NONE', #2346, 0.1250000000000001110 ) ;
#2438 = ORIENTED_EDGE ( 'NONE', *, *, #2312, .T. ) ;
#2439 = VERTEX_POINT ( 'NONE', #3541 ) ;
#2440 = CARTESIAN_POINT ( 'NONE',  ( 0.1250000000000015266, 0.1270000000000000018, 0.7750000000000004663 ) ) ;
#2441 = VECTOR ( 'NONE', #759, 1000.000000000000000 ) ;
#2442 = CARTESIAN_POINT ( 'NONE',  ( -0.1500000000000003830, 0.000000000000000000, -0.1249999999999996808 ) ) ;
#2443 = DIRECTION ( 'NONE',  ( 1.000000000000000000, 0.000000000000000000, 0.000000000000000000 ) ) ;
#2444 = CARTESIAN_POINT ( 'NONE',  ( -0.3749999999999985012, 0.1270000000000000018, 0.7750000000000004663 ) ) ;
#2445 = ORIENTED_EDGE ( 'NONE', *, *, #1413, .T. ) ;
#2446 = EDGE_LOOP ( 'NONE', ( #3083, #1293, #3065, #1370 ) ) ;
#2447 = VECTOR ( 'NONE', #267, 1000.000000000000000 ) ;
#2448 = FILL_AREA_STYLE ('',( #3048 ) ) ;
#2449 = DIRECTION ( 'NONE',  ( 0.000000000000000000, 0.000000000000000000, -1.000000000000000000 ) ) ;
#2450 = AXIS2_PLACEMENT_3D ( 'NONE', #753, #837, #508 ) ;
#2451 = CARTESIAN_POINT ( 'NONE',  ( -0.2750000000000004108, 0.1270000000000000018, 0.1250000000000001110 ) ) ;
#2452 = MECHANICAL_DESIGN_GEOMETRIC_PRESENTATION_REPRESENTATION (  '', ( #37 ), #2067 ) ;
#2453 = ADVANCED_FACE ( 'NONE', ( #3561 ), #1033, .F. ) ;
#2454 = EDGE_LOOP ( 'NONE', ( #2266, #963, #3839, #1225 ) ) ;
#2455 = ORIENTED_EDGE ( 'NONE', *, *, #2997, .T. ) ;
#2456 = FACE_OUTER_BOUND ( 'NONE', #3721, .T. ) ;
#2457 = DIRECTION ( 'NONE',  ( 0.000000000000000000, -0.000000000000000000, 1.000000000000000000 ) ) ;
#2458 = AXIS2_PLACEMENT_3D ( 'NONE', #2000, #708, #269 ) ;
#2459 = DIRECTION ( 'NONE',  ( 0.000000000000000000, -1.000000000000000000, 0.000000000000000000 ) ) ;
#2460 = DIRECTION ( 'NONE',  ( -0.000000000000000000, 1.000000000000000000, -0.000000000000000000 ) ) ;
#2461 =( GEOMETRIC_REPRESENTATION_CONTEXT ( 3 ) GLOBAL_UNCERTAINTY_ASSIGNED_CONTEXT ( ( #642 ) ) GLOBAL_UNIT_ASSIGNED_CONTEXT ( ( #1022, #715, #2534 ) ) REPRESENTATION_CONTEXT ( 'NONE', 'WORKASPACE' ) );
#2462 = ORIENTED_EDGE ( 'NONE', *, *, #328, .F. ) ;
#2463 = DIRECTION ( 'NONE',  ( -1.000000000000000000, 0.000000000000000000, -0.000000000000000000 ) ) ;
#2464 = ORIENTED_EDGE ( 'NONE', *, *, #2514, .F. ) ;
#2465 = EDGE_CURVE ( 'NONE', #2174, #910, #3594, .T. ) ;
#2466 = VECTOR ( 'NONE', #3244, 1000.000000000000000 ) ;
#2467 = ORIENTED_EDGE ( 'NONE', *, *, #1527, .T. ) ;
#2468 = ORIENTED_EDGE ( 'NONE', *, *, #3350, .F. ) ;
#2469 = DIRECTION ( 'NONE',  ( 0.000000000000000000, 0.000000000000000000, -1.000000000000000000 ) ) ;
#2470 = LINE ( 'NONE', #3767, #2504 ) ;
#2471 = CARTESIAN_POINT ( 'NONE',  ( -0.4999999999999986122, 0.04999999999999999584, -0.7750000000000004663 ) ) ;
#2472 = CARTESIAN_POINT ( 'NONE',  ( 0.8000000000000003775, 0.5986990566028302929, -0.1249999999999994588 ) ) ;
#2473 = VECTOR ( 'NONE', #2487, 1000.000000000000000 ) ;
#2474 = ORIENTED_EDGE ( 'NONE', *, *, #411, .F. ) ;
#2475 = EDGE_CURVE ( 'NONE', #372, #2379, #958, .T. ) ;
#2476 = VERTEX_POINT ( 'NONE', #1666 ) ;
#2477 = FACE_OUTER_BOUND ( 'NONE', #3088, .T. ) ;
#2478 = CARTESIAN_POINT ( 'NONE',  ( 0.1250000000000016376, 0.1270000000000000018, -1.050000000000000266 ) ) ;
#2479 = CARTESIAN_POINT ( 'NONE',  ( 1.409462824231155764E-15, 0.000000000000000000, -0.7750000000000004663 ) ) ;
#2480 = CARTESIAN_POINT ( 'NONE',  ( -0.3749999999999983902, 0.05000000000000000278, 7.392287539673867311E-17 ) ) ;
#2481 = EDGE_CURVE ( 'NONE', #1215, #875, #2362, .T. ) ;
#2482 = VERTEX_POINT ( 'NONE', #1764 ) ;
#2483 = ORIENTED_EDGE ( 'NONE', *, *, #1527, .F. ) ;
#2484 = FACE_OUTER_BOUND ( 'NONE', #2276, .T. ) ;
#2485 = CARTESIAN_POINT ( 'NONE',  ( -0.6249999999999983347, 0.000000000000000000, 1.050000000000000266 ) ) ;
#2486 = ADVANCED_FACE ( 'NONE', ( #3602 ), #3615, .T. ) ;
#2487 = DIRECTION ( 'NONE',  ( 1.000000000000000000, 0.000000000000000000, 0.000000000000000000 ) ) ;
#2489 = ADVANCED_FACE ( 'NONE', ( #2229 ), #778, .F. ) ;
#2488 = CARTESIAN_POINT ( 'NONE',  ( 1.409462824231155764E-15, 0.04999999999999999584, 0.6500000000000003553 ) ) ;
#2490 = CARTESIAN_POINT ( 'NONE',  ( 0.1250000000000015266, 0.1270000000000000018, 0.7750000000000004663 ) ) ;
#2491 = ORIENTED_EDGE ( 'NONE', *, *, #2744, .T. ) ;
#2492 = VECTOR ( 'NONE', #2841, 1000.000000000000000 ) ;
#2493 = DIRECTION ( 'NONE',  ( 0.000000000000000000, -0.000000000000000000, -1.000000000000000000 ) ) ;
#2494 = FACE_OUTER_BOUND ( 'NONE', #2272, .T. ) ;
#2495 = VERTEX_POINT ( 'NONE', #3517 ) ;
#2496 = ORIENTED_EDGE ( 'NONE', *, *, #2181, .T. ) ;
#2497 = LINE ( 'NONE', #2964, #1182 ) ;
#2498 = CARTESIAN_POINT ( 'NONE',  ( 0.1250000000000018041, 0.04999999999999999584, -0.7750000000000004663 ) ) ;
#2499 = CARTESIAN_POINT ( 'NONE',  ( -0.4000000000000004108, 0.1270000000000000018, -0.3749999999999998890 ) ) ;
#2500 = CARTESIAN_POINT ( 'NONE',  ( -0.6222222222222223431, 0.5999999999999999778, -0.7922222222222224941 ) ) ;
#2501 = ORIENTED_EDGE ( 'NONE', *, *, #2593, .T. ) ;
#2502 = EDGE_LOOP ( 'NONE', ( #3623, #2342, #3667, #1378 ) ) ;
#2503 = AXIS2_PLACEMENT_3D ( 'NONE', #978, #3597, #3685 ) ;
#2504 = VECTOR ( 'NONE', #1076, 1000.000000000000000 ) ;
#2505 = AXIS2_PLACEMENT_3D ( 'NONE', #2139, #1212, #3086 ) ;
#2506 = DIRECTION ( 'NONE',  ( 0.000000000000000000, -0.000000000000000000, 1.000000000000000000 ) ) ;
#2507 = DIRECTION ( 'NONE',  ( 0.000000000000000000, 1.000000000000000000, 0.000000000000000000 ) ) ;
#2508 = CARTESIAN_POINT ( 'NONE',  ( -0.6222222222222223431, 0.4999999999999998890, -0.8722222222222224541 ) ) ;
#2509 = LINE ( 'NONE', #15, #3869 ) ;
#2510 = ORIENTED_EDGE ( 'NONE', *, *, #947, .F. ) ;
#2511 = VERTEX_POINT ( 'NONE', #489 ) ;
#2512 = LINE ( 'NONE', #2263, #1226 ) ;
#2513 = PLANE ( 'NONE',  #84 ) ;
#2514 = EDGE_CURVE ( 'NONE', #2379, #2567, #2261, .T. ) ;
#2515 = PRESENTATION_LAYER_ASSIGNMENT (  '', '', ( #238 ) ) ;
#2516 = CARTESIAN_POINT ( 'NONE',  ( -0.8000000000000003775, 0.1270000000000000018, 0.3750000000000005551 ) ) ;
#2517 = LINE ( 'NONE', #3267, #2473 ) ;
#2518 = DIRECTION ( 'NONE',  ( 1.000000000000000000, 0.000000000000000000, -0.000000000000000000 ) ) ;
#2519 = VERTEX_POINT ( 'NONE', #447 ) ;
#2520 = FACE_OUTER_BOUND ( 'NONE', #635, .T. ) ;
#2521 = EDGE_CURVE ( 'NONE', #1694, #1996, #1051, .T. ) ;
#2522 = PRODUCT_DEFINITION_FORMATION_WITH_SPECIFIED_SOURCE ( 'ANY', '', #693, .NOT_KNOWN. ) ;
#2523 = ADVANCED_FACE ( 'NONE', ( #1071 ), #3609, .F. ) ;
#2524 = ORIENTED_EDGE ( 'NONE', *, *, #1450, .F. ) ;
#2525 = EDGE_LOOP ( 'NONE', ( #1163, #397, #3763, #943 ) ) ;
#2526 = FACE_OUTER_BOUND ( 'NONE', #3210, .T. ) ;
#2527 = CARTESIAN_POINT ( 'NONE',  ( 1.409462824231155764E-15, 0.5986990566028304039, 0.7750000000000004663 ) ) ;
#2528 = CARTESIAN_POINT ( 'NONE',  ( -6.776263578034397782E-17, 0.05000000000000000278, -0.1249999999999998890 ) ) ;
#2529 = EDGE_CURVE ( 'NONE', #176, #610, #1011, .T. ) ;
#2530 = CARTESIAN_POINT ( 'NONE',  ( 0.8000000000000003775, 0.5986990566028302929, -0.3749999999999998890 ) ) ;
#2531 = FACE_OUTER_BOUND ( 'NONE', #2877, .T. ) ;
#2532 = EDGE_LOOP ( 'NONE', ( #259, #2256 ) ) ;
#2533 = CLOSED_SHELL ( 'NONE', ( #3372, #1445, #3071, #1886, #2079, #3121, #128 ) ) ;
#2534 =( NAMED_UNIT ( * ) SI_UNIT ( $, .STERADIAN. ) SOLID_ANGLE_UNIT ( ) );
#2535 = DIRECTION ( 'NONE',  ( 0.000000000000000000, 0.000000000000000000, 1.000000000000000000 ) ) ;
#2536 = PRESENTATION_STYLE_ASSIGNMENT (( #913 ) ) ;
#2537 = VECTOR ( 'NONE', #2258, 1000.000000000000000 ) ;
#2538 = VERTEX_POINT ( 'NONE', #727 ) ;
#2539 = ORIENTED_EDGE ( 'NONE', *, *, #3820, .T. ) ;
#2540 = CARTESIAN_POINT ( 'NONE',  ( -0.8000000000000003775, 0.1270000000000000018, -0.1249999999999994588 ) ) ;
#2541 = DIRECTION ( 'NONE',  ( 0.000000000000000000, 0.000000000000000000, 1.000000000000000000 ) ) ;
#2542 = DIRECTION ( 'NONE',  ( 0.000000000000000000, 1.000000000000000000, 0.000000000000000000 ) ) ;
#2543 = CARTESIAN_POINT ( 'NONE',  ( 0.3750000000000016098, 0.000000000000000000, 1.050000000000000266 ) ) ;
#2544 = CIRCLE ( 'NONE', #3811, 0.1250000000000001110 ) ;
#2545 = DIRECTION ( 'NONE',  ( 0.000000000000000000, 0.000000000000000000, 1.000000000000000000 ) ) ;
#2546 = ORIENTED_EDGE ( 'NONE', *, *, #669, .T. ) ;
#2547 = ORIENTED_EDGE ( 'NONE', *, *, #2037, .F. ) ;
#2548 = AXIS2_PLACEMENT_3D ( 'NONE', #316, #3263, #2969 ) ;
#2549 = VECTOR ( 'NONE', #2974, 1000.000000000000000 ) ;
#2550 = FACE_OUTER_BOUND ( 'NONE', #874, .T. ) ;
#2551 = EDGE_LOOP ( 'NONE', ( #2419, #1181, #300, #1109 ) ) ;
#2552 = ORIENTED_EDGE ( 'NONE', *, *, #2683, .T. ) ;
#2553 = DIRECTION ( 'NONE',  ( 0.000000000000000000, 1.000000000000000000, 0.000000000000000000 ) ) ;
#2554 = CARTESIAN_POINT ( 'NONE',  ( -0.3749999999999981681, 0.000000000000000000, 1.050000000000000266 ) ) ;
#2555 = CARTESIAN_POINT ( 'NONE',  ( -0.4999999999999986122, 0.1270000000000000018, -0.7750000000000004663 ) ) ;
#2556 = AXIS2_PLACEMENT_3D ( 'NONE', #2931, #487, #3187 ) ;
#2557 = VECTOR ( 'NONE', #3445, 1000.000000000000000 ) ;
#2558 = ADVANCED_FACE ( 'NONE', ( #1062 ), #2334, .F. ) ;
#2559 = AXIS2_PLACEMENT_3D ( 'NONE', #1880, #426, #3761 ) ;
#2560 = LINE ( 'NONE', #3480, #2626 ) ;
#2561 = ORIENTED_EDGE ( 'NONE', *, *, #2375, .F. ) ;
#2562 = VERTEX_POINT ( 'NONE', #1941 ) ;
#2563 = DIRECTION ( 'NONE',  ( -1.000000000000000000, 0.000000000000000000, 0.000000000000000000 ) ) ;
#2564 = DIRECTION ( 'NONE',  ( 0.000000000000000000, 0.000000000000000000, -1.000000000000000000 ) ) ;
#2565 = EDGE_CURVE ( 'NONE', #2578, #1215, #3568, .T. ) ;
#2566 = VECTOR ( 'NONE', #1419, 1000.000000000000000 ) ;
#2567 = VERTEX_POINT ( 'NONE', #2017 ) ;
#2568 = ORIENTED_EDGE ( 'NONE', *, *, #1350, .T. ) ;
#2569 = DIRECTION ( 'NONE',  ( -0.000000000000000000, -1.000000000000000000, -0.000000000000000000 ) ) ;
#2570 = DIRECTION ( 'NONE',  ( 1.000000000000000000, 0.000000000000000000, 0.000000000000000000 ) ) ;
#2571 = CIRCLE ( 'NONE', #3598, 0.1250000000000001110 ) ;
#2572 = CARTESIAN_POINT ( 'NONE',  ( 0.1250000000000018041, 0.5986990566028304039, -0.7750000000000004663 ) ) ;
#2573 = DIRECTION ( 'NONE',  ( 0.000000000000000000, 0.000000000000000000, 1.000000000000000000 ) ) ;
#2574 = LINE ( 'NONE', #2856, #1232 ) ;
#2575 = EDGE_CURVE ( 'NONE', #2309, #3582, #3632, .T. ) ;
#2576 = DIRECTION ( 'NONE',  ( -5.913830031739118501E-16, 0.000000000000000000, -1.000000000000000000 ) ) ;
#2577 = ORIENTED_EDGE ( 'NONE', *, *, #745, .T. ) ;
#2578 = VERTEX_POINT ( 'NONE', #2933 ) ;
#2579 = CARTESIAN_POINT ( 'NONE',  ( -0.4999999999999986122, 0.1270000000000000018, -0.7750000000000004663 ) ) ;
#2580 = VECTOR ( 'NONE', #1530, 1000.000000000000000 ) ;
#2581 = EDGE_CURVE ( 'NONE', #2360, #464, #3588, .T. ) ;
#2582 = FACE_OUTER_BOUND ( 'NONE', #2267, .T. ) ;
#2583 = ORIENTED_EDGE ( 'NONE', *, *, #479, .F. ) ;
#2584 = VERTEX_POINT ( 'NONE', #2353 ) ;
#2585 = DIRECTION ( 'NONE',  ( 0.000000000000000000, 0.000000000000000000, -1.000000000000000000 ) ) ;
#2586 = DIRECTION ( 'NONE',  ( -1.000000000000000000, 0.000000000000000000, -5.421010862427523156E-16 ) ) ;
#2587 = CARTESIAN_POINT ( 'NONE',  ( -0.3749999999999982236, 0.000000000000000000, -0.7750000000000004663 ) ) ;
#2588 = CARTESIAN_POINT ( 'NONE',  ( 0.5000000000000014433, 0.1270000000000000018, -0.7750000000000004663 ) ) ;
#2589 = FACE_OUTER_BOUND ( 'NONE', #2201, .T. ) ;
#2590 = EDGE_LOOP ( 'NONE', ( #3798, #88, #1126, #482 ) ) ;
#2591 = ORIENTED_EDGE ( 'NONE', *, *, #869, .T. ) ;
#2592 = PLANE ( 'NONE',  #361 ) ;
#2593 = EDGE_CURVE ( 'NONE', #610, #1548, #2301, .T. ) ;
#2594 = CARTESIAN_POINT ( 'NONE',  ( 0.3750000000000013323, 0.1270000000000000018, -0.7750000000000004663 ) ) ;
#2595 = SURFACE_STYLE_FILL_AREA ( #3077 ) ;
#2596 = ADVANCED_FACE ( 'NONE', ( #2294 ), #1539, .T. ) ;
#2597 = LINE ( 'NONE', #1998, #2610 ) ;
#2598 = EDGE_LOOP ( 'NONE', ( #3498, #1348, #3415, #2113 ) ) ;
#2599 = VERTEX_POINT ( 'NONE', #1265 ) ;
#2600 = CARTESIAN_POINT ( 'NONE',  ( 0.5000000000000014433, 0.5986990566028304039, 0.6500000000000003553 ) ) ;
#2601 = CARTESIAN_POINT ( 'NONE',  ( -0.1249999999999983763, 0.000000000000000000, -0.7750000000000004663 ) ) ;
#2602 = FILL_AREA_STYLE_COLOUR ( '', #1420 ) ;
#2603 = COLOUR_RGB ( '',0.7921568627450980005, 0.8196078431372548767, 0.9333333333333333481 ) ;
#2604 = DIRECTION ( 'NONE',  ( 0.000000000000000000, 0.000000000000000000, 1.000000000000000000 ) ) ;
#2605 = DIRECTION ( 'NONE',  ( 0.000000000000000000, -1.000000000000000000, 0.000000000000000000 ) ) ;
#2606 = VECTOR ( 'NONE', #139, 1000.000000000000000 ) ;
#2607 = CARTESIAN_POINT ( 'NONE',  ( 1.409462824231155764E-15, 0.000000000000000000, 0.6500000000000003553 ) ) ;
#2608 = ORIENTED_EDGE ( 'NONE', *, *, #1997, .F. ) ;
#2609 = AXIS2_PLACEMENT_3D ( 'NONE', #984, #1443, #2946 ) ;
#2610 = VECTOR ( 'NONE', #30, 1000.000000000000000 ) ;
#2611 = VERTEX_POINT ( 'NONE', #632 ) ;
#2612 = ORIENTED_EDGE ( 'NONE', *, *, #1786, .T. ) ;
#2613 = CARTESIAN_POINT ( 'NONE',  ( -2.032879073410321800E-16, 0.05000000000000000278, 0.3750000000000001110 ) ) ;
#2614 = AXIS2_PLACEMENT_3D ( 'NONE', #145, #504, #2564 ) ;
#2615 = CARTESIAN_POINT ( 'NONE',  ( 0.6250000000000016653, 0.000000000000000000, -1.050000000000000266 ) ) ;
#2616 = AXIS2_PLACEMENT_3D ( 'NONE', #333, #3028, #1194 ) ;
#2617 = LINE ( 'NONE', #1815, #1303 ) ;
#2618 = CARTESIAN_POINT ( 'NONE',  ( -0.8000000000000003775, 0.1270000000000000018, -0.3749999999999998890 ) ) ;
#2619 = LINE ( 'NONE', #1868, #2606 ) ;
#2620 = ORIENTED_EDGE ( 'NONE', *, *, #1765, .F. ) ;
#2621 = EDGE_LOOP ( 'NONE', ( #519, #1505, #2737, #3640 ) ) ;
#2622 = EDGE_CURVE ( 'NONE', #226, #2397, #1036, .T. ) ;
#2623 = DIRECTION ( 'NONE',  ( 0.000000000000000000, 0.000000000000000000, -1.000000000000000000 ) ) ;
#2624 = DIRECTION ( 'NONE',  ( 0.000000000000000000, 0.000000000000000000, 1.000000000000000000 ) ) ;
#2625 = FACE_OUTER_BOUND ( 'NONE', #1406, .T. ) ;
#2626 = VECTOR ( 'NONE', #1686, 1000.000000000000000 ) ;
#2627 = ORIENTED_EDGE ( 'NONE', *, *, #1520, .F. ) ;
#2628 = ORIENTED_EDGE ( 'NONE', *, *, #1805, .T. ) ;
#2629 = DIRECTION ( 'NONE',  ( -5.913830031739118501E-16, 0.000000000000000000, -1.000000000000000000 ) ) ;
#2630 = CARTESIAN_POINT ( 'NONE',  ( -0.2750000000000005218, 0.000000000000000000, -0.3749999999999998890 ) ) ;
#2631 = EDGE_CURVE ( 'NONE', #2368, #3080, #2220, .T. ) ;
#2632 =( NAMED_UNIT ( * ) SI_UNIT ( $, .STERADIAN. ) SOLID_ANGLE_UNIT ( ) );
#2634 = ADVANCED_FACE ( 'NONE', ( #1044 ), #923, .T. ) ;
#2633 =( NAMED_UNIT ( * ) PLANE_ANGLE_UNIT ( ) SI_UNIT ( $, .RADIAN. ) );
#2635 = CARTESIAN_POINT ( 'NONE',  ( 0.2750000000000004108, 0.5986990566028302929, -0.2499999999999998890 ) ) ;
#2636 = DIRECTION ( 'NONE',  ( 0.000000000000000000, 1.000000000000000000, -0.000000000000000000 ) ) ;
#2637 = EDGE_LOOP ( 'NONE', ( #506, #2496, #31, #3709, #1703 ) ) ;
#2638 = ADVANCED_FACE ( 'NONE', ( #2350 ), #1290, .F. ) ;
#2639 = EDGE_CURVE ( 'NONE', #2412, #3491, #3532, .T. ) ;
#2640 = CARTESIAN_POINT ( 'NONE',  ( 0.1500000000000003830, 0.5986990566028302929, -0.2499999999999998890 ) ) ;
#2641 = VECTOR ( 'NONE', #3438, 1000.000000000000000 ) ;
#2642 = EDGE_CURVE ( 'NONE', #3108, #2817, #937, .T. ) ;
#2643 = LINE ( 'NONE', #484, #1271 ) ;
#2644 = EDGE_LOOP ( 'NONE', ( #2290, #230, #3510, #1541 ) ) ;
#2645 = ORIENTED_EDGE ( 'NONE', *, *, #1647, .T. ) ;
#2646 = CARTESIAN_POINT ( 'NONE',  ( -0.6249999999999986677, 0.1270000000000000018, -0.7750000000000004663 ) ) ;
#2647 = CARTESIAN_POINT ( 'NONE',  ( -0.2750000000000004108, 0.1270000000000000018, 0.2500000000000001110 ) ) ;
#2648 = CARTESIAN_POINT ( 'NONE',  ( 0.8000000000000003775, 0.000000000000000000, 0.3750000000000005551 ) ) ;
#2649 = LINE ( 'NONE', #166, #1339 ) ;
#2650 = DIRECTION ( 'NONE',  ( 1.000000000000000000, -0.000000000000000000, 0.000000000000000000 ) ) ;
#2651 = VECTOR ( 'NONE', #2279, 1000.000000000000000 ) ;
#2652 = EDGE_LOOP ( 'NONE', ( #2179, #3448, #2135, #205 ) ) ;
#2653 = EDGE_CURVE ( 'NONE', #1300, #1430, #3756, .T. ) ;
#2654 = ORIENTED_EDGE ( 'NONE', *, *, #565, .T. ) ;
#2655 = DIRECTION ( 'NONE',  ( 0.000000000000000000, 0.000000000000000000, -1.000000000000000000 ) ) ;
#2656 = DIRECTION ( 'NONE',  ( 0.000000000000000000, 1.000000000000000000, 0.000000000000000000 ) ) ;
#2657 = FACE_OUTER_BOUND ( 'NONE', #3174, .T. ) ;
#2658 = CIRCLE ( 'NONE', #1988, 0.1250000000000000000 ) ;
#2659 = ORIENTED_EDGE ( 'NONE', *, *, #2703, .T. ) ;
#2660 = EDGE_LOOP ( 'NONE', ( #89, #2164, #3537, #3323 ) ) ;
#2661 = DIRECTION ( 'NONE',  ( 0.000000000000000000, 0.000000000000000000, 1.000000000000000000 ) ) ;
#2662 = AXIS2_PLACEMENT_3D ( 'NONE', #1741, #2663, #1481 ) ;
#2663 = DIRECTION ( 'NONE',  ( 0.000000000000000000, 1.000000000000000000, -0.000000000000000000 ) ) ;
#2664 = AXIS2_PLACEMENT_3D ( 'NONE', #1904, #2232, #1975 ) ;
#2665 = CARTESIAN_POINT ( 'NONE',  ( -0.4000000000000004108, 0.000000000000000000, 0.3750000000000003331 ) ) ;
#2666 = VECTOR ( 'NONE', #1768, 1000.000000000000000 ) ;
#2667 = CARTESIAN_POINT ( 'NONE',  ( -0.8000000000000003775, 0.1270000000000000018, 0.3750000000000005551 ) ) ;
#2668 = VERTEX_POINT ( 'NONE', #3061 ) ;
#2669 = ORIENTED_EDGE ( 'NONE', *, *, #888, .F. ) ;
#2670 = DIRECTION ( 'NONE',  ( 0.000000000000000000, 0.000000000000000000, 1.000000000000000000 ) ) ;
#2671 = AXIS2_PLACEMENT_3D ( 'NONE', #1237, #388, #1822 ) ;
#2672 = CIRCLE ( 'NONE', #576, 0.1250000000000000000 ) ;
#2673 = ADVANCED_FACE ( 'NONE', ( #1170 ), #3655, .T. ) ;
#2674 = CIRCLE ( 'NONE', #472, 0.1250000000000000000 ) ;
#2675 = ORIENTED_EDGE ( 'NONE', *, *, #2783, .T. ) ;
#2676 = AXIS2_PLACEMENT_3D ( 'NONE', #1324, #1087, #1353 ) ;
#2677 = ORIENTED_EDGE ( 'NONE', *, *, #2910, .T. ) ;
#2678 = DIRECTION ( 'NONE',  ( 5.913830031739118501E-16, 0.000000000000000000, 1.000000000000000000 ) ) ;
#2679 = DIRECTION ( 'NONE',  ( 0.000000000000000000, 0.000000000000000000, -1.000000000000000000 ) ) ;
#2680 = ADVANCED_FACE ( 'NONE', ( #1222 ), #1803, .T. ) ;
#2681 = VECTOR ( 'NONE', #3015, 1000.000000000000000 ) ;
#2682 = DIRECTION ( 'NONE',  ( 0.000000000000000000, 0.000000000000000000, 1.000000000000000000 ) ) ;
#2683 = EDGE_CURVE ( 'NONE', #3358, #3575, #1086, .T. ) ;
#2684 = ORIENTED_EDGE ( 'NONE', *, *, #2241, .T. ) ;
#2685 = DIRECTION ( 'NONE',  ( 7.885106708985491006E-16, -0.000000000000000000, 1.000000000000000000 ) ) ;
#2686 = DIRECTION ( 'NONE',  ( 0.000000000000000000, 1.000000000000000000, 0.000000000000000000 ) ) ;
#2687 = DIRECTION ( 'NONE',  ( 0.000000000000000000, 0.000000000000000000, 1.000000000000000000 ) ) ;
#2688 = FACE_OUTER_BOUND ( 'NONE', #2598, .T. ) ;
#2689 = VECTOR ( 'NONE', #3453, 1000.000000000000000 ) ;
#2690 = VERTEX_POINT ( 'NONE', #2059 ) ;
#2691 = EDGE_CURVE ( 'NONE', #142, #1863, #3724, .T. ) ;
#2692 = ORIENTED_EDGE ( 'NONE', *, *, #2691, .T. ) ;
#2693 = CARTESIAN_POINT ( 'NONE',  ( -0.2750000000000004108, 0.5986990566028302929, 0.1250000000000001110 ) ) ;
#2694 = LINE ( 'NONE', #1280, #77 ) ;
#2695 = DIRECTION ( 'NONE',  ( 0.000000000000000000, 0.000000000000000000, 1.000000000000000000 ) ) ;
#2696 = CARTESIAN_POINT ( 'NONE',  ( 0.8000000000000003775, 0.000000000000000000, -0.1249999999999994588 ) ) ;
#2697 = LINE ( 'NONE', #297, #1471 ) ;
#2698 = ORIENTED_EDGE ( 'NONE', *, *, #1426, .T. ) ;
#2699 = VECTOR ( 'NONE', #1702, 1000.000000000000000 ) ;
#2700 = ORIENTED_EDGE ( 'NONE', *, *, #3620, .F. ) ;
#2701 = DIRECTION ( 'NONE',  ( 0.000000000000000000, 1.000000000000000000, 0.000000000000000000 ) ) ;
#2702 = DIRECTION ( 'NONE',  ( -7.885106708985491992E-16, 0.000000000000000000, -1.000000000000000000 ) ) ;
#2703 = EDGE_CURVE ( 'NONE', #2369, #882, #3674, .T. ) ;
#2704 = ADVANCED_FACE ( 'NONE', ( #2484 ), #1187, .T. ) ;
#2705 = DIRECTION ( 'NONE',  ( 0.000000000000000000, 0.000000000000000000, 1.000000000000000000 ) ) ;
#2706 = FACE_OUTER_BOUND ( 'NONE', #11, .T. ) ;
#2707 = ORIENTED_EDGE ( 'NONE', *, *, #486, .T. ) ;
#2708 = ORIENTED_EDGE ( 'NONE', *, *, #830, .T. ) ;
#2709 = ADVANCED_FACE ( 'NONE', ( #2526 ), #2388, .T. ) ;
#2710 = DIRECTION ( 'NONE',  ( 1.000000000000000000, 0.000000000000000000, -7.885106708985491006E-16 ) ) ;
#2711 = VECTOR ( 'NONE', #1652, 1000.000000000000000 ) ;
#2712 = LINE ( 'NONE', #2219, #1446 ) ;
#2713 = ORIENTED_EDGE ( 'NONE', *, *, #2960, .F. ) ;
#2714 = ORIENTED_EDGE ( 'NONE', *, *, #2133, .T. ) ;
#2715 = PRESENTATION_LAYER_ASSIGNMENT (  '', '', ( #2845 ) ) ;
#2716 = DIRECTION ( 'NONE',  ( 0.000000000000000000, -0.000000000000000000, 1.000000000000000000 ) ) ;
#2717 = AXIS2_PLACEMENT_3D ( 'NONE', #3549, #8, #3260 ) ;
#2718 = CARTESIAN_POINT ( 'NONE',  ( 0.1500000000000003830, 0.1270000000000000018, 0.2500000000000001110 ) ) ;
#2719 = VECTOR ( 'NONE', #2459, 1000.000000000000000 ) ;
#2720 =( LENGTH_UNIT ( ) NAMED_UNIT ( * ) SI_UNIT ( .MILLI., .METRE. ) );
#2721 = CARTESIAN_POINT ( 'NONE',  ( -0.4999999999999986122, 0.1270000000000000018, -0.7750000000000004663 ) ) ;
#2722 = CIRCLE ( 'NONE', #2805, 0.1250000000000000000 ) ;
#2723 = ORIENTED_EDGE ( 'NONE', *, *, #522, .F. ) ;
#2724 = EDGE_CURVE ( 'NONE', #3840, #1093, #3771, .T. ) ;
#2725 = AXIS2_PLACEMENT_3D ( 'NONE', #291, #1926, #1111 ) ;
#2726 = LINE ( 'NONE', #191, #2734 ) ;
#2727 = VECTOR ( 'NONE', #3652, 1000.000000000000000 ) ;
#2728 = ORIENTED_EDGE ( 'NONE', *, *, #3075, .F. ) ;
#2729 = ORIENTED_EDGE ( 'NONE', *, *, #2733, .T. ) ;
#2730 = DIRECTION ( 'NONE',  ( 0.000000000000000000, 1.000000000000000000, 0.000000000000000000 ) ) ;
#2731 = DIRECTION ( 'NONE',  ( 0.000000000000000000, -1.000000000000000000, 0.000000000000000000 ) ) ;
#2732 = ADVANCED_FACE ( 'NONE', ( #2401 ), #431, .F. ) ;
#2733 = EDGE_CURVE ( 'NONE', #3358, #1719, #2512, .T. ) ;
#2734 = VECTOR ( 'NONE', #766, 1000.000000000000000 ) ;
#2735 = CARTESIAN_POINT ( 'NONE',  ( 0.6250000000000017764, 0.05000000000000000278, -1.232047923278986390E-16 ) ) ;
#2736 = VECTOR ( 'NONE', #3516, 1000.000000000000000 ) ;
#2737 = ORIENTED_EDGE ( 'NONE', *, *, #522, .T. ) ;
#2738 = ORIENTED_EDGE ( 'NONE', *, *, #1371, .F. ) ;
#2739 = EDGE_CURVE ( 'NONE', #628, #2380, #1216, .T. ) ;
#2740 = DIRECTION ( 'NONE',  ( 1.000000000000000000, 0.000000000000000000, -0.000000000000000000 ) ) ;
#2741 = CARTESIAN_POINT ( 'NONE',  ( -0.8000000000000003775, 0.5986990566028302929, 0.1250000000000001110 ) ) ;
#2742 = EDGE_CURVE ( 'NONE', #1127, #2369, #2394, .T. ) ;
#2743 = CIRCLE ( 'NONE', #315, 0.1250000000000001110 ) ;
#2744 = EDGE_CURVE ( 'NONE', #3503, #265, #1191, .T. ) ;
#2745 = LINE ( 'NONE', #3471, #2773 ) ;
#2746 = ORIENTED_EDGE ( 'NONE', *, *, #1561, .T. ) ;
#2747 = ORIENTED_EDGE ( 'NONE', *, *, #3677, .F. ) ;
#2748 = FILL_AREA_STYLE ('',( #3481 ) ) ;
#2749 = DIRECTION ( 'NONE',  ( -0.000000000000000000, -1.000000000000000000, -0.000000000000000000 ) ) ;
#2750 = DIRECTION ( 'NONE',  ( 0.000000000000000000, -0.000000000000000000, -1.000000000000000000 ) ) ;
#2751 = LINE ( 'NONE', #3046, #171 ) ;
#2752 = ORIENTED_EDGE ( 'NONE', *, *, #2622, .T. ) ;
#2753 = ORIENTED_EDGE ( 'NONE', *, *, #2691, .F. ) ;
#2754 = CYLINDRICAL_SURFACE ( 'NONE', #2609, 0.1250000000000001110 ) ;
#2755 = ORIENTED_EDGE ( 'NONE', *, *, #3280, .T. ) ;
#2756 = CARTESIAN_POINT ( 'NONE',  ( -0.8000000000000003775, 0.5986990566028302929, -0.1249999999999994588 ) ) ;
#2757 = CARTESIAN_POINT ( 'NONE',  ( 0.2750000000000004108, 0.1270000000000000018, -0.3749999999999998890 ) ) ;
#2758 = LINE ( 'NONE', #2302, #124 ) ;
#2759 = AXIS2_PLACEMENT_3D ( 'NONE', #1380, #2868, #1082 ) ;
#2760 = DIRECTION ( 'NONE',  ( -7.885106708985491992E-16, 0.000000000000000000, -1.000000000000000000 ) ) ;
#2761 = LINE ( 'NONE', #2891, #1453 ) ;
#2762 = ORIENTED_EDGE ( 'NONE', *, *, #3078, .F. ) ;
#2763 = CARTESIAN_POINT ( 'NONE',  ( -0.8000000000000001554, 0.05000000000000000278, 1.050000000000000044 ) ) ;
#2764 = CARTESIAN_POINT ( 'NONE',  ( -0.1500000000000003830, 0.000000000000000000, 0.2500000000000001110 ) ) ;
#2765 = EDGE_CURVE ( 'NONE', #3574, #879, #3787, .T. ) ;
#2766 = VECTOR ( 'NONE', #647, 1000.000000000000000 ) ;
#2767 = LINE ( 'NONE', #2444, #1437 ) ;
#2768 = ORIENTED_EDGE ( 'NONE', *, *, #2915, .F. ) ;
#2769 = AXIS2_PLACEMENT_3D ( 'NONE', #309, #1239, #1560 ) ;
#2770 = CARTESIAN_POINT ( 'NONE',  ( -0.6222222222222223431, 0.5999999999999999778, -0.8722222222222224541 ) ) ;
#2771 = VECTOR ( 'NONE', #99, 1000.000000000000000 ) ;
#2772 = CARTESIAN_POINT ( 'NONE',  ( 0.5000000000000014433, 0.1270000000000000018, 0.7750000000000004663 ) ) ;
#2773 = VECTOR ( 'NONE', #765, 1000.000000000000000 ) ;
#2774 = EDGE_CURVE ( 'NONE', #2324, #2035, #1203, .T. ) ;
#2775 = VERTEX_POINT ( 'NONE', #1949 ) ;
#2776 = FACE_OUTER_BOUND ( 'NONE', #867, .T. ) ;
#2777 = ORIENTED_EDGE ( 'NONE', *, *, #346, .F. ) ;
#2778 = EDGE_CURVE ( 'NONE', #2202, #3, #3702, .T. ) ;
#2779 = DIRECTION ( 'NONE',  ( 0.000000000000000000, 0.000000000000000000, 1.000000000000000000 ) ) ;
#2780 = CARTESIAN_POINT ( 'NONE',  ( -0.4624999999999998002, 0.1270000000000000018, -0.5625000000000011102 ) ) ;
#2781 = CARTESIAN_POINT ( 'NONE',  ( -0.6222222222222223431, 0.5999999999999999778, -0.8722222222222224541 ) ) ;
#2782 = VECTOR ( 'NONE', #2403, 1000.000000000000000 ) ;
#2783 = EDGE_CURVE ( 'NONE', #782, #1341, #1077, .T. ) ;
#2784 = ORIENTED_EDGE ( 'NONE', *, *, #2042, .F. ) ;
#2785 = EDGE_CURVE ( 'NONE', #1142, #752, #1105, .T. ) ;
#2786 = DIRECTION ( 'NONE',  ( -1.000000000000000000, 0.000000000000000000, 5.421010862427523156E-16 ) ) ;
#2787 = CARTESIAN_POINT ( 'NONE',  ( -0.1249999999999985983, 0.5986990566028304039, -1.050000000000000266 ) ) ;
#2788 = VECTOR ( 'NONE', #995, 1000.000000000000000 ) ;
#2789 = ORIENTED_EDGE ( 'NONE', *, *, #1107, .F. ) ;
#2790 = ADVANCED_FACE ( 'NONE', ( #2520 ), #3397, .T. ) ;
#2791 = CARTESIAN_POINT ( 'NONE',  ( -0.3749999999999985012, 0.5986990566028304039, 0.7750000000000004663 ) ) ;
#2792 = DIRECTION ( 'NONE',  ( 0.000000000000000000, 0.000000000000000000, 1.000000000000000000 ) ) ;
#2793 = CARTESIAN_POINT ( 'NONE',  ( 0.6250000000000018874, 0.1270000000000000018, -0.7750000000000004663 ) ) ;
#2794 = ORIENTED_EDGE ( 'NONE', *, *, #2241, .F. ) ;
#2795 = LINE ( 'NONE', #1061, #1503 ) ;
#2796 = FACE_OUTER_BOUND ( 'NONE', #1415, .T. ) ;
#2797 = ORIENTED_EDGE ( 'NONE', *, *, #2293, .F. ) ;
#2798 = DIRECTION ( 'NONE',  ( -1.000000000000000000, 0.000000000000000000, 0.000000000000000000 ) ) ;
#2799 = FILL_AREA_STYLE_COLOUR ( '', #2431 ) ;
#2800 = EDGE_LOOP ( 'NONE', ( #2374, #1261, #1275, #3531, #674, #3257, #1955, #3318, #2091, #2144, #2008, #649, #1038, #2568, #3853, #3232 ) ) ;
#2801 = LINE ( 'NONE', #298, #1562 ) ;
#2802 = CARTESIAN_POINT ( 'NONE',  ( 0.7999999999999997113, 0.1269999999999999463, -0.3749999999999998890 ) ) ;
#2803 = LINE ( 'NONE', #2955, #1428 ) ;
#2804 = ORIENTED_EDGE ( 'NONE', *, *, #3109, .T. ) ;
#2805 = AXIS2_PLACEMENT_3D ( 'NONE', #1129, #1762, #1480 ) ;
#2806 = ORIENTED_EDGE ( 'NONE', *, *, #252, .T. ) ;
#2807 = CARTESIAN_POINT ( 'NONE',  ( 0.1250000000000016376, 0.1270000000000000018, -1.050000000000000266 ) ) ;
#2808 = DIRECTION ( 'NONE',  ( 0.000000000000000000, 0.000000000000000000, -1.000000000000000000 ) ) ;
#2809 = CARTESIAN_POINT ( 'NONE',  ( 0.7999999999999997113, 0.05000000000000000278, 1.050000000000000044 ) ) ;
#2810 = CIRCLE ( 'NONE', #755, 0.07999999999999998779 ) ;
#2811 = PRESENTATION_STYLE_ASSIGNMENT (( #1689 ) ) ;
#2812 = VERTEX_POINT ( 'NONE', #1699 ) ;
#2813 = ORIENTED_EDGE ( 'NONE', *, *, #3359, .T. ) ;
#2814 = EDGE_CURVE ( 'NONE', #2578, #2217, #2470, .T. ) ;
#2815 = CARTESIAN_POINT ( 'NONE',  ( 0.6250000000000016653, 0.5986990566028304039, -1.050000000000000266 ) ) ;
#2816 = FACE_OUTER_BOUND ( 'NONE', #2551, .T. ) ;
#2817 = VERTEX_POINT ( 'NONE', #2554 ) ;
#2818 = VERTEX_POINT ( 'NONE', #1043 ) ;
#2819 = PLANE ( 'NONE',  #1905 ) ;
#2820 = ADVANCED_FACE ( 'NONE', ( #2456 ), #3124, .T. ) ;
#2821 = DIRECTION ( 'NONE',  ( -0.000000000000000000, -1.000000000000000000, -0.000000000000000000 ) ) ;
#2822 = EDGE_CURVE ( 'NONE', #339, #3567, #2386, .T. ) ;
#2823 = LINE ( 'NONE', #1894, #2875 ) ;
#2824 = ORIENTED_EDGE ( 'NONE', *, *, #1855, .T. ) ;
#2825 = CARTESIAN_POINT ( 'NONE',  ( -0.1500000000000003830, 0.5986990566028302929, -0.1249999999999996808 ) ) ;
#2826 = DIRECTION ( 'NONE',  ( -0.000000000000000000, 1.000000000000000000, -0.000000000000000000 ) ) ;
#2827 = PLANE ( 'NONE',  #1542 ) ;
#2828 = ORIENTED_EDGE ( 'NONE', *, *, #1918, .T. ) ;
#2829 = EDGE_CURVE ( 'NONE', #1059, #2165, #3691, .T. ) ;
#2830 = FILL_AREA_STYLE ('',( #2183 ) ) ;
#2831 = ORIENTED_EDGE ( 'NONE', *, *, #3719, .T. ) ;
#2832 = ORIENTED_EDGE ( 'NONE', *, *, #2133, .F. ) ;
#2833 = FILL_AREA_STYLE_COLOUR ( '', #2603 ) ;
#2834 = CARTESIAN_POINT ( 'NONE',  ( -0.1249999999999986955, 0.1270000000000000018, -0.7750000000000004663 ) ) ;
#2835 = LINE ( 'NONE', #3862, #264 ) ;
#2836 = ORIENTED_EDGE ( 'NONE', *, *, #2514, .T. ) ;
#2837 = EDGE_CURVE ( 'NONE', #1085, #3574, #3683, .T. ) ;
#2838 = VERTEX_POINT ( 'NONE', #3465 ) ;
#2839 = VECTOR ( 'NONE', #3751, 1000.000000000000000 ) ;
#2840 = DIRECTION ( 'NONE',  ( -0.000000000000000000, -1.000000000000000000, -0.000000000000000000 ) ) ;
#2841 = DIRECTION ( 'NONE',  ( 0.000000000000000000, 0.000000000000000000, 1.000000000000000000 ) ) ;
#2842 = VERTEX_POINT ( 'NONE', #212 ) ;
#2843 = ORIENTED_EDGE ( 'NONE', *, *, #1223, .F. ) ;
#2844 = CARTESIAN_POINT ( 'NONE',  ( -0.8000000000000003775, 0.5986990566028302929, 0.1250000000000001110 ) ) ;
#2845 = STYLED_ITEM ( 'NONE', ( #3228 ), #1451 ) ;
#2846 = VECTOR ( 'NONE', #3357, 1000.000000000000000 ) ;
#2847 = EDGE_LOOP ( 'NONE', ( #353, #2308, #934, #2384 ) ) ;
#2848 = AXIS2_PLACEMENT_3D ( 'NONE', #1100, #1717, #3209 ) ;
#2849 = CARTESIAN_POINT ( 'NONE',  ( -0.8000000000000001554, 3.840075756488817493, -1.050000000000000711 ) ) ;
#2850 = DIRECTION ( 'NONE',  ( -0.000000000000000000, -1.000000000000000000, -0.000000000000000000 ) ) ;
#2851 = ORIENTED_EDGE ( 'NONE', *, *, #1779, .T. ) ;
#2852 = ADVANCED_FACE ( 'NONE', ( #2408 ), #3686, .F. ) ;
#2853 = LINE ( 'NONE', #694, #288 ) ;
#2854 = CARTESIAN_POINT ( 'NONE',  ( -0.3749999999999982236, 0.1270000000000000018, -0.7750000000000004663 ) ) ;
#2855 = STYLED_ITEM ( 'NONE', ( #2811 ), #488 ) ;
#2856 = CARTESIAN_POINT ( 'NONE',  ( 0.000000000000000000, 0.05000000000000000278, 0.1250000000000001110 ) ) ;
#2857 = AXIS2_PLACEMENT_3D ( 'NONE', #3705, #2636, #449 ) ;
#2858 = ORIENTED_EDGE ( 'NONE', *, *, #491, .T. ) ;
#2859 = DIRECTION ( 'NONE',  ( -7.885106708985491992E-16, 0.000000000000000000, -1.000000000000000000 ) ) ;
#2860 = DIRECTION ( 'NONE',  ( 0.000000000000000000, -0.000000000000000000, 1.000000000000000000 ) ) ;
#2861 = CARTESIAN_POINT ( 'NONE',  ( 2.032879073410321800E-16, 0.05000000000000000278, 0.3750000000000001110 ) ) ;
#2862 = VERTEX_POINT ( 'NONE', #1673 ) ;
#2863 = CYLINDRICAL_SURFACE ( 'NONE', #961, 0.07999999999999998779 ) ;
#2864 = CARTESIAN_POINT ( 'NONE',  ( 0.6250000000000018874, 0.04999999999999999584, -0.7750000000000004663 ) ) ;
#2865 = DIRECTION ( 'NONE',  ( 5.913830031739118501E-16, 0.000000000000000000, 1.000000000000000000 ) ) ;
#2866 = CARTESIAN_POINT ( 'NONE',  ( 0.8000000000000003775, 0.05000000000000012768, 0.1250000000000001110 ) ) ;
#2867 = ORIENTED_EDGE ( 'NONE', *, *, #3280, .F. ) ;
#2868 = DIRECTION ( 'NONE',  ( -0.000000000000000000, -1.000000000000000000, -0.000000000000000000 ) ) ;
#2869 = FACE_OUTER_BOUND ( 'NONE', #3708, .T. ) ;
#2870 = DIRECTION ( 'NONE',  ( 0.000000000000000000, 1.000000000000000000, 0.000000000000000000 ) ) ;
#2871 = VECTOR ( 'NONE', #3571, 1000.000000000000000 ) ;
#2872 = CARTESIAN_POINT ( 'NONE',  ( 0.8000000000000003775, 0.5986990566028302929, -0.3749999999999998890 ) ) ;
#2873 = DIRECTION ( 'NONE',  ( -0.000000000000000000, -0.000000000000000000, 1.000000000000000000 ) ) ;
#2874 = ORIENTED_EDGE ( 'NONE', *, *, #2739, .F. ) ;
#2875 = VECTOR ( 'NONE', #1302, 1000.000000000000000 ) ;
#2876 =( LENGTH_UNIT ( ) NAMED_UNIT ( * ) SI_UNIT ( .MILLI., .METRE. ) );
#2877 = EDGE_LOOP ( 'NONE', ( #2813, #2708, #2806, #268, #3608 ) ) ;
#2879 = ADVANCED_FACE ( 'NONE', ( #3697 ), #737, .T. ) ;
#2878 = FILL_AREA_STYLE ('',( #1365 ) ) ;
#2880 = DIRECTION ( 'NONE',  ( 0.000000000000000000, 1.000000000000000000, -0.000000000000000000 ) ) ;
#2881 = DIRECTION ( 'NONE',  ( 0.000000000000000000, 0.000000000000000000, 1.000000000000000000 ) ) ;
#2882 = VECTOR ( 'NONE', #214, 1000.000000000000000 ) ;
#2883 = DIRECTION ( 'NONE',  ( 0.000000000000000000, -1.000000000000000000, 0.000000000000000000 ) ) ;
#2884 = ORIENTED_EDGE ( 'NONE', *, *, #337, .T. ) ;
#2885 = CARTESIAN_POINT ( 'NONE',  ( 0.2750000000000004108, 0.000000000000000000, -0.2499999999999996392 ) ) ;
#2886 = CARTESIAN_POINT ( 'NONE',  ( 0.5000000000000014433, 0.000000000000000000, 0.7750000000000004663 ) ) ;
#2887 = DIRECTION ( 'NONE',  ( 0.000000000000000000, -1.000000000000000000, 0.000000000000000000 ) ) ;
#2888 = LINE ( 'NONE', #2329, #1646 ) ;
#2889 = AXIS2_PLACEMENT_3D ( 'NONE', #2239, #1729, #3861 ) ;
#2890 = VERTEX_POINT ( 'NONE', #536 ) ;
#2891 = CARTESIAN_POINT ( 'NONE',  ( -0.6249999999999983347, 0.05000000000000000278, 0.000000000000000000 ) ) ;
#2892 = AXIS2_PLACEMENT_3D ( 'NONE', #3104, #3711, #453 ) ;
#2893 = CARTESIAN_POINT ( 'NONE',  ( 0.1250000000000016376, 0.1270000000000000018, -1.050000000000000266 ) ) ;
#2894 = FACE_OUTER_BOUND ( 'NONE', #1149, .T. ) ;
#2895 = DIRECTION ( 'NONE',  ( -0.000000000000000000, -1.000000000000000000, -0.000000000000000000 ) ) ;
#2896 = VECTOR ( 'NONE', #895, 1000.000000000000000 ) ;
#2897 = DIRECTION ( 'NONE',  ( -0.000000000000000000, -1.000000000000000000, -0.000000000000000000 ) ) ;
#2898 = DIRECTION ( 'NONE',  ( 0.000000000000000000, -1.000000000000000000, 0.000000000000000000 ) ) ;
#2899 = ORIENTED_EDGE ( 'NONE', *, *, #947, .T. ) ;
#2900 = EDGE_CURVE ( 'NONE', #3366, #2775, #2414, .T. ) ;
#2901 = DIRECTION ( 'NONE',  ( 0.000000000000000000, 1.000000000000000000, 0.000000000000000000 ) ) ;
#2902 = CYLINDRICAL_SURFACE ( 'NONE', #90, 0.07999999999999998779 ) ;
#2903 = ORIENTED_EDGE ( 'NONE', *, *, #3411, .T. ) ;
#2904 = CARTESIAN_POINT ( 'NONE',  ( -0.4000000000000004108, 0.1270000000000000018, 0.3750000000000003331 ) ) ;
#2905 = SURFACE_SIDE_STYLE ('',( #696 ) ) ;
#2906 = CARTESIAN_POINT ( 'NONE',  ( 0.1250000000000018041, 0.000000000000000000, -0.7750000000000004663 ) ) ;
#2907 = DIRECTION ( 'NONE',  ( 0.000000000000000000, -0.000000000000000000, -1.000000000000000000 ) ) ;
#2908 = PRESENTATION_LAYER_ASSIGNMENT (  '', '', ( #247 ) ) ;
#2909 = ADVANCED_FACE ( 'NONE', ( #3794 ), #3779, .F. ) ;
#2910 = EDGE_CURVE ( 'NONE', #1798, #3840, #3745, .T. ) ;
#2911 = EDGE_CURVE ( 'NONE', #62, #3518, #2435, .T. ) ;
#2912 = CARTESIAN_POINT ( 'NONE',  ( 0.6250000000000018874, 0.5986990566028304039, -0.7750000000000004663 ) ) ;
#2913 = DIRECTION ( 'NONE',  ( 1.000000000000000000, 0.000000000000000000, 0.000000000000000000 ) ) ;
#2914 = CARTESIAN_POINT ( 'NONE',  ( -0.8000000000000003775, 0.5986990566028302929, 0.3750000000000005551 ) ) ;
#2915 = EDGE_CURVE ( 'NONE', #3582, #2611, #1144, .T. ) ;
#2916 = VERTEX_POINT ( 'NONE', #3496 ) ;
#2917 = CARTESIAN_POINT ( 'NONE',  ( -0.1249999999999983763, 0.000000000000000000, 1.050000000000000266 ) ) ;
#2918 = CARTESIAN_POINT ( 'NONE',  ( -0.1249999999999983763, 0.1270000000000000018, 1.050000000000000266 ) ) ;
#2919 = VECTOR ( 'NONE', #3057, 1000.000000000000000 ) ;
#2920 = CARTESIAN_POINT ( 'NONE',  ( 0.1250000000000016376, 0.1270000000000000018, -1.050000000000000266 ) ) ;
#2921 = VECTOR ( 'NONE', #1045, 1000.000000000000000 ) ;
#2923 = EDGE_CURVE ( 'NONE', #2951, #2775, #1151, .T. ) ;
#2922 = CARTESIAN_POINT ( 'NONE',  ( -0.4999999999999986122, 0.000000000000000000, 0.7750000000000004663 ) ) ;
#2924 = PLANE ( 'NONE',  #1388 ) ;
#2925 = EDGE_LOOP ( 'NONE', ( #286, #98, #1042, #2055 ) ) ;
#2926 = FACE_OUTER_BOUND ( 'NONE', #2019, .T. ) ;
#2927 =( LENGTH_UNIT ( ) NAMED_UNIT ( * ) SI_UNIT ( .MILLI., .METRE. ) );
#2928 = CARTESIAN_POINT ( 'NONE',  ( -0.2750000000000002998, 0.05000000000000000278, 0.3750000000000003886 ) ) ;
#2929 = CARTESIAN_POINT ( 'NONE',  ( 0.3750000000000016098, 0.1270000000000000018, 0.7750000000000004663 ) ) ;
#2930 = EDGE_LOOP ( 'NONE', ( #3417, #69, #1951, #787 ) ) ;
#2931 = CARTESIAN_POINT ( 'NONE',  ( -0.6249999999999983347, 0.1270000000000000018, -0.7750000000000004663 ) ) ;
#2932 =( NAMED_UNIT ( * ) SI_UNIT ( $, .STERADIAN. ) SOLID_ANGLE_UNIT ( ) );
#2933 = CARTESIAN_POINT ( 'NONE',  ( 0.7999999999999997113, 0.6000000000000007550, -1.050000000000000266 ) ) ;
#2934 = CARTESIAN_POINT ( 'NONE',  ( 0.3750000000000016098, 0.5986990566028304039, -0.7750000000000004663 ) ) ;
#2935 = AXIS2_PLACEMENT_3D ( 'NONE', #1468, #883, #1571 ) ;
#2936 = CIRCLE ( 'NONE', #1334, 0.1250000000000000000 ) ;
#2937 = ORIENTED_EDGE ( 'NONE', *, *, #735, .F. ) ;
#2938 = DIRECTION ( 'NONE',  ( -1.000000000000000000, 0.000000000000000000, -5.421010862427523156E-16 ) ) ;
#2939 = DIRECTION ( 'NONE',  ( -1.000000000000000000, 0.000000000000000000, 5.421010862427523156E-16 ) ) ;
#2940 = AXIS2_PLACEMENT_3D ( 'NONE', #738, #818, #3149 ) ;
#2941 = DIRECTION ( 'NONE',  ( 0.000000000000000000, 0.000000000000000000, -1.000000000000000000 ) ) ;
#2942 = FACE_OUTER_BOUND ( 'NONE', #3435, .T. ) ;
#2943 = AXIS2_PLACEMENT_3D ( 'NONE', #396, #2701, #2987 ) ;
#2944 = EDGE_LOOP ( 'NONE', ( #3037, #1140, #1780, #3672 ) ) ;
#2945 = ADVANCED_FACE ( 'NONE', ( #1164 ), #1176, .F. ) ;
#2946 = DIRECTION ( 'NONE',  ( 0.000000000000000000, 0.000000000000000000, -1.000000000000000000 ) ) ;
#2947 = ADVANCED_FACE ( 'NONE', ( #2477 ), #1790, .F. ) ;
#2948 = EDGE_CURVE ( 'NONE', #3575, #3793, #3764, .T. ) ;
#2949 = CARTESIAN_POINT ( 'NONE',  ( -0.2750000000000004108, 0.5986990566028302929, 0.2500000000000001110 ) ) ;
#2950 = PLANE ( 'NONE',  #3706 ) ;
#2951 = VERTEX_POINT ( 'NONE', #312 ) ;
#2952 = SURFACE_STYLE_FILL_AREA ( #2748 ) ;
#2953 = DIRECTION ( 'NONE',  ( 1.000000000000000000, -0.000000000000000000, 0.000000000000000000 ) ) ;
#2954 = LINE ( 'NONE', #3197, #1651 ) ;
#2955 = CARTESIAN_POINT ( 'NONE',  ( 0.1250000000000018041, 0.1270000000000000018, 0.7750000000000004663 ) ) ;
#2956 = DIRECTION ( 'NONE',  ( -0.000000000000000000, -1.000000000000000000, -0.000000000000000000 ) ) ;
#2957 = CARTESIAN_POINT ( 'NONE',  ( 0.7999999999999997113, 3.840075756488817493, -1.050000000000000266 ) ) ;
#2958 = DIRECTION ( 'NONE',  ( 0.000000000000000000, -1.000000000000000000, 0.000000000000000000 ) ) ;
#2959 = SHAPE_DEFINITION_REPRESENTATION ( #54, #2280 ) ;
#2960 = EDGE_CURVE ( 'NONE', #910, #2862, #2497, .T. ) ;
#2961 = LINE ( 'NONE', #294, #363 ) ;
#2962 = EDGE_LOOP ( 'NONE', ( #3737, #2990, #1620, #3550 ) ) ;
#2963 = CARTESIAN_POINT ( 'NONE',  ( 0.3750000000000016098, 0.1270000000000000018, 0.7750000000000004663 ) ) ;
#2964 = CARTESIAN_POINT ( 'NONE',  ( -0.2750000000000002998, 0.5986990566028302929, 0.3750000000000003886 ) ) ;
#2965 = DIRECTION ( 'NONE',  ( 0.000000000000000000, 0.000000000000000000, -1.000000000000000000 ) ) ;
#2966 = VECTOR ( 'NONE', #1775, 1000.000000000000000 ) ;
#2967 = ORIENTED_EDGE ( 'NONE', *, *, #3179, .F. ) ;
#2968 = DIRECTION ( 'NONE',  ( 0.000000000000000000, 0.000000000000000000, 1.000000000000000000 ) ) ;
#2969 = DIRECTION ( 'NONE',  ( 1.000000000000000000, 0.000000000000000000, -0.000000000000000000 ) ) ;
#2970 = EDGE_CURVE ( 'NONE', #1996, #829, #1139, .T. ) ;
#2971 = CIRCLE ( 'NONE', #106, 0.07999999999999998779 ) ;
#2972 = CARTESIAN_POINT ( 'NONE',  ( -0.1500000000000003830, 0.000000000000000000, -0.2499999999999994171 ) ) ;
#2973 = LINE ( 'NONE', #932, #505 ) ;
#2974 = DIRECTION ( 'NONE',  ( 0.000000000000000000, -1.000000000000000000, 0.000000000000000000 ) ) ;
#2975 = CARTESIAN_POINT ( 'NONE',  ( -0.1249999999999983763, 0.5986990566028304039, -0.7750000000000004663 ) ) ;
#2976 = ORIENTED_EDGE ( 'NONE', *, *, #374, .F. ) ;
#2977 = ADVANCED_FACE ( 'NONE', ( #1161 ), #1049, .T. ) ;
#2978 = CYLINDRICAL_SURFACE ( 'NONE', #3755, 0.1250000000000001110 ) ;
#2979 = EDGE_LOOP ( 'NONE', ( #3370, #3682, #1532, #2851 ) ) ;
#2980 = CARTESIAN_POINT ( 'NONE',  ( 0.8000000000000003775, 0.000000000000000000, -0.1249999999999994588 ) ) ;
#2981 = DIRECTION ( 'NONE',  ( -5.421010862427523156E-16, 0.000000000000000000, -1.000000000000000000 ) ) ;
#2982 = AXIS2_PLACEMENT_3D ( 'NONE', #552, #1605, #58 ) ;
#2983 = CARTESIAN_POINT ( 'NONE',  ( -0.4999999999999986122, 0.1270000000000000018, -0.7750000000000004663 ) ) ;
#2984 = LINE ( 'NONE', #3249, #2919 ) ;
#2985 = ORIENTED_EDGE ( 'NONE', *, *, #833, .F. ) ;
#2986 = AXIS2_PLACEMENT_3D ( 'NONE', #2781, #2121, #3666 ) ;
#2987 = DIRECTION ( 'NONE',  ( 0.000000000000000000, 0.000000000000000000, 1.000000000000000000 ) ) ;
#2988 = CARTESIAN_POINT ( 'NONE',  ( 0.8000000000000003775, 0.1270000000000000018, 0.3750000000000005551 ) ) ;
#2989 = VECTOR ( 'NONE', #2385, 1000.000000000000000 ) ;
#2990 = ORIENTED_EDGE ( 'NONE', *, *, #840, .F. ) ;
#2991 = CARTESIAN_POINT ( 'NONE',  ( 0.5000000000000014433, 0.000000000000000000, 0.7750000000000004663 ) ) ;
#2992 = COLOUR_RGB ( '',0.7921568627450980005, 0.8196078431372548767, 0.9333333333333333481 ) ;
#2993 = LINE ( 'NONE', #1491, #2882 ) ;
#2994 = DIRECTION ( 'NONE',  ( -0.000000000000000000, -1.000000000000000000, -0.000000000000000000 ) ) ;
#2995 = DIRECTION ( 'NONE',  ( 0.000000000000000000, -1.000000000000000000, 0.000000000000000000 ) ) ;
#2996 = EDGE_CURVE ( 'NONE', #306, #2368, #3692, .T. ) ;
#2997 = EDGE_CURVE ( 'NONE', #3442, #279, #3657, .T. ) ;
#2998 = DIRECTION ( 'NONE',  ( 0.000000000000000000, 1.000000000000000000, 0.000000000000000000 ) ) ;
#2999 = VECTOR ( 'NONE', #3069, 1000.000000000000000 ) ;
#3000 = ORIENTED_EDGE ( 'NONE', *, *, #3011, .T. ) ;
#3001 = DIRECTION ( 'NONE',  ( 0.000000000000000000, 0.000000000000000000, -1.000000000000000000 ) ) ;
#3002 = ADVANCED_FACE ( 'NONE', ( #1006 ), #2328, .T. ) ;
#3003 = CARTESIAN_POINT ( 'NONE',  ( -0.4999999999999986122, 0.1270000000000000018, -0.7750000000000004663 ) ) ;
#3004 = EDGE_CURVE ( 'NONE', #2916, #1917, #2437, .T. ) ;
#3005 = ADVANCED_FACE ( 'NONE', ( #1108 ), #1118, .F. ) ;
#3006 = LINE ( 'NONE', #1682, #474 ) ;
#3007 = ORIENTED_EDGE ( 'NONE', *, *, #1882, .T. ) ;
#3008 = UNCERTAINTY_MEASURE_WITH_UNIT (LENGTH_MEASURE( 1.000000000000000082E-05 ), #2720, 'distance_accuracy_value', 'NONE');
#3009 = DIRECTION ( 'NONE',  ( 1.000000000000000000, -0.000000000000000000, -0.000000000000000000 ) ) ;
#3010 = FACE_OUTER_BOUND ( 'NONE', #1502, .T. ) ;
#3011 = EDGE_CURVE ( 'NONE', #1885, #3871, #3688, .T. ) ;
#3012 = ORIENTED_EDGE ( 'NONE', *, *, #2529, .F. ) ;
#3013 = VECTOR ( 'NONE', #2629, 1000.000000000000000 ) ;
#3014 = VECTOR ( 'NONE', #3289, 1000.000000000000000 ) ;
#3015 = DIRECTION ( 'NONE',  ( -0.000000000000000000, -1.000000000000000000, -0.000000000000000000 ) ) ;
#3016 = CARTESIAN_POINT ( 'NONE',  ( 0.1500000000000003830, 0.05000000000000002359, -0.2499999999999996392 ) ) ;
#3017 = VERTEX_POINT ( 'NONE', #2045 ) ;
#3018 = AXIS2_PLACEMENT_3D ( 'NONE', #542, #2404, #73 ) ;
#3019 = ADVANCED_FACE ( 'NONE', ( #2306 ), #34, .F. ) ;
#3020 =( LENGTH_UNIT ( ) NAMED_UNIT ( * ) SI_UNIT ( .MILLI., .METRE. ) );
#3021 = VECTOR ( 'NONE', #3478, 1000.000000000000000 ) ;
#3022 = ORIENTED_EDGE ( 'NONE', *, *, #2375, .T. ) ;
#3023 = DIRECTION ( 'NONE',  ( -0.000000000000000000, 1.000000000000000000, -0.000000000000000000 ) ) ;
#3024 = EDGE_CURVE ( 'NONE', #2690, #1070, #3680, .T. ) ;
#3025 = VECTOR ( 'NONE', #1958, 1000.000000000000000 ) ;
#3026 = AXIS2_PLACEMENT_3D ( 'NONE', #2076, #1447, #2463 ) ;
#3027 = VERTEX_POINT ( 'NONE', #716 ) ;
#3028 = DIRECTION ( 'NONE',  ( 0.000000000000000000, 1.000000000000000000, 0.000000000000000000 ) ) ;
#3029 = CARTESIAN_POINT ( 'NONE',  ( 0.7999999999999997113, 0.05000000000000000278, 1.050000000000000044 ) ) ;
#3030 = LINE ( 'NONE', #1655, #3021 ) ;
#3031 = ORIENTED_EDGE ( 'NONE', *, *, #599, .F. ) ;
#3032 = CARTESIAN_POINT ( 'NONE',  ( -0.2750000000000000777, 0.1270000000000000018, -0.3749999999999998890 ) ) ;
#3033 = EDGE_CURVE ( 'NONE', #142, #3389, #3671, .T. ) ;
#3034 = LINE ( 'NONE', #1893, #3076 ) ;
#3035 = PLANE ( 'NONE',  #3750 ) ;
#3036 = DIRECTION ( 'NONE',  ( 0.000000000000000000, 1.000000000000000000, 0.000000000000000000 ) ) ;
#3037 = ORIENTED_EDGE ( 'NONE', *, *, #3279, .T. ) ;
#3038 = EDGE_CURVE ( 'NONE', #757, #3579, #2358, .T. ) ;
#3039 = CARTESIAN_POINT ( 'NONE',  ( -0.4000000000000004108, 0.5986990566028302929, 0.1250000000000001110 ) ) ;
#3040 = CYLINDRICAL_SURFACE ( 'NONE', #1711, 0.1250000000000001110 ) ;
#3041 = ORIENTED_EDGE ( 'NONE', *, *, #775, .T. ) ;
#3042 = DIRECTION ( 'NONE',  ( -0.000000000000000000, -1.000000000000000000, -0.000000000000000000 ) ) ;
#3043 = CARTESIAN_POINT ( 'NONE',  ( 0.3750000000000013323, 0.000000000000000000, -0.7750000000000004663 ) ) ;
#3044 = DIRECTION ( 'NONE',  ( 0.000000000000000000, 0.000000000000000000, 1.000000000000000000 ) ) ;
#3045 = LINE ( 'NONE', #483, #1730 ) ;
#3046 = CARTESIAN_POINT ( 'NONE',  ( 0.6250000000000018874, 0.5986990566028304039, 1.050000000000000266 ) ) ;
#3047 = ORIENTED_EDGE ( 'NONE', *, *, #3835, .T. ) ;
#3048 = FILL_AREA_STYLE_COLOUR ( '', #1957 ) ;
#3049 = VECTOR ( 'NONE', #1987, 1000.000000000000000 ) ;
#3050 = VERTEX_POINT ( 'NONE', #2209 ) ;
#3051 = AXIS2_PLACEMENT_3D ( 'NONE', #578, #2270, #245 ) ;
#3052 = CARTESIAN_POINT ( 'NONE',  ( -0.1249999999999986955, 0.04999999999999999584, -0.7750000000000004663 ) ) ;
#3053 = VERTEX_POINT ( 'NONE', #376 ) ;
#3054 = CARTESIAN_POINT ( 'NONE',  ( 0.6250000000000023315, 0.05000000000000000278, -3.696143769836962622E-16 ) ) ;
#3055 = AXIS2_PLACEMENT_3D ( 'NONE', #1845, #630, #2469 ) ;
#3056 = AXIS2_PLACEMENT_3D ( 'NONE', #3308, #639, #960 ) ;
#3057 = DIRECTION ( 'NONE',  ( 7.885106708985491006E-16, -0.000000000000000000, 1.000000000000000000 ) ) ;
#3058 = EDGE_LOOP ( 'NONE', ( #1220, #956, #2468, #3701, #1671 ) ) ;
#3059 = DIRECTION ( 'NONE',  ( -0.000000000000000000, -1.000000000000000000, -0.000000000000000000 ) ) ;
#3060 = CARTESIAN_POINT ( 'NONE',  ( -0.1500000000000003830, 0.1270000000000000018, -0.1249999999999996808 ) ) ;
#3061 = CARTESIAN_POINT ( 'NONE',  ( 0.1250000000000016376, 0.1270000000000000018, -1.050000000000000266 ) ) ;
#3062 = EDGE_CURVE ( 'NONE', #2379, #2380, #2339, .T. ) ;
#3063 = PRESENTATION_STYLE_ASSIGNMENT (( #2307 ) ) ;
#3064 = DIRECTION ( 'NONE',  ( -0.000000000000000000, -1.000000000000000000, -0.000000000000000000 ) ) ;
#3065 = ORIENTED_EDGE ( 'NONE', *, *, #2631, .F. ) ;
#3066 = EDGE_CURVE ( 'NONE', #3593, #1548, #3699, .T. ) ;
#3067 = DIRECTION ( 'NONE',  ( -1.971276677246372752E-16, -0.000000000000000000, -1.000000000000000000 ) ) ;
#3068 = DIRECTION ( 'NONE',  ( 0.000000000000000000, 0.000000000000000000, 1.000000000000000000 ) ) ;
#3069 = DIRECTION ( 'NONE',  ( 1.971276677246372998E-16, -0.000000000000000000, 1.000000000000000000 ) ) ;
#3070 = AXIS2_PLACEMENT_3D ( 'NONE', #3595, #365, #2716 ) ;
#3071 = ADVANCED_FACE ( 'NONE', ( #2418 ), #3647, .T. ) ;
#3072 = ADVANCED_FACE ( 'NONE', ( #3727 ), #689, .T. ) ;
#3073 = ORIENTED_EDGE ( 'NONE', *, *, #645, .T. ) ;
#3074 = PLANE ( 'NONE',  #2336 ) ;
#3075 = EDGE_CURVE ( 'NONE', #3633, #62, #1083, .T. ) ;
#3076 = VECTOR ( 'NONE', #3748, 1000.000000000000000 ) ;
#3078 = EDGE_CURVE ( 'NONE', #1150, #1085, #2316, .T. ) ;
#3077 = FILL_AREA_STYLE ('',( #1552 ) ) ;
#3079 = DIRECTION ( 'NONE',  ( -0.000000000000000000, -1.000000000000000000, -0.000000000000000000 ) ) ;
#3080 = VERTEX_POINT ( 'NONE', #1054 ) ;
#3081 = FACE_OUTER_BOUND ( 'NONE', #946, .T. ) ;
#3082 = EDGE_CURVE ( 'NONE', #3053, #380, #1133, .T. ) ;
#3083 = ORIENTED_EDGE ( 'NONE', *, *, #246, .F. ) ;
#3084 = DIRECTION ( 'NONE',  ( 0.000000000000000000, -0.000000000000000000, -1.000000000000000000 ) ) ;
#3085 = UNCERTAINTY_MEASURE_WITH_UNIT (LENGTH_MEASURE( 1.000000000000000082E-05 ), #650, 'distance_accuracy_value', 'NONE');
#3086 = DIRECTION ( 'NONE',  ( 1.971276677246372998E-16, 0.000000000000000000, 1.000000000000000000 ) ) ;
#3087 = LINE ( 'NONE', #2594, #416 ) ;
#3088 = EDGE_LOOP ( 'NONE', ( #1709, #2427, #2438, #3728 ) ) ;
#3089 = DIRECTION ( 'NONE',  ( 0.000000000000000000, -1.000000000000000000, 0.000000000000000000 ) ) ;
#3090 = DIRECTION ( 'NONE',  ( -1.000000000000000000, 0.000000000000000000, 5.421010862427523156E-16 ) ) ;
#3091 = DIRECTION ( 'NONE',  ( -5.913830031739118501E-16, 0.000000000000000000, -1.000000000000000000 ) ) ;
#3092 = AXIS2_PLACEMENT_3D ( 'NONE', #825, #3864, #2623 ) ;
#3093 = VERTEX_POINT ( 'NONE', #118 ) ;
#3094 = SURFACE_SIDE_STYLE ('',( #1465 ) ) ;
#3095 = AXIS2_PLACEMENT_3D ( 'NONE', #3732, #174, #1993 ) ;
#3096 = FACE_OUTER_BOUND ( 'NONE', #549, .T. ) ;
#3097 = CARTESIAN_POINT ( 'NONE',  ( -0.2750000000000005218, 0.000000000000000000, -0.3749999999999998890 ) ) ;
#3098 = AXIS2_PLACEMENT_3D ( 'NONE', #2527, #83, #1604 ) ;
#3099 = EDGE_LOOP ( 'NONE', ( #809, #190, #885, #538 ) ) ;
#3100 = VECTOR ( 'NONE', #665, 1000.000000000000000 ) ;
#3101 = EDGE_CURVE ( 'NONE', #879, #2567, #3713, .T. ) ;
#3102 = ORIENTED_EDGE ( 'NONE', *, *, #720, .T. ) ;
#3103 = DIRECTION ( 'NONE',  ( 0.000000000000000000, 0.000000000000000000, 1.000000000000000000 ) ) ;
#3104 = CARTESIAN_POINT ( 'NONE',  ( -0.6249999999999983347, 0.5986990566028304039, -0.7750000000000004663 ) ) ;
#3105 = LINE ( 'NONE', #526, #1812 ) ;
#3106 = DIRECTION ( 'NONE',  ( 0.000000000000000000, -1.000000000000000000, 0.000000000000000000 ) ) ;
#3107 = DIRECTION ( 'NONE',  ( -1.000000000000000000, 0.000000000000000000, 0.000000000000000000 ) ) ;
#3108 = VERTEX_POINT ( 'NONE', #3377 ) ;
#3109 = EDGE_CURVE ( 'NONE', #2495, #2127, #1016, .T. ) ;
#3110 = AXIS2_PLACEMENT_3D ( 'NONE', #547, #585, #1262 ) ;
#3111 = DIRECTION ( 'NONE',  ( 0.000000000000000000, -1.000000000000000000, 0.000000000000000000 ) ) ;
#3112 = CARTESIAN_POINT ( 'NONE',  ( -0.4999999999999986122, 0.1270000000000000018, 0.6500000000000003553 ) ) ;
#3113 = EDGE_CURVE ( 'NONE', #464, #2420, #3600, .T. ) ;
#3114 = VERTEX_POINT ( 'NONE', #664 ) ;
#3115 = MANIFOLD_SOLID_BREP ( 'Boss-Extrude2[1]', #1035 ) ;
#3116 = DIRECTION ( 'NONE',  ( -0.000000000000000000, -1.000000000000000000, -0.000000000000000000 ) ) ;
#3117 = CARTESIAN_POINT ( 'NONE',  ( 0.000000000000000000, 0.000000000000000000, 0.5000000000000000000 ) ) ;
#3118 = DIRECTION ( 'NONE',  ( -1.971276677246372752E-16, -0.000000000000000000, -1.000000000000000000 ) ) ;
#3119 = ORIENTED_EDGE ( 'NONE', *, *, #1046, .F. ) ;
#3120 = DIRECTION ( 'NONE',  ( -1.000000000000000000, 0.000000000000000000, 0.000000000000000000 ) ) ;
#3121 = ADVANCED_FACE ( 'NONE', ( #2367 ), #1985, .F. ) ;
#3122 = ORIENTED_EDGE ( 'NONE', *, *, #1805, .F. ) ;
#3123 = FILL_AREA_STYLE ('',( #3766 ) ) ;
#3124 = PLANE ( 'NONE',  #3339 ) ;
#3125 = CARTESIAN_POINT ( 'NONE',  ( -0.3749999999999983902, 0.1270000000000000018, -1.050000000000000266 ) ) ;
#3126 = LINE ( 'NONE', #1860, #3139 ) ;
#3127 = DIRECTION ( 'NONE',  ( -1.000000000000000000, 0.000000000000000000, -0.000000000000000000 ) ) ;
#3128 = CARTESIAN_POINT ( 'NONE',  ( -0.1249999999999983763, 0.1270000000000000018, -0.7750000000000004663 ) ) ;
#3129 = VERTEX_POINT ( 'NONE', #2305 ) ;
#3130 = PRESENTATION_LAYER_ASSIGNMENT (  '', '', ( #179 ) ) ;
#3131 = DIRECTION ( 'NONE',  ( 0.000000000000000000, -0.000000000000000000, 1.000000000000000000 ) ) ;
#3132 = DIRECTION ( 'NONE',  ( 0.000000000000000000, 0.000000000000000000, 1.000000000000000000 ) ) ;
#3133 = DIRECTION ( 'NONE',  ( -0.000000000000000000, -1.000000000000000000, -0.000000000000000000 ) ) ;
#3134 = ORIENTED_EDGE ( 'NONE', *, *, #2822, .F. ) ;
#3135 = CARTESIAN_POINT ( 'NONE',  ( -0.1500000000000003830, 0.1270000000000000018, -0.2499999999999991396 ) ) ;
#3136 = AXIS2_PLACEMENT_3D ( 'NONE', #1095, #2246, #695 ) ;
#3137 = CARTESIAN_POINT ( 'NONE',  ( -0.3749999999999981681, 0.1270000000000000018, 1.050000000000000266 ) ) ;
#3138 = AXIS2_PLACEMENT_3D ( 'NONE', #1219, #2730, #1245 ) ;
#3139 = VECTOR ( 'NONE', #446, 1000.000000000000000 ) ;
#3140 = DIRECTION ( 'NONE',  ( 5.913830031739118501E-16, 0.000000000000000000, 1.000000000000000000 ) ) ;
#3141 = DIRECTION ( 'NONE',  ( 0.000000000000000000, -0.000000000000000000, 1.000000000000000000 ) ) ;
#3142 = DIRECTION ( 'NONE',  ( 0.000000000000000000, 0.000000000000000000, 1.000000000000000000 ) ) ;
#3143 = ORIENTED_EDGE ( 'NONE', *, *, #3719, .F. ) ;
#3144 = DIRECTION ( 'NONE',  ( 0.000000000000000000, 0.000000000000000000, -1.000000000000000000 ) ) ;
#3145 = EDGE_CURVE ( 'NONE', #597, #2495, #2331, .T. ) ;
#3146 = FACE_OUTER_BOUND ( 'NONE', #3831, .T. ) ;
#3147 = ORIENTED_EDGE ( 'NONE', *, *, #2085, .F. ) ;
#3148 = DIRECTION ( 'NONE',  ( 0.000000000000000000, 0.000000000000000000, 1.000000000000000000 ) ) ;
#3150 = EDGE_CURVE ( 'NONE', #597, #142, #1258, .T. ) ;
#3149 = DIRECTION ( 'NONE',  ( 0.000000000000000000, 0.000000000000000000, -1.000000000000000000 ) ) ;
#3151 = VECTOR ( 'NONE', #1474, 1000.000000000000000 ) ;
#3152 = ADVANCED_FACE ( 'NONE', ( #3863 ), #3813, .F. ) ;
#3153 = DIRECTION ( 'NONE',  ( -1.000000000000000000, 0.000000000000000000, -5.421010862427523156E-16 ) ) ;
#3154 = ORIENTED_EDGE ( 'NONE', *, *, #2475, .T. ) ;
#3155 = SURFACE_SIDE_STYLE ('',( #706 ) ) ;
#3156 = EDGE_CURVE ( 'NONE', #1150, #1623, #1217, .T. ) ;
#3157 = DIRECTION ( 'NONE',  ( 0.000000000000000000, 0.000000000000000000, 1.000000000000000000 ) ) ;
#3158 = LINE ( 'NONE', #1663, #3213 ) ;
#3159 = ORIENTED_EDGE ( 'NONE', *, *, #2837, .F. ) ;
#3160 = DIRECTION ( 'NONE',  ( 0.000000000000000000, -1.000000000000000000, 0.000000000000000000 ) ) ;
#3161 = VECTOR ( 'NONE', #3118, 1000.000000000000000 ) ;
#3162 = DIRECTION ( 'NONE',  ( 0.000000000000000000, 1.000000000000000000, 0.000000000000000000 ) ) ;
#3163 = DIRECTION ( 'NONE',  ( -2.710505431213761578E-16, 0.000000000000000000, 1.000000000000000000 ) ) ;
#3164 = ORIENTED_EDGE ( 'NONE', *, *, #2198, .F. ) ;
#3165 = CARTESIAN_POINT ( 'NONE',  ( 0.2750000000000004108, 0.1270000000000000018, 0.2500000000000003886 ) ) ;
#3166 = LINE ( 'NONE', #1921, #566 ) ;
#3167 = VERTEX_POINT ( 'NONE', #3776 ) ;
#3168 = DIRECTION ( 'NONE',  ( -1.000000000000000000, 0.000000000000000000, 5.913830031739118501E-16 ) ) ;
#3169 = PLANE ( 'NONE',  #3660 ) ;
#3170 = AXIS2_PLACEMENT_3D ( 'NONE', #2012, #1154, #3838 ) ;
#3171 = VECTOR ( 'NONE', #175, 1000.000000000000000 ) ;
#3172 = AXIS2_PLACEMENT_3D ( 'NONE', #1774, #3580, #907 ) ;
#3173 = DIRECTION ( 'NONE',  ( 0.000000000000000000, 0.000000000000000000, 1.000000000000000000 ) ) ;
#3174 = EDGE_LOOP ( 'NONE', ( #2510, #1745, #3689, #47, #1804 ) ) ;
#3175 = PLANE ( 'NONE',  #1029 ) ;
#3176 = PLANE ( 'NONE',  #3380 ) ;
#3177 = CARTESIAN_POINT ( 'NONE',  ( -0.3749999999999982236, 0.1270000000000000018, -0.7750000000000004663 ) ) ;
#3178 = PRESENTATION_STYLE_ASSIGNMENT (( #699 ) ) ;
#3179 = EDGE_CURVE ( 'NONE', #1059, #2812, #1266, .T. ) ;
#3180 = ADVANCED_FACE ( 'NONE', ( #1251 ), #3176, .T. ) ;
#3181 = ORIENTED_EDGE ( 'NONE', *, *, #1626, .F. ) ;
#3182 = PRESENTATION_LAYER_ASSIGNMENT (  '', '', ( #1946 ) ) ;
#3183 = CARTESIAN_POINT ( 'NONE',  ( 0.1250000000000018041, 0.000000000000000000, -0.7750000000000004663 ) ) ;
#3184 = CARTESIAN_POINT ( 'NONE',  ( -0.2750000000000004108, 0.1270000000000000018, 0.2500000000000003886 ) ) ;
#3185 = DIRECTION ( 'NONE',  ( -0.000000000000000000, 1.000000000000000000, -0.000000000000000000 ) ) ;
#3186 = ADVANCED_FACE ( 'NONE', ( #2494 ), #3534, .F. ) ;
#3187 = DIRECTION ( 'NONE',  ( -7.885106708985491992E-16, 0.000000000000000000, -1.000000000000000000 ) ) ;
#3188 = CARTESIAN_POINT ( 'NONE',  ( 0.1250000000000018041, 0.1270000000000000018, -0.7750000000000004663 ) ) ;
#3189 = CARTESIAN_POINT ( 'NONE',  ( 0.5000000000000014433, 0.1270000000000000018, -0.7750000000000004663 ) ) ;
#3190 = ORIENTED_EDGE ( 'NONE', *, *, #637, .F. ) ;
#3191 = EDGE_CURVE ( 'NONE', #3114, #3503, #3843, .T. ) ;
#3192 = DIRECTION ( 'NONE',  ( -1.000000000000000000, 0.000000000000000000, 5.421010862427523156E-16 ) ) ;
#3193 = DIRECTION ( 'NONE',  ( -0.000000000000000000, 1.000000000000000000, 0.000000000000000000 ) ) ;
#3194 = EDGE_LOOP ( 'NONE', ( #857, #1554, #234, #1034, #3614 ) ) ;
#3195 = EDGE_CURVE ( 'NONE', #1214, #563, #2571, .T. ) ;
#3196 = CARTESIAN_POINT ( 'NONE',  ( -0.6249999999999983347, 0.000000000000000000, 0.7750000000000004663 ) ) ;
#3197 = CARTESIAN_POINT ( 'NONE',  ( -0.3749999999999982236, 0.1270000000000000018, 0.7750000000000004663 ) ) ;
#3198 = CARTESIAN_POINT ( 'NONE',  ( 0.7999999999999997113, 0.6000000000000007550, 1.050000000000000044 ) ) ;
#3199 = DIRECTION ( 'NONE',  ( 0.000000000000000000, 0.000000000000000000, -1.000000000000000000 ) ) ;
#3200 = ORIENTED_EDGE ( 'NONE', *, *, #406, .F. ) ;
#3201 = EDGE_CURVE ( 'NONE', #1093, #1547, #2509, .T. ) ;
#3202 = CARTESIAN_POINT ( 'NONE',  ( -0.6249999999999983347, 0.1270000000000000018, -0.7750000000000004663 ) ) ;
#3203 = CARTESIAN_POINT ( 'NONE',  ( -0.6249999999999983347, 0.1270000000000000018, 0.7750000000000004663 ) ) ;
#3204 = VECTOR ( 'NONE', #886, 1000.000000000000000 ) ;
#3205 = VERTEX_POINT ( 'NONE', #854 ) ;
#3206 = CARTESIAN_POINT ( 'NONE',  ( -0.1249999999999986539, 0.1270000000000000018, -1.050000000000000266 ) ) ;
#3208 = ADVANCED_FACE ( 'NONE', ( #1188 ), #481, .F. ) ;
#3207 = CARTESIAN_POINT ( 'NONE',  ( -0.1500000000000003830, 0.1270000000000000018, -0.1249999999999996808 ) ) ;
#3209 = DIRECTION ( 'NONE',  ( 0.000000000000000000, 0.000000000000000000, -1.000000000000000000 ) ) ;
#3210 = EDGE_LOOP ( 'NONE', ( #3504, #1936, #795, #845, #1327 ) ) ;
#3211 = CARTESIAN_POINT ( 'NONE',  ( 0.2750000000000002998, 0.000000000000000000, -0.3749999999999998890 ) ) ;
#3212 = PRESENTATION_LAYER_ASSIGNMENT (  '', '', ( #911 ) ) ;
#3213 = VECTOR ( 'NONE', #2786, 1000.000000000000000 ) ;
#3214 = ORIENTED_EDGE ( 'NONE', *, *, #2622, .F. ) ;
#3215 = SURFACE_SIDE_STYLE ('',( #3489 ) ) ;
#3216 = CARTESIAN_POINT ( 'NONE',  ( -0.4999999999999986122, 0.1270000000000000018, 0.7750000000000004663 ) ) ;
#3217 = AXIS2_PLACEMENT_3D ( 'NONE', #3117, #3386, #3757 ) ;
#3218 = DIRECTION ( 'NONE',  ( -0.000000000000000000, -1.000000000000000000, 0.000000000000000000 ) ) ;
#3219 = AXIS2_PLACEMENT_3D ( 'NONE', #3299, #3626, #2416 ) ;
#3220 = LINE ( 'NONE', #855, #1900 ) ;
#3221 = CARTESIAN_POINT ( 'NONE',  ( -0.4999999999999986122, 0.1270000000000000018, 0.7750000000000004663 ) ) ;
#3222 = ORIENTED_EDGE ( 'NONE', *, *, #1350, .F. ) ;
#3223 = EDGE_CURVE ( 'NONE', #525, #226, #1283, .T. ) ;
#3224 = DIRECTION ( 'NONE',  ( 0.000000000000000000, 0.000000000000000000, 1.000000000000000000 ) ) ;
#3225 = CARTESIAN_POINT ( 'NONE',  ( 0.5000000000000014433, 0.1270000000000000018, -0.7750000000000004663 ) ) ;
#3226 = COLOUR_RGB ( '',0.7921568627450980005, 0.8196078431372548767, 0.9333333333333333481 ) ;
#3227 = EDGE_LOOP ( 'NONE', ( #659, #273, #843, #3492 ) ) ;
#3228 = PRESENTATION_STYLE_ASSIGNMENT (( #26 ) ) ;
#3229 = DIRECTION ( 'NONE',  ( 0.000000000000000000, 0.000000000000000000, -1.000000000000000000 ) ) ;
#3230 = SURFACE_STYLE_USAGE ( .BOTH. , #3817 ) ;
#3231 = CARTESIAN_POINT ( 'NONE',  ( -0.1249999999999986955, 0.5986990566028304039, -0.7750000000000004663 ) ) ;
#3232 = ORIENTED_EDGE ( 'NONE', *, *, #1407, .T. ) ;
#3233 = EDGE_CURVE ( 'NONE', #3080, #3593, #2517, .T. ) ;
#3234 = VECTOR ( 'NONE', #801, 1000.000000000000000 ) ;
#3235 = MANIFOLD_SOLID_BREP ( 'LPattern3[3]', #3585 ) ;
#3236 = ORIENTED_EDGE ( 'NONE', *, *, #3150, .T. ) ;
#3237 = LINE ( 'NONE', #1852, #754 ) ;
#3238 = DIRECTION ( 'NONE',  ( -5.913830031739118501E-16, 0.000000000000000000, -1.000000000000000000 ) ) ;
#3239 = DIRECTION ( 'NONE',  ( -0.000000000000000000, -1.000000000000000000, -0.000000000000000000 ) ) ;
#3240 = ADVANCED_FACE ( 'NONE', ( #3821 ), #3035, .T. ) ;
#3241 = CARTESIAN_POINT ( 'NONE',  ( 0.8000000000000003775, 0.05000000000000012768, -0.1249999999999994588 ) ) ;
#3242 = VERTEX_POINT ( 'NONE', #2516 ) ;
#3243 = PRESENTATION_STYLE_ASSIGNMENT (( #351 ) ) ;
#3244 = DIRECTION ( 'NONE',  ( -0.7071067811865444641, 0.000000000000000000, -0.7071067811865505703 ) ) ;
#3245 = CARTESIAN_POINT ( 'NONE',  ( 0.1250000000000018041, 0.1270000000000000018, -0.7750000000000004663 ) ) ;
#3246 = VECTOR ( 'NONE', #950, 1000.000000000000000 ) ;
#3247 = VERTEX_POINT ( 'NONE', #2807 ) ;
#3248 = CARTESIAN_POINT ( 'NONE',  ( -0.6222222222222223431, 0.4999999999999998890, -0.7922222222222224941 ) ) ;
#3249 = CARTESIAN_POINT ( 'NONE',  ( 0.3750000000000016098, 0.1270000000000000018, -0.7750000000000004663 ) ) ;
#3250 = DIRECTION ( 'NONE',  ( 0.000000000000000000, 0.000000000000000000, 1.000000000000000000 ) ) ;
#3251 =( GEOMETRIC_REPRESENTATION_CONTEXT ( 3 ) GLOBAL_UNCERTAINTY_ASSIGNED_CONTEXT ( ( #841 ) ) GLOBAL_UNIT_ASSIGNED_CONTEXT ( ( #1227, #3288, #648 ) ) REPRESENTATION_CONTEXT ( 'NONE', 'WORKASPACE' ) );
#3252 = DIRECTION ( 'NONE',  ( 0.000000000000000000, -1.000000000000000000, 0.000000000000000000 ) ) ;
#3253 = EDGE_LOOP ( 'NONE', ( #3429, #3007, #2684, #2675 ) ) ;
#3254 = FACE_OUTER_BOUND ( 'NONE', #1738, .T. ) ;
#3255 = LINE ( 'NONE', #430, #2112 ) ;
#3256 = AXIS2_PLACEMENT_3D ( 'NONE', #2508, #1088, #2624 ) ;
#3257 = ORIENTED_EDGE ( 'NONE', *, *, #1945, .T. ) ;
#3258 = AXIS2_PLACEMENT_3D ( 'NONE', #2242, #501, #2506 ) ;
#3259 = CIRCLE ( 'NONE', #2943, 0.1250000000000001110 ) ;
#3260 = DIRECTION ( 'NONE',  ( 5.913830031739118501E-16, 0.000000000000000000, 1.000000000000000000 ) ) ;
#3261 = MANIFOLD_SOLID_BREP ( 'LPattern3[4]', #116 ) ;
#3262 = LINE ( 'NONE', #3644, #3304 ) ;
#3263 = DIRECTION ( 'NONE',  ( 0.000000000000000000, 0.000000000000000000, 1.000000000000000000 ) ) ;
#3264 = ORIENTED_EDGE ( 'NONE', *, *, #1920, .F. ) ;
#3265 = EDGE_CURVE ( 'NONE', #3442, #1885, #2617, .T. ) ;
#3266 = FACE_OUTER_BOUND ( 'NONE', #1564, .T. ) ;
#3267 = CARTESIAN_POINT ( 'NONE',  ( 0.4000000000000004108, 0.1270000000000000018, -0.3749999999999998890 ) ) ;
#3268 = FILL_AREA_STYLE ('',( #1816 ) ) ;
#3269 = LINE ( 'NONE', #3363, #2033 ) ;
#3270 = ORIENTED_EDGE ( 'NONE', *, *, #236, .F. ) ;
#3271 = EDGE_CURVE ( 'NONE', #1314, #985, #94, .T. ) ;
#3272 = PLANE ( 'NONE',  #1192 ) ;
#3273 = DIRECTION ( 'NONE',  ( 0.000000000000000000, 0.000000000000000000, -1.000000000000000000 ) ) ;
#3274 = VECTOR ( 'NONE', #1185, 1000.000000000000000 ) ;
#3275 = CARTESIAN_POINT ( 'NONE',  ( 0.4000000000000004108, 0.000000000000000000, -0.3749999999999998890 ) ) ;
#3276 = DIRECTION ( 'NONE',  ( -0.000000000000000000, -1.000000000000000000, -0.000000000000000000 ) ) ;
#3277 = CARTESIAN_POINT ( 'NONE',  ( -0.6249999999999985567, 0.1270000000000000018, -1.050000000000000266 ) ) ;
#3278 = ORIENTED_EDGE ( 'NONE', *, *, #3024, .F. ) ;
#3279 = EDGE_CURVE ( 'NONE', #2538, #925, #1359, .T. ) ;
#3280 = EDGE_CURVE ( 'NONE', #2136, #2356, #2672, .T. ) ;
#3281 = COLOUR_RGB ( '',0.2509803921568627416, 0.2509803921568627416, 0.2509803921568627416 ) ;
#3282 = ORIENTED_EDGE ( 'NONE', *, *, #3780, .T. ) ;
#3283 = VECTOR ( 'NONE', #2895, 1000.000000000000000 ) ;
#3284 = CARTESIAN_POINT ( 'NONE',  ( -0.1249999999999983763, 0.1270000000000000018, 1.050000000000000266 ) ) ;
#3285 = EDGE_CURVE ( 'NONE', #2309, #2136, #1389, .T. ) ;
#3286 = ORIENTED_EDGE ( 'NONE', *, *, #3570, .T. ) ;
#3287 = VECTOR ( 'NONE', #3009, 1000.000000000000000 ) ;
#3288 =( NAMED_UNIT ( * ) PLANE_ANGLE_UNIT ( ) SI_UNIT ( $, .RADIAN. ) );
#3289 = DIRECTION ( 'NONE',  ( -1.000000000000000000, 0.000000000000000000, -2.710505431213761578E-16 ) ) ;
#3290 = DIRECTION ( 'NONE',  ( 1.000000000000000000, 0.000000000000000000, -0.000000000000000000 ) ) ;
#3291 = ORIENTED_EDGE ( 'NONE', *, *, #1213, .F. ) ;
#3292 = FACE_OUTER_BOUND ( 'NONE', #2637, .T. ) ;
#3293 = CARTESIAN_POINT ( 'NONE',  ( 0.4000000000000004108, 0.1270000000000000018, -0.3749999999999998890 ) ) ;
#3294 = AXIS2_PLACEMENT_3D ( 'NONE', #531, #3572, #1690 ) ;
#3295 = AXIS2_PLACEMENT_3D ( 'NONE', #595, #1833, #2449 ) ;
#3296 = PRESENTATION_STYLE_ASSIGNMENT (( #3230 ) ) ;
#3297 = DIRECTION ( 'NONE',  ( 0.000000000000000000, 0.000000000000000000, -1.000000000000000000 ) ) ;
#3298 = DIRECTION ( 'NONE',  ( 1.000000000000000000, -0.000000000000000000, -0.000000000000000000 ) ) ;
#3299 = CARTESIAN_POINT ( 'NONE',  ( 0.000000000000000000, 0.000000000000000000, 0.000000000000000000 ) ) ;
#3300 = ORIENTED_EDGE ( 'NONE', *, *, #1794, .T. ) ;
#3301 = VECTOR ( 'NONE', #1705, 1000.000000000000000 ) ;
#3302 = AXIS2_PLACEMENT_3D ( 'NONE', #1128, #2313, #2661 ) ;
#3303 = AXIS2_PLACEMENT_3D ( 'NONE', #2885, #3495, #2585 ) ;
#3304 = VECTOR ( 'NONE', #623, 1000.000000000000000 ) ;
#3305 = EDGE_LOOP ( 'NONE', ( #3690, #262, #977, #1112 ) ) ;
#3306 = LINE ( 'NONE', #2423, #1979 ) ;
#3307 = CARTESIAN_POINT ( 'NONE',  ( 0.8000000000000003775, 0.1270000000000000018, 0.3750000000000005551 ) ) ;
#3308 = CARTESIAN_POINT ( 'NONE',  ( -0.4999999999999986122, 0.5986990566028304039, 0.7750000000000004663 ) ) ;
#3309 = LINE ( 'NONE', #3314, #1934 ) ;
#3310 = CARTESIAN_POINT ( 'NONE',  ( -0.8000000000000003775, 0.05000000000000012768, -0.1249999999999994588 ) ) ;
#3311 = VERTEX_POINT ( 'NONE', #939 ) ;
#3312 = ADVANCED_FACE ( 'NONE', ( #1444 ), #3313, .T. ) ;
#3313 = PLANE ( 'NONE',  #1864 ) ;
#3315 = ADVANCED_FACE ( 'NONE', ( #1311 ), #152, .T. ) ;
#3314 = CARTESIAN_POINT ( 'NONE',  ( -0.8000000000000003775, 0.1270000000000000018, 0.3750000000000005551 ) ) ;
#3316 = EDGE_CURVE ( 'NONE', #1355, #1990, #2694, .T. ) ;
#3317 = DIRECTION ( 'NONE',  ( 0.000000000000000000, 0.000000000000000000, 1.000000000000000000 ) ) ;
#3318 = ORIENTED_EDGE ( 'NONE', *, *, #780, .T. ) ;
#3319 = VECTOR ( 'NONE', #452, 1000.000000000000000 ) ;
#3320 = SURFACE_STYLE_USAGE ( .BOTH. , #2104 ) ;
#3321 = FACE_OUTER_BOUND ( 'NONE', #2944, .T. ) ;
#3322 = CARTESIAN_POINT ( 'NONE',  ( -0.6249999999999983347, 0.000000000000000000, -0.7750000000000004663 ) ) ;
#3323 = ORIENTED_EDGE ( 'NONE', *, *, #562, .T. ) ;
#3324 = CIRCLE ( 'NONE', #815, 0.1250000000000001110 ) ;
#3325 = ORIENTED_EDGE ( 'NONE', *, *, #2900, .F. ) ;
#3326 = LINE ( 'NONE', #3548, #3287 ) ;
#3327 = DIRECTION ( 'NONE',  ( 0.000000000000000000, 0.000000000000000000, 1.000000000000000000 ) ) ;
#3328 = EDGE_CURVE ( 'NONE', #1391, #1499, #1368, .T. ) ;
#3329 = CARTESIAN_POINT ( 'NONE',  ( -0.8000000000000001554, 0.1269999999999999463, -0.1249999999999994588 ) ) ;
#3330 = FACE_OUTER_BOUND ( 'NONE', #2590, .T. ) ;
#3331 = UNCERTAINTY_MEASURE_WITH_UNIT (LENGTH_MEASURE( 1.000000000000000082E-05 ), #1309, 'distance_accuracy_value', 'NONE');
#3332 = DIRECTION ( 'NONE',  ( 0.000000000000000000, 1.000000000000000000, 0.000000000000000000 ) ) ;
#3333 = ORIENTED_EDGE ( 'NONE', *, *, #1835, .F. ) ;
#3334 = DIRECTION ( 'NONE',  ( 0.000000000000000000, -0.000000000000000000, -1.000000000000000000 ) ) ;
#3335 = DIRECTION ( 'NONE',  ( 0.000000000000000000, 1.000000000000000000, 0.000000000000000000 ) ) ;
#3336 = FACE_OUTER_BOUND ( 'NONE', #1254, .T. ) ;
#3337 = AXIS2_PLACEMENT_3D ( 'NONE', #2432, #3036, #360 ) ;
#3338 = ORIENTED_EDGE ( 'NONE', *, *, #2631, .T. ) ;
#3339 = AXIS2_PLACEMENT_3D ( 'NONE', #162, #2297, #2913 ) ;
#3340 = ADVANCED_FACE ( 'NONE', ( #2688 ), #2188, .T. ) ;
#3341 = ADVANCED_FACE ( 'NONE', ( #43 ), #457, .F. ) ;
#3342 = VECTOR ( 'NONE', #2956, 1000.000000000000000 ) ;
#3343 = CARTESIAN_POINT ( 'NONE',  ( 0.6250000000000018874, 0.000000000000000000, 1.050000000000000266 ) ) ;
#3344 = DIRECTION ( 'NONE',  ( -1.000000000000000000, 0.000000000000000000, 0.000000000000000000 ) ) ;
#3345 = ORIENTED_EDGE ( 'NONE', *, *, #451, .T. ) ;
#3346 = EDGE_CURVE ( 'NONE', #1598, #1300, #2743, .T. ) ;
#3347 = MECHANICAL_DESIGN_GEOMETRIC_PRESENTATION_REPRESENTATION (  '', ( #1946 ), #2461 ) ;
#3348 = CARTESIAN_POINT ( 'NONE',  ( 0.1500000000000003830, 0.000000000000000000, -0.2499999999999998890 ) ) ;
#3349 = EDGE_LOOP ( 'NONE', ( #55, #2713, #1286, #3479 ) ) ;
#3350 = EDGE_CURVE ( 'NONE', #2812, #433, #151, .T. ) ;
#3351 = LINE ( 'NONE', #3307, #1952 ) ;
#3352 = CARTESIAN_POINT ( 'NONE',  ( -0.1500000000000003830, 0.5986990566028302929, -0.1249999999999996808 ) ) ;
#3353 = CARTESIAN_POINT ( 'NONE',  ( -0.4999999999999986122, 0.1270000000000000018, 0.7750000000000004663 ) ) ;
#3354 = CARTESIAN_POINT ( 'NONE',  ( -0.3749999999999982236, 0.5986990566028304039, -0.7750000000000004663 ) ) ;
#3355 = PRESENTATION_LAYER_ASSIGNMENT (  '', '', ( #429 ) ) ;
#3356 = VECTOR ( 'NONE', #2840, 1000.000000000000000 ) ;
#3357 = DIRECTION ( 'NONE',  ( -0.000000000000000000, -1.000000000000000000, -0.000000000000000000 ) ) ;
#3358 = VERTEX_POINT ( 'NONE', #2618 ) ;
#3359 = EDGE_CURVE ( 'NONE', #461, #3108, #2758, .T. ) ;
#3360 = CIRCLE ( 'NONE', #2295, 0.1250000000000000000 ) ;
#3361 = EDGE_CURVE ( 'NONE', #3053, #1313, #101, .T. ) ;
#3362 = DIRECTION ( 'NONE',  ( 1.000000000000000000, 0.000000000000000000, 0.000000000000000000 ) ) ;
#3363 = CARTESIAN_POINT ( 'NONE',  ( 0.6250000000000016653, 0.1270000000000000018, -1.050000000000000266 ) ) ;
#3364 = CARTESIAN_POINT ( 'NONE',  ( 0.7999999999999997113, 3.840075756488817493, 1.050000000000000044 ) ) ;
#3365 = FACE_OUTER_BOUND ( 'NONE', #1287, .T. ) ;
#3366 = VERTEX_POINT ( 'NONE', #2918 ) ;
#3367 = EDGE_CURVE ( 'NONE', #2277, #2812, #1459, .T. ) ;
#3368 = LINE ( 'NONE', #1725, #2020 ) ;
#3369 = CARTESIAN_POINT ( 'NONE',  ( -0.6222222222222223431, 0.4999999999999998890, -0.9522222222222224142 ) ) ;
#3370 = ORIENTED_EDGE ( 'NONE', *, *, #2778, .T. ) ;
#3371 = VECTOR ( 'NONE', #3746, 1000.000000000000000 ) ;
#3372 = ADVANCED_FACE ( 'NONE', ( #2625 ), #1418, .T. ) ;
#3373 = DIRECTION ( 'NONE',  ( -0.000000000000000000, -1.000000000000000000, -0.000000000000000000 ) ) ;
#3374 = CARTESIAN_POINT ( 'NONE',  ( -0.1249999999999983763, 0.1270000000000000018, 0.7750000000000004663 ) ) ;
#3375 = ORIENTED_EDGE ( 'NONE', *, *, #1960, .F. ) ;
#3376 = LINE ( 'NONE', #3408, #3371 ) ;
#3377 = CARTESIAN_POINT ( 'NONE',  ( -0.3749999999999981681, 0.1270000000000000018, 1.050000000000000266 ) ) ;
#3378 = CARTESIAN_POINT ( 'NONE',  ( 0.1250000000000018319, 0.1270000000000000018, 1.050000000000000266 ) ) ;
#3379 = UNCERTAINTY_MEASURE_WITH_UNIT (LENGTH_MEASURE( 1.000000000000000082E-05 ), #1810, 'distance_accuracy_value', 'NONE');
#3380 = AXIS2_PLACEMENT_3D ( 'NONE', #3225, #1449, #1500 ) ;
#3381 = FACE_OUTER_BOUND ( 'NONE', #213, .T. ) ;
#3382 = DIRECTION ( 'NONE',  ( 0.000000000000000000, 0.000000000000000000, -1.000000000000000000 ) ) ;
#3383 = DIRECTION ( 'NONE',  ( 0.000000000000000000, 0.000000000000000000, 1.000000000000000000 ) ) ;
#3384 = FACE_OUTER_BOUND ( 'NONE', #2454, .T. ) ;
#3385 = AXIS2_PLACEMENT_3D ( 'NONE', #684, #1014, #3127 ) ;
#3386 = DIRECTION ( 'NONE',  ( 0.000000000000000000, -1.000000000000000000, 0.000000000000000000 ) ) ;
#3387 = CARTESIAN_POINT ( 'NONE',  ( -0.8000000000000003775, 0.5999999999999998668, -1.050000000000000711 ) ) ;
#3388 = AXIS2_PLACEMENT_3D ( 'NONE', #980, #3740, #2865 ) ;
#3389 = VERTEX_POINT ( 'NONE', #1909 ) ;
#3390 = DIRECTION ( 'NONE',  ( 0.000000000000000000, 1.000000000000000000, -0.000000000000000000 ) ) ;
#3391 = EDGE_LOOP ( 'NONE', ( #3591, #2162, #3159, #2762, #1448, #3122, #1906, #2789, #1819, #3529, #1890, #1414, #968, #2303, #2784, #1851, #1535, #541, #1031, #3222, #3619, #3557, #2824, #3610, #3181, #3190, #3599, #2755, #2330, #999, #2240, #2298, #1461, #618, #3646, #217, #224, #3670, #3565, #165, #3143, #2281, #182, #1486, #3119, #172, #3214, #1089, #2797, #3154, #2836 ) ) ;
#3392 = ORIENTED_EDGE ( 'NONE', *, *, #2192, .T. ) ;
#3393 = FACE_OUTER_BOUND ( 'NONE', #2096, .T. ) ;
#3394 = EDGE_CURVE ( 'NONE', #103, #2951, #1397, .T. ) ;
#3395 = CIRCLE ( 'NONE', #624, 0.07999999999999998779 ) ;
#3396 = CARTESIAN_POINT ( 'NONE',  ( 0.2750000000000004108, 0.05000000000000002359, -0.2499999999999996392 ) ) ;
#3397 = PLANE ( 'NONE',  #3388 ) ;
#3398 = ORIENTED_EDGE ( 'NONE', *, *, #2357, .T. ) ;
#3399 = ORIENTED_EDGE ( 'NONE', *, *, #1727, .F. ) ;
#3400 = VECTOR ( 'NONE', #3507, 1000.000000000000000 ) ;
#3401 = CARTESIAN_POINT ( 'NONE',  ( 0.1250000000000018319, 0.1270000000000000018, 1.050000000000000266 ) ) ;
#3402 = CARTESIAN_POINT ( 'NONE',  ( -0.1500000000000003830, 0.5986990566028302929, -0.1249999999999996808 ) ) ;
#3403 = ORIENTED_EDGE ( 'NONE', *, *, #3066, .T. ) ;
#3404 = EDGE_CURVE ( 'NONE', #2400, #2155, #120, .T. ) ;
#3405 = LINE ( 'NONE', #608, #3440 ) ;
#3406 = ORIENTED_EDGE ( 'NONE', *, *, #3101, .T. ) ;
#3407 = ORIENTED_EDGE ( 'NONE', *, *, #409, .F. ) ;
#3408 = CARTESIAN_POINT ( 'NONE',  ( 0.1250000000000018041, 0.1270000000000000018, 0.7750000000000004663 ) ) ;
#3409 = CARTESIAN_POINT ( 'NONE',  ( -0.4999999999999986122, 0.04999999999999999584, 0.6500000000000003553 ) ) ;
#3410 = ADVANCED_FACE ( 'NONE', ( #1411 ), #3502, .T. ) ;
#3411 = EDGE_CURVE ( 'NONE', #3247, #39, #157, .T. ) ;
#3412 = ORIENTED_EDGE ( 'NONE', *, *, #593, .F. ) ;
#3413 = PRESENTATION_STYLE_ASSIGNMENT (( #471 ) ) ;
#3414 = PLANE ( 'NONE',  #3470 ) ;
#3415 = ORIENTED_EDGE ( 'NONE', *, *, #2357, .F. ) ;
#3416 = PLANE ( 'NONE',  #3136 ) ;
#3417 = ORIENTED_EDGE ( 'NONE', *, *, #3361, .F. ) ;
#3418 = EDGE_CURVE ( 'NONE', #991, #1454, #2726, .T. ) ;
#3419 = VECTOR ( 'NONE', #3089, 1000.000000000000000 ) ;
#3420 = CARTESIAN_POINT ( 'NONE',  ( -0.6249999999999983347, 0.1270000000000000018, -0.7750000000000004663 ) ) ;
#3421 = CARTESIAN_POINT ( 'NONE',  ( -0.4999999999999986122, 0.1270000000000000018, 0.7750000000000004663 ) ) ;
#3422 = ORIENTED_EDGE ( 'NONE', *, *, #1426, .F. ) ;
#3423 = CARTESIAN_POINT ( 'NONE',  ( 0.1500000000000003830, 0.05000000000000000278, -0.2499999999999998890 ) ) ;
#3424 = CYLINDRICAL_SURFACE ( 'NONE', #3098, 0.1250000000000001110 ) ;
#3425 = VERTEX_POINT ( 'NONE', #3833 ) ;
#3426 = VERTEX_POINT ( 'NONE', #1677 ) ;
#3427 = VECTOR ( 'NONE', #1984, 1000.000000000000000 ) ;
#3428 = EDGE_CURVE ( 'NONE', #1685, #3433, #146, .T. ) ;
#3429 = ORIENTED_EDGE ( 'NONE', *, *, #590, .F. ) ;
#3430 = CIRCLE ( 'NONE', #323, 0.1250000000000001110 ) ;
#3431 = CARTESIAN_POINT ( 'NONE',  ( -0.2750000000000002998, 0.000000000000000000, 0.1250000000000001110 ) ) ;
#3432 = CARTESIAN_POINT ( 'NONE',  ( 0.8000000000000003775, 0.000000000000000000, 0.3750000000000005551 ) ) ;
#3433 = VERTEX_POINT ( 'NONE', #660 ) ;
#3434 = CARTESIAN_POINT ( 'NONE',  ( 0.4000000000000004108, 0.1270000000000000018, -0.1249999999999996808 ) ) ;
#3435 = EDGE_LOOP ( 'NONE', ( #2348, #105, #994, #2738 ) ) ;
#3436 = LINE ( 'NONE', #2787, #3427 ) ;
#3437 = PLANE ( 'NONE',  #434 ) ;
#3438 = DIRECTION ( 'NONE',  ( 0.000000000000000000, -1.000000000000000000, 0.000000000000000000 ) ) ;
#3439 = ORIENTED_EDGE ( 'NONE', *, *, #1970, .F. ) ;
#3440 = VECTOR ( 'NONE', #1823, 1000.000000000000000 ) ;
#3441 = ORIENTED_EDGE ( 'NONE', *, *, #1315, .F. ) ;
#3442 = VERTEX_POINT ( 'NONE', #1980 ) ;
#3443 = AXIS2_PLACEMENT_3D ( 'NONE', #2957, #3163, #1424 ) ;
#3444 = DIRECTION ( 'NONE',  ( -0.000000000000000000, -1.000000000000000000, -0.000000000000000000 ) ) ;
#3445 = DIRECTION ( 'NONE',  ( -0.000000000000000000, -1.000000000000000000, -0.000000000000000000 ) ) ;
#3446 = CARTESIAN_POINT ( 'NONE',  ( 0.1250000000000018041, 0.1270000000000000018, -0.7750000000000004663 ) ) ;
#3447 = LINE ( 'NONE', #3369, #2050 ) ;
#3448 = ORIENTED_EDGE ( 'NONE', *, *, #1101, .T. ) ;
#3449 = AXIS2_PLACEMENT_3D ( 'NONE', #25, #325, #2679 ) ;
#3450 = CARTESIAN_POINT ( 'NONE',  ( -0.1249999999999983763, 0.1270000000000000018, 0.7750000000000004663 ) ) ;
#3451 = ORIENTED_EDGE ( 'NONE', *, *, #2049, .T. ) ;
#3452 = AXIS2_PLACEMENT_3D ( 'NONE', #2108, #656, #897 ) ;
#3453 = DIRECTION ( 'NONE',  ( -1.000000000000000000, 0.000000000000000000, 0.000000000000000000 ) ) ;
#3455 = ADVANCED_FACE ( 'NONE', ( #1435 ), #2754, .T. ) ;
#3454 = CARTESIAN_POINT ( 'NONE',  ( -0.6249999999999983347, 0.1270000000000000018, 1.050000000000000266 ) ) ;
#3456 = CARTESIAN_POINT ( 'NONE',  ( -0.8000000000000001554, 0.5999999999999998668, 1.050000000000000044 ) ) ;
#3457 = PLANE ( 'NONE',  #514 ) ;
#3458 = CIRCLE ( 'NONE', #860, 0.1250000000000001110 ) ;
#3459 = ORIENTED_EDGE ( 'NONE', *, *, #1298, .F. ) ;
#3460 = EDGE_LOOP ( 'NONE', ( #2195, #131, #1004, #123 ) ) ;
#3461 = EDGE_CURVE ( 'NONE', #18, #2127, #36, .T. ) ;
#3462 = LINE ( 'NONE', #1733, #2073 ) ;
#3463 = ORIENTED_EDGE ( 'NONE', *, *, #2529, .T. ) ;
#3464 = VECTOR ( 'NONE', #1141, 1000.000000000000000 ) ;
#3465 = CARTESIAN_POINT ( 'NONE',  ( 0.2750000000000002998, 0.1270000000000000018, -0.1249999999999996253 ) ) ;
#3466 = ORIENTED_EDGE ( 'NONE', *, *, #374, .T. ) ;
#3467 = CARTESIAN_POINT ( 'NONE',  ( 0.3750000000000014433, 0.1270000000000000018, -1.050000000000000266 ) ) ;
#3468 = ORIENTED_EDGE ( 'NONE', *, *, #1507, .T. ) ;
#3469 = EDGE_CURVE ( 'NONE', #1084, #3425, #1318, .T. ) ;
#3470 = AXIS2_PLACEMENT_3D ( 'NONE', #722, #1277, #3273 ) ;
#3471 = CARTESIAN_POINT ( 'NONE',  ( -0.8000000000000003775, 0.5986990566028302929, -0.1249999999999994588 ) ) ;
#3472 = ORIENTED_EDGE ( 'NONE', *, *, #287, .T. ) ;
#3473 = LINE ( 'NONE', #2815, #3356 ) ;
#3474 = ORIENTED_EDGE ( 'NONE', *, *, #3584, .F. ) ;
#3475 = ORIENTED_EDGE ( 'NONE', *, *, #2565, .T. ) ;
#3476 = FACE_OUTER_BOUND ( 'NONE', #3604, .T. ) ;
#3477 = EDGE_CURVE ( 'NONE', #4, #3744, #1323, .T. ) ;
#3478 = DIRECTION ( 'NONE',  ( -1.971276677246372752E-16, -0.000000000000000000, -1.000000000000000000 ) ) ;
#3479 = ORIENTED_EDGE ( 'NONE', *, *, #2742, .T. ) ;
#3480 = CARTESIAN_POINT ( 'NONE',  ( -0.1249999999999983763, 0.5986990566028304039, 1.050000000000000266 ) ) ;
#3481 = FILL_AREA_STYLE_COLOUR ( '', #2992 ) ;
#3482 = DIRECTION ( 'NONE',  ( -0.000000000000000000, -1.000000000000000000, 0.000000000000000000 ) ) ;
#3483 = ORIENTED_EDGE ( 'NONE', *, *, #3560, .T. ) ;
#3484 = ORIENTED_EDGE ( 'NONE', *, *, #2002, .T. ) ;
#3485 = FACE_OUTER_BOUND ( 'NONE', #2433, .T. ) ;
#3486 = CARTESIAN_POINT ( 'NONE',  ( -0.4000000000000004108, 0.1270000000000000018, 0.1250000000000001110 ) ) ;
#3487 =( NAMED_UNIT ( * ) SI_UNIT ( $, .STERADIAN. ) SOLID_ANGLE_UNIT ( ) );
#3488 = DIRECTION ( 'NONE',  ( 0.000000000000000000, 1.000000000000000000, 0.000000000000000000 ) ) ;
#3489 = SURFACE_STYLE_FILL_AREA ( #3123 ) ;
#3490 = EDGE_CURVE ( 'NONE', #1070, #1005, #2649, .T. ) ;
#3491 = VERTEX_POINT ( 'NONE', #1813 ) ;
#3492 = ORIENTED_EDGE ( 'NONE', *, *, #2911, .T. ) ;
#3493 = ADVANCED_FACE ( 'NONE', ( #2657 ), #2069, .F. ) ;
#3494 = VERTEX_POINT ( 'NONE', #3639 ) ;
#3495 = DIRECTION ( 'NONE',  ( 0.000000000000000000, -1.000000000000000000, 0.000000000000000000 ) ) ;
#3496 = CARTESIAN_POINT ( 'NONE',  ( -0.4999999999999986122, 0.1270000000000000018, 0.6500000000000003553 ) ) ;
#3497 = ORIENTED_EDGE ( 'NONE', *, *, #562, .F. ) ;
#3498 = ORIENTED_EDGE ( 'NONE', *, *, #565, .F. ) ;
#3499 = ADVANCED_FACE ( 'NONE', ( #66 ), #3556, .T. ) ;
#3500 = CIRCLE ( 'NONE', #48, 0.1250000000000001110 ) ;
#3501 = PRESENTATION_LAYER_ASSIGNMENT (  '', '', ( #1234 ) ) ;
#3502 = PLANE ( 'NONE',  #132 ) ;
#3503 = VERTEX_POINT ( 'NONE', #1753 ) ;
#3504 = ORIENTED_EDGE ( 'NONE', *, *, #768, .T. ) ;
#3505 = ORIENTED_EDGE ( 'NONE', *, *, #1037, .T. ) ;
#3506 = CIRCLE ( 'NONE', #671, 0.1250000000000000000 ) ;
#3507 = DIRECTION ( 'NONE',  ( 0.000000000000000000, 1.000000000000000000, 0.000000000000000000 ) ) ;
#3508 = CARTESIAN_POINT ( 'NONE',  ( -0.3749999999999983902, 0.1270000000000000018, -1.050000000000000266 ) ) ;
#3509 =( GEOMETRIC_REPRESENTATION_CONTEXT ( 3 ) GLOBAL_UNCERTAINTY_ASSIGNED_CONTEXT ( ( #3546 ) ) GLOBAL_UNIT_ASSIGNED_CONTEXT ( ( #1096, #1423, #2632 ) ) REPRESENTATION_CONTEXT ( 'NONE', 'WORKASPACE' ) );
#3510 = ORIENTED_EDGE ( 'NONE', *, *, #3195, .T. ) ;
#3511 = AXIS2_PLACEMENT_3D ( 'NONE', #3396, #239, #493 ) ;
#3512 = ORIENTED_EDGE ( 'NONE', *, *, #2724, .T. ) ;
#3513 = CARTESIAN_POINT ( 'NONE',  ( 1.409462824231155764E-15, 0.1270000000000000018, 0.6500000000000003553 ) ) ;
#3514 = ORIENTED_EDGE ( 'NONE', *, *, #399, .T. ) ;
#3515 = CIRCLE ( 'NONE', #3714, 0.1250000000000000000 ) ;
#3516 = DIRECTION ( 'NONE',  ( -1.000000000000000000, 0.000000000000000000, 5.421010862427523156E-16 ) ) ;
#3517 = CARTESIAN_POINT ( 'NONE',  ( 0.3750000000000016098, 0.05000000000000012768, 1.050000000000000266 ) ) ;
#3518 = VERTEX_POINT ( 'NONE', #3241 ) ;
#3519 = CARTESIAN_POINT ( 'NONE',  ( 0.6250000000000018874, 0.1270000000000000018, 0.7750000000000004663 ) ) ;
#3520 = VERTEX_POINT ( 'NONE', #3052 ) ;
#3521 = VECTOR ( 'NONE', #1744, 1000.000000000000000 ) ;
#3522 = EDGE_CURVE ( 'NONE', #3520, #380, #2801, .T. ) ;
#3523 = DIRECTION ( 'NONE',  ( 0.000000000000000000, 1.000000000000000000, 0.000000000000000000 ) ) ;
#3524 = CARTESIAN_POINT ( 'NONE',  ( -0.4999999999999986122, 0.000000000000000000, -0.7750000000000004663 ) ) ;
#3525 = ORIENTED_EDGE ( 'NONE', *, *, #1165, .F. ) ;
#3526 = FACE_OUTER_BOUND ( 'NONE', #160, .T. ) ;
#3527 = ADVANCED_FACE ( 'NONE', ( #194 ), #13, .F. ) ;
#3528 = CARTESIAN_POINT ( 'NONE',  ( 0.8000000000000003775, 0.1270000000000000018, -0.3749999999999998890 ) ) ;
#3529 = ORIENTED_EDGE ( 'NONE', *, *, #1647, .F. ) ;
#3530 = EDGE_LOOP ( 'NONE', ( #1047, #3514, #3300, #76 ) ) ;
#3531 = ORIENTED_EDGE ( 'NONE', *, *, #1843, .T. ) ;
#3532 = LINE ( 'NONE', #3277, #928 ) ;
#3533 = CARTESIAN_POINT ( 'NONE',  ( -0.1249999999999983763, 0.1270000000000000018, 1.050000000000000266 ) ) ;
#3534 = PLANE ( 'NONE',  #1538 ) ;
#3535 = CARTESIAN_POINT ( 'NONE',  ( -0.1500000000000003830, 0.05000000000000000278, -0.2499999999999991396 ) ) ;
#3536 = EDGE_LOOP ( 'NONE', ( #3778, #2455, #391, #1007 ) ) ;
#3537 = ORIENTED_EDGE ( 'NONE', *, *, #3346, .T. ) ;
#3538 = LINE ( 'NONE', #3519, #3521 ) ;
#3539 = EDGE_CURVE ( 'NONE', #622, #3491, #222, .T. ) ;
#3540 =( NAMED_UNIT ( * ) PLANE_ANGLE_UNIT ( ) SI_UNIT ( $, .RADIAN. ) );
#3541 = CARTESIAN_POINT ( 'NONE',  ( 1.409462824231155764E-15, 0.1270000000000000018, 0.6500000000000003553 ) ) ;
#3542 = ORIENTED_EDGE ( 'NONE', *, *, #3477, .T. ) ;
#3543 = EDGE_LOOP ( 'NONE', ( #2831, #2390, #3505, #1510 ) ) ;
#3544 = ORIENTED_EDGE ( 'NONE', *, *, #2521, .F. ) ;
#3545 = FACE_OUTER_BOUND ( 'NONE', #3253, .T. ) ;
#3546 = UNCERTAINTY_MEASURE_WITH_UNIT (LENGTH_MEASURE( 1.000000000000000082E-05 ), #1096, 'distance_accuracy_value', 'NONE');
#3547 = CLOSED_SHELL ( 'NONE', ( #520, #3527, #2355, #546, #3208, #2486, #1013 ) ) ;
#3548 = CARTESIAN_POINT ( 'NONE',  ( 0.1250000000000018319, 0.000000000000000000, 1.050000000000000266 ) ) ;
#3549 = CARTESIAN_POINT ( 'NONE',  ( 0.1250000000000018041, 0.1270000000000000018, -0.7750000000000004663 ) ) ;
#3550 = ORIENTED_EDGE ( 'NONE', *, *, #1518, .F. ) ;
#3551 = AXIS2_PLACEMENT_3D ( 'NONE', #476, #2968, #821 ) ;
#3552 = CARTESIAN_POINT ( 'NONE',  ( -0.8000000000000003775, 0.05000000000000012768, 0.1250000000000001110 ) ) ;
#3553 = ORIENTED_EDGE ( 'NONE', *, *, #2785, .T. ) ;
#3554 = VECTOR ( 'NONE', #233, 1000.000000000000000 ) ;
#3555 = AXIS2_PLACEMENT_3D ( 'NONE', #847, #3855, #1488 ) ;
#3556 = PLANE ( 'NONE',  #2935 ) ;
#3557 = ORIENTED_EDGE ( 'NONE', *, *, #3570, .F. ) ;
#3558 = ORIENTED_EDGE ( 'NONE', *, *, #3418, .T. ) ;
#3559 = ORIENTED_EDGE ( 'NONE', *, *, #1101, .F. ) ;
#3560 = EDGE_CURVE ( 'NONE', #1313, #949, #215, .T. ) ;
#3561 = FACE_OUTER_BOUND ( 'NONE', #2800, .T. ) ;
#3562 = DIRECTION ( 'NONE',  ( 0.000000000000000000, 0.000000000000000000, 1.000000000000000000 ) ) ;
#3563 = AXIS2_PLACEMENT_3D ( 'NONE', #117, #375, #1167 ) ;
#3564 = ADVANCED_FACE ( 'NONE', ( #1556 ), #2863, .F. ) ;
#3565 = ORIENTED_EDGE ( 'NONE', *, *, #3195, .F. ) ;
#3566 = ORIENTED_EDGE ( 'NONE', *, *, #1669, .F. ) ;
#3567 = VERTEX_POINT ( 'NONE', #1199 ) ;
#3568 = LINE ( 'NONE', #1457, #2320 ) ;
#3569 = CARTESIAN_POINT ( 'NONE',  ( -0.8000000000000003775, 0.1270000000000000018, 0.1250000000000001110 ) ) ;
#3570 = EDGE_CURVE ( 'NONE', #2482, #2361, #250, .T. ) ;
#3571 = DIRECTION ( 'NONE',  ( -0.000000000000000000, 1.000000000000000000, -0.000000000000000000 ) ) ;
#3572 = DIRECTION ( 'NONE',  ( 1.000000000000000000, -0.000000000000000000, 0.000000000000000000 ) ) ;
#3573 = VERTEX_POINT ( 'NONE', #1549 ) ;
#3574 = VERTEX_POINT ( 'NONE', #3310 ) ;
#3575 = VERTEX_POINT ( 'NONE', #3032 ) ;
#3576 = VECTOR ( 'NONE', #283, 1000.000000000000000 ) ;
#3577 = EDGE_CURVE ( 'NONE', #2023, #1863, #235, .T. ) ;
#3578 = EDGE_CURVE ( 'NONE', #1996, #971, #1577, .T. ) ;
#3579 = VERTEX_POINT ( 'NONE', #823 ) ;
#3580 = DIRECTION ( 'NONE',  ( 0.000000000000000000, -1.000000000000000000, 0.000000000000000000 ) ) ;
#3581 = ORIENTED_EDGE ( 'NONE', *, *, #3684, .F. ) ;
#3582 = VERTEX_POINT ( 'NONE', #70 ) ;
#3583 = ORIENTED_EDGE ( 'NONE', *, *, #2733, .F. ) ;
#3584 = EDGE_CURVE ( 'NONE', #2916, #3311, #1490, .T. ) ;
#3585 = CLOSED_SHELL ( 'NONE', ( #2311, #2977, #1742, #1146, #1512, #3842 ) ) ;
#3586 = ORIENTED_EDGE ( 'NONE', *, *, #3638, .F. ) ;
#3587 = ADVANCED_FACE ( 'NONE', ( #2869 ), #1250, .T. ) ;
#3588 = LINE ( 'NONE', #3231, #2371 ) ;
#3589 = SURFACE_STYLE_USAGE ( .BOTH. , #2129 ) ;
#3590 = DIRECTION ( 'NONE',  ( 0.000000000000000000, 0.000000000000000000, -1.000000000000000000 ) ) ;
#3591 = ORIENTED_EDGE ( 'NONE', *, *, #3101, .F. ) ;
#3592 = ORIENTED_EDGE ( 'NONE', *, *, #1808, .T. ) ;
#3593 = VERTEX_POINT ( 'NONE', #3528 ) ;
#3594 = LINE ( 'NONE', #2665, #2278 ) ;
#3595 = CARTESIAN_POINT ( 'NONE',  ( -0.4999999999999986122, 0.1270000000000000018, 0.7750000000000004663 ) ) ;
#3596 = CARTESIAN_POINT ( 'NONE',  ( 0.3750000000000016098, 0.1270000000000000018, 1.050000000000000266 ) ) ;
#3597 = DIRECTION ( 'NONE',  ( 0.000000000000000000, 1.000000000000000000, -0.000000000000000000 ) ) ;
#3598 = AXIS2_PLACEMENT_3D ( 'NONE', #2376, #2994, #3562 ) ;
#3599 = ORIENTED_EDGE ( 'NONE', *, *, #23, .F. ) ;
#3600 = CIRCLE ( 'NONE', #1621, 0.1250000000000001110 ) ;
#3601 = EDGE_LOOP ( 'NONE', ( #3715, #2483, #3723, #2491 ) ) ;
#3602 = FACE_OUTER_BOUND ( 'NONE', #3099, .T. ) ;
#3603 = AXIS2_PLACEMENT_3D ( 'NONE', #3812, #254, #2215 ) ;
#3604 = EDGE_LOOP ( 'NONE', ( #3031, #419, #97, #1399 ) ) ;
#3605 = CARTESIAN_POINT ( 'NONE',  ( 0.2750000000000002998, 0.1270000000000000018, 0.3750000000000003886 ) ) ;
#3606 = DIRECTION ( 'NONE',  ( 0.000000000000000000, 1.000000000000000000, -0.000000000000000000 ) ) ;
#3607 = ORIENTED_EDGE ( 'NONE', *, *, #554, .T. ) ;
#3608 = ORIENTED_EDGE ( 'NONE', *, *, #3620, .T. ) ;
#3609 = CYLINDRICAL_SURFACE ( 'NONE', #1021, 0.1250000000000000000 ) ;
#3610 = ORIENTED_EDGE ( 'NONE', *, *, #1758, .T. ) ;
#3611 = EDGE_CURVE ( 'NONE', #875, #226, #2835, .T. ) ;
#3612 = PRESENTATION_STYLE_ASSIGNMENT (( #1891 ) ) ;
#3613 = ORIENTED_EDGE ( 'NONE', *, *, #1298, .T. ) ;
#3614 = ORIENTED_EDGE ( 'NONE', *, *, #2915, .T. ) ;
#3615 = CYLINDRICAL_SURFACE ( 'NONE', #2848, 0.1250000000000000000 ) ;
#3616 = DIRECTION ( 'NONE',  ( 0.000000000000000000, 0.000000000000000000, 1.000000000000000000 ) ) ;
#3617 = CARTESIAN_POINT ( 'NONE',  ( 0.3750000000000013323, 0.1269999999999999463, -1.050000000000000488 ) ) ;
#3618 = CARTESIAN_POINT ( 'NONE',  ( -0.4000000000000004108, 0.1270000000000000018, -0.1249999999999996808 ) ) ;
#3619 = ORIENTED_EDGE ( 'NONE', *, *, #824, .F. ) ;
#3620 = EDGE_CURVE ( 'NONE', #1917, #461, #1470, .T. ) ;
#3621 = VECTOR ( 'NONE', #292, 1000.000000000000000 ) ;
#3622 = ORIENTED_EDGE ( 'NONE', *, *, #3191, .F. ) ;
#3623 = ORIENTED_EDGE ( 'NONE', *, *, #3418, .F. ) ;
#3624 = PRODUCT_CONTEXT ( 'NONE', #1183, 'mechanical' ) ;
#3625 = DIRECTION ( 'NONE',  ( -1.000000000000000000, 0.000000000000000000, 0.000000000000000000 ) ) ;
#3626 = DIRECTION ( 'NONE',  ( 0.000000000000000000, -1.000000000000000000, 0.000000000000000000 ) ) ;
#3627 = ORIENTED_EDGE ( 'NONE', *, *, #3150, .F. ) ;
#3628 = EDGE_CURVE ( 'NONE', #2111, #3050, #2853, .T. ) ;
#3629 = VECTOR ( 'NONE', #1931, 1000.000000000000000 ) ;
#3630 = EDGE_LOOP ( 'NONE', ( #800, #2341, #2282, #2867 ) ) ;
#3631 = CLOSED_SHELL ( 'NONE', ( #2596, #413, #2638, #387, #188, #1172, #808 ) ) ;
#3632 = LINE ( 'NONE', #3849, #3576 ) ;
#3633 = VERTEX_POINT ( 'NONE', #2802 ) ;
#3634 = CARTESIAN_POINT ( 'NONE',  ( -0.1500000000000003830, 0.05000000000000000278, 0.000000000000000000 ) ) ;
#3635 = ORIENTED_EDGE ( 'NONE', *, *, #840, .T. ) ;
#3636 = ORIENTED_EDGE ( 'NONE', *, *, #768, .F. ) ;
#3637 = VECTOR ( 'NONE', #900, 1000.000000000000000 ) ;
#3638 = EDGE_CURVE ( 'NONE', #764, #1747, #243, .T. ) ;
#3639 = CARTESIAN_POINT ( 'NONE',  ( -0.3749999999999985012, 0.1270000000000000018, 0.7750000000000004663 ) ) ;
#3640 = ORIENTED_EDGE ( 'NONE', *, *, #1632, .T. ) ;
#3641 = ORIENTED_EDGE ( 'NONE', *, *, #5, .T. ) ;
#3642 = ORIENTED_EDGE ( 'NONE', *, *, #2140, .T. ) ;
#3643 = CYLINDRICAL_SURFACE ( 'NONE', #2559, 0.1250000000000001110 ) ;
#3644 = CARTESIAN_POINT ( 'NONE',  ( 0.7999999999999997113, 0.05000000000000000278, 1.050000000000000044 ) ) ;
#3645 = PLANE ( 'NONE',  #1452 ) ;
#3646 = ORIENTED_EDGE ( 'NONE', *, *, #6, .F. ) ;
#3647 = CYLINDRICAL_SURFACE ( 'NONE', #3056, 0.1250000000000001110 ) ;
#3648 = ORIENTED_EDGE ( 'NONE', *, *, #1315, .T. ) ;
#3649 = ORIENTED_EDGE ( 'NONE', *, *, #1758, .F. ) ;
#3650 = VECTOR ( 'NONE', #2576, 1000.000000000000000 ) ;
#3651 = DIRECTION ( 'NONE',  ( -1.000000000000000000, 0.000000000000000000, 0.000000000000000000 ) ) ;
#3652 = DIRECTION ( 'NONE',  ( -0.000000000000000000, -1.000000000000000000, -0.000000000000000000 ) ) ;
#3653 = CARTESIAN_POINT ( 'NONE',  ( 6.776263578034397782E-17, 0.05000000000000000278, -0.1249999999999998890 ) ) ;
#3654 = UNCERTAINTY_MEASURE_WITH_UNIT (LENGTH_MEASURE( 1.000000000000000082E-05 ), #276, 'distance_accuracy_value', 'NONE');
#3655 = PLANE ( 'NONE',  #2982 ) ;
#3656 = EDGE_LOOP ( 'NONE', ( #2180, #24, #3483, #2039 ) ) ;
#3657 = LINE ( 'NONE', #784, #1039 ) ;
#3658 = ORIENTED_EDGE ( 'NONE', *, *, #2475, .F. ) ;
#3659 = ORIENTED_EDGE ( 'NONE', *, *, #1516, .T. ) ;
#3660 = AXIS2_PLACEMENT_3D ( 'NONE', #242, #1466, #495 ) ;
#3661 = LINE ( 'NONE', #2667, #996 ) ;
#3662 = ADVANCED_FACE ( 'NONE', ( #1495 ), #2513, .T. ) ;
#3663 = ORIENTED_EDGE ( 'NONE', *, *, #1046, .T. ) ;
#3664 = DIRECTION ( 'NONE',  ( 0.000000000000000000, 0.000000000000000000, 1.000000000000000000 ) ) ;
#3665 = ORIENTED_EDGE ( 'NONE', *, *, #997, .F. ) ;
#3666 = DIRECTION ( 'NONE',  ( 0.000000000000000000, 0.000000000000000000, 1.000000000000000000 ) ) ;
#3667 = ORIENTED_EDGE ( 'NONE', *, *, #2293, .T. ) ;
#3668 = VECTOR ( 'NONE', #3192, 1000.000000000000000 ) ;
#3669 = EDGE_CURVE ( 'NONE', #2519, #610, #270, .T. ) ;
#3670 = ORIENTED_EDGE ( 'NONE', *, *, #3781, .F. ) ;
#3671 = LINE ( 'NONE', #931, #2411 ) ;
#3672 = ORIENTED_EDGE ( 'NONE', *, *, #2312, .F. ) ;
#3673 = EDGE_LOOP ( 'NONE', ( #838, #2612, #917, #3663 ) ) ;
#3674 = CIRCLE ( 'NONE', #2769, 0.1250000000000000000 ) ;
#3675 = CARTESIAN_POINT ( 'NONE',  ( 0.2750000000000004108, 0.05000000000000002359, 0.2500000000000001110 ) ) ;
#3676 =( NAMED_UNIT ( * ) PLANE_ANGLE_UNIT ( ) SI_UNIT ( $, .RADIAN. ) );
#3677 = EDGE_CURVE ( 'NONE', #2236, #1793, #2823, .T. ) ;
#3678 = DIRECTION ( 'NONE',  ( 0.000000000000000000, 0.000000000000000000, 1.000000000000000000 ) ) ;
#3679 = ORIENTED_EDGE ( 'NONE', *, *, #1920, .T. ) ;
#3680 = CIRCLE ( 'NONE', #354, 0.1250000000000001110 ) ;
#3681 = EDGE_LOOP ( 'NONE', ( #2284, #2406, #1543, #1019 ) ) ;
#3682 = ORIENTED_EDGE ( 'NONE', *, *, #833, .T. ) ;
#3683 = LINE ( 'NONE', #2528, #1094 ) ;
#3684 = EDGE_CURVE ( 'NONE', #3762, #2817, #2795, .T. ) ;
#3685 = DIRECTION ( 'NONE',  ( 0.000000000000000000, 0.000000000000000000, -1.000000000000000000 ) ) ;
#3686 = PLANE ( 'NONE',  #2892 ) ;
#3687 = ORIENTED_EDGE ( 'NONE', *, *, #1497, .T. ) ;
#3688 = LINE ( 'NONE', #1196, #2382 ) ;
#3689 = ORIENTED_EDGE ( 'NONE', *, *, #301, .F. ) ;
#3690 = ORIENTED_EDGE ( 'NONE', *, *, #1158, .F. ) ;
#3691 = LINE ( 'NONE', #1345, #3717 ) ;
#3692 = CIRCLE ( 'NONE', #3707, 0.1250000000000000000 ) ;
#3693 = FILL_AREA_STYLE_COLOUR ( '', #2011 ) ;
#3694 = CARTESIAN_POINT ( 'NONE',  ( -0.1249999999999985983, 0.1270000000000000018, -1.050000000000000266 ) ) ;
#3695 = DIRECTION ( 'NONE',  ( -0.000000000000000000, -0.000000000000000000, 1.000000000000000000 ) ) ;
#3696 = ORIENTED_EDGE ( 'NONE', *, *, #2774, .T. ) ;
#3697 = FACE_OUTER_BOUND ( 'NONE', #819, .T. ) ;
#3698 = CARTESIAN_POINT ( 'NONE',  ( 0.1250000000000016376, 0.05000000000000000278, -2.464095846557998295E-17 ) ) ;
#3699 = LINE ( 'NONE', #2872, #1002 ) ;
#3700 = VERTEX_POINT ( 'NONE', #668 ) ;
#3701 = ORIENTED_EDGE ( 'NONE', *, *, #3367, .F. ) ;
#3702 = LINE ( 'NONE', #2613, #1114 ) ;
#3703 = DIRECTION ( 'NONE',  ( -0.7071067811865505703, 0.000000000000000000, 0.7071067811865444641 ) ) ;
#3704 = FILL_AREA_STYLE ('',( #1594 ) ) ;
#3705 = CARTESIAN_POINT ( 'NONE',  ( 0.2750000000000004108, 0.1270000000000000018, -0.2499999999999998890 ) ) ;
#3706 = AXIS2_PLACEMENT_3D ( 'NONE', #2975, #2710, #2053 ) ;
#3707 = AXIS2_PLACEMENT_3D ( 'NONE', #2064, #2364, #516 ) ;
#3708 = EDGE_LOOP ( 'NONE', ( #3000, #3022, #2467, #1180, #1354 ) ) ;
#3709 = ORIENTED_EDGE ( 'NONE', *, *, #112, .F. ) ;
#3710 = VECTOR ( 'NONE', #2731, 1000.000000000000000 ) ;
#3711 = DIRECTION ( 'NONE',  ( 1.000000000000000000, 0.000000000000000000, -7.885106708985491006E-16 ) ) ;
#3712 = EDGE_CURVE ( 'NONE', #3866, #882, #187, .T. ) ;
#3713 = LINE ( 'NONE', #144, #3743 ) ;
#3714 = AXIS2_PLACEMENT_3D ( 'NONE', #404, #3390, #3144 ) ;
#3715 = ORIENTED_EDGE ( 'NONE', *, *, #3773, .F. ) ;
#3716 = ORIENTED_EDGE ( 'NONE', *, *, #1592, .F. ) ;
#3717 = VECTOR ( 'NONE', #408, 1000.000000000000000 ) ;
#3718 = DIRECTION ( 'NONE',  ( 0.000000000000000000, -1.000000000000000000, 0.000000000000000000 ) ) ;
#3719 = EDGE_CURVE ( 'NONE', #2775, #3744, #1540, .T. ) ;
#3720 = DIRECTION ( 'NONE',  ( -0.000000000000000000, 1.000000000000000000, -0.000000000000000000 ) ) ;
#3721 = EDGE_LOOP ( 'NONE', ( #904, #771, #3286, #3407 ) ) ;
#3722 = CARTESIAN_POINT ( 'NONE',  ( 0.6250000000000018874, 0.000000000000000000, -0.7750000000000004663 ) ) ;
#3723 = ORIENTED_EDGE ( 'NONE', *, *, #3191, .T. ) ;
#3724 = LINE ( 'NONE', #3876, #3800 ) ;
#3725 = CARTESIAN_POINT ( 'NONE',  ( -0.1249999999999983763, 0.04999999999999999584, 0.7750000000000004663 ) ) ;
#3726 = CARTESIAN_POINT ( 'NONE',  ( -0.8000000000000003775, 0.000000000000000000, 0.3750000000000005551 ) ) ;
#3727 = FACE_OUTER_BOUND ( 'NONE', #1080, .T. ) ;
#3728 = ORIENTED_EDGE ( 'NONE', *, *, #1068, .T. ) ;
#3729 = EDGE_CURVE ( 'NONE', #3840, #3017, #208, .T. ) ;
#3730 = ORIENTED_EDGE ( 'NONE', *, *, #3062, .T. ) ;
#3731 = VECTOR ( 'NONE', #574, 1000.000000000000000 ) ;
#3732 = CARTESIAN_POINT ( 'NONE',  ( 0.7999999999999997113, 3.840075756488817493, 1.050000000000000044 ) ) ;
#3733 = ADVANCED_FACE ( 'NONE', ( #1514 ), #3074, .T. ) ;
#3734 = CARTESIAN_POINT ( 'NONE',  ( 0.8000000000000003775, 0.5986990566028302929, 0.3750000000000005551 ) ) ;
#3735 = VECTOR ( 'NONE', #1610, 1000.000000000000000 ) ;
#3736 = EDGE_CURVE ( 'NONE', #339, #1233, #2810, .T. ) ;
#3737 = ORIENTED_EDGE ( 'NONE', *, *, #629, .F. ) ;
#3738 = VECTOR ( 'NONE', #1649, 1000.000000000000000 ) ;
#3739 = DIRECTION ( 'NONE',  ( 0.000000000000000000, -1.000000000000000000, 0.000000000000000000 ) ) ;
#3740 = DIRECTION ( 'NONE',  ( -1.000000000000000000, 0.000000000000000000, 5.913830031739118501E-16 ) ) ;
#3741 = MANIFOLD_SOLID_BREP ( 'Boss-Extrude2[2]', #2533 ) ;
#3742 = PLANE ( 'NONE',  #813 ) ;
#3743 = VECTOR ( 'NONE', #614, 1000.000000000000000 ) ;
#3744 = VERTEX_POINT ( 'NONE', #3725 ) ;
#3745 = CIRCLE ( 'NONE', #1665, 0.1250000000000001110 ) ;
#3746 = DIRECTION ( 'NONE',  ( -1.971276677246372752E-16, 0.000000000000000000, -1.000000000000000000 ) ) ;
#3747 = ORIENTED_EDGE ( 'NONE', *, *, #527, .F. ) ;
#3748 = DIRECTION ( 'NONE',  ( -1.000000000000000000, -0.000000000000000000, -0.000000000000000000 ) ) ;
#3749 = ORIENTED_EDGE ( 'NONE', *, *, #3113, .F. ) ;
#3750 = AXIS2_PLACEMENT_3D ( 'NONE', #2098, #44, #3334 ) ;
#3751 = DIRECTION ( 'NONE',  ( -0.000000000000000000, -1.000000000000000000, -0.000000000000000000 ) ) ;
#3752 = CARTESIAN_POINT ( 'NONE',  ( -0.4000000000000004108, 0.5986990566028302929, 0.3750000000000003331 ) ) ;
#3753 = VERTEX_POINT ( 'NONE', #1935 ) ;
#3754 = EDGE_LOOP ( 'NONE', ( #2628, #3451, #2078, #2729 ) ) ;
#3755 = AXIS2_PLACEMENT_3D ( 'NONE', #2057, #1184, #3229 ) ;
#3756 = LINE ( 'NONE', #2793, #1121 ) ;
#3757 = DIRECTION ( 'NONE',  ( 0.000000000000000000, -0.000000000000000000, -1.000000000000000000 ) ) ;
#3758 = CARTESIAN_POINT ( 'NONE',  ( -0.6249999999999983347, 0.5986990566028304039, 1.050000000000000266 ) ) ;
#3759 = AXIS2_PLACEMENT_3D ( 'NONE', #2934, #1310, #156 ) ;
#3760 = DIRECTION ( 'NONE',  ( 1.000000000000000000, -0.000000000000000000, -5.421010862427523156E-16 ) ) ;
#3761 = DIRECTION ( 'NONE',  ( 0.000000000000000000, 0.000000000000000000, -1.000000000000000000 ) ) ;
#3762 = VERTEX_POINT ( 'NONE', #2485 ) ;
#3763 = ORIENTED_EDGE ( 'NONE', *, *, #3350, .T. ) ;
#3764 = LINE ( 'NONE', #2780, #1197 ) ;
#3765 = EDGE_CURVE ( 'NONE', #3247, #2324, #1546, .T. ) ;
#3766 = FILL_AREA_STYLE_COLOUR ( '', #2141 ) ;
#3767 = CARTESIAN_POINT ( 'NONE',  ( 0.7999999999999997113, 3.840075756488817493, -1.050000000000000266 ) ) ;
#3768 = CARTESIAN_POINT ( 'NONE',  ( 0.5000000000000014433, 0.1270000000000000018, 0.6500000000000003553 ) ) ;
#3769 = ORIENTED_EDGE ( 'NONE', *, *, #1683, .F. ) ;
#3770 = ORIENTED_EDGE ( 'NONE', *, *, #2829, .T. ) ;
#3771 = LINE ( 'NONE', #327, #3816 ) ;
#3772 = CARTESIAN_POINT ( 'NONE',  ( -0.3749999999999983902, 0.5986990566028304039, -1.050000000000000266 ) ) ;
#3773 = EDGE_CURVE ( 'NONE', #842, #265, #1551, .T. ) ;
#3774 = PRODUCT_RELATED_PRODUCT_CATEGORY ( 'part', '', ( #693 ) ) ;
#3775 = DIRECTION ( 'NONE',  ( 0.000000000000000000, 0.000000000000000000, 1.000000000000000000 ) ) ;
#3776 = CARTESIAN_POINT ( 'NONE',  ( -0.8000000000000003775, 0.1270000000000000018, -0.1249999999999994588 ) ) ;
#3777 = ORIENTED_EDGE ( 'NONE', *, *, #2248, .F. ) ;
#3778 = ORIENTED_EDGE ( 'NONE', *, *, #3265, .F. ) ;
#3779 = CYLINDRICAL_SURFACE ( 'NONE', #3172, 0.1250000000000001110 ) ;
#3780 = EDGE_CURVE ( 'NONE', #1798, #622, #277, .T. ) ;
#3781 = EDGE_CURVE ( 'NONE', #563, #3426, #1483, .T. ) ;
#3782 = DIRECTION ( 'NONE',  ( 0.000000000000000000, -1.000000000000000000, 0.000000000000000000 ) ) ;
#3783 = DIRECTION ( 'NONE',  ( 0.000000000000000000, -1.000000000000000000, 0.000000000000000000 ) ) ;
#3784 = EDGE_CURVE ( 'NONE', #1747, #2023, #367, .T. ) ;
#3785 = ORIENTED_EDGE ( 'NONE', *, *, #3328, .T. ) ;
#3786 = EDGE_LOOP ( 'NONE', ( #3459, #3581, #3566, #2186, #1026 ) ) ;
#3787 = LINE ( 'NONE', #2169, #3738 ) ;
#3788 = CARTESIAN_POINT ( 'NONE',  ( -0.3749999999999983902, 0.1270000000000000018, -1.050000000000000266 ) ) ;
#3789 = DIRECTION ( 'NONE',  ( 1.000000000000000000, 0.000000000000000000, 0.000000000000000000 ) ) ;
#3790 = CARTESIAN_POINT ( 'NONE',  ( -0.8000000000000003775, 0.5986990566028302929, -0.3749999999999998890 ) ) ;
#3791 = EDGE_CURVE ( 'NONE', #898, #3358, #347, .T. ) ;
#3792 = VECTOR ( 'NONE', #3185, 1000.000000000000000 ) ;
#3793 = VERTEX_POINT ( 'NONE', #3135 ) ;
#3794 = FACE_OUTER_BOUND ( 'NONE', #237, .T. ) ;
#3795 = CARTESIAN_POINT ( 'NONE',  ( 0.2750000000000002998, 0.5986990566028302929, 0.3750000000000003886 ) ) ;
#3796 = CARTESIAN_POINT ( 'NONE',  ( -0.1249999999999983763, 0.1270000000000000018, -0.7750000000000004663 ) ) ;
#3797 = PLANE ( 'NONE',  #709 ) ;
#3798 = ORIENTED_EDGE ( 'NONE', *, *, #3404, .F. ) ;
#3799 = ORIENTED_EDGE ( 'NONE', *, *, #629, .T. ) ;
#3800 = VECTOR ( 'NONE', #589, 1000.000000000000000 ) ;
#3801 = ADVANCED_FACE ( 'NONE', ( #2926 ), #3414, .F. ) ;
#3802 = DIRECTION ( 'NONE',  ( -0.000000000000000000, 0.000000000000000000, 1.000000000000000000 ) ) ;
#3803 = CARTESIAN_POINT ( 'NONE',  ( 0.1250000000000018041, 0.1270000000000000018, 0.7750000000000004663 ) ) ;
#3804 = AXIS2_PLACEMENT_3D ( 'NONE', #741, #1349, #3173 ) ;
#3805 = DIRECTION ( 'NONE',  ( 0.000000000000000000, 1.000000000000000000, 0.000000000000000000 ) ) ;
#3806 = EDGE_LOOP ( 'NONE', ( #1195, #439, #2445, #1347 ) ) ;
#3807 = CARTESIAN_POINT ( 'NONE',  ( -0.2750000000000002998, 0.1270000000000000018, 0.3750000000000003886 ) ) ;
#3808 = ORIENTED_EDGE ( 'NONE', *, *, #1592, .T. ) ;
#3809 = VECTOR ( 'NONE', #494, 1000.000000000000000 ) ;
#3810 = DIRECTION ( 'NONE',  ( 1.971276677246372998E-16, 0.000000000000000000, 1.000000000000000000 ) ) ;
#3811 = AXIS2_PLACEMENT_3D ( 'NONE', #2041, #573, #2670 ) ;
#3812 = CARTESIAN_POINT ( 'NONE',  ( -0.2750000000000004108, 0.5986990566028302929, 0.2500000000000003886 ) ) ;
#3813 = CYLINDRICAL_SURFACE ( 'NONE', #3092, 0.1250000000000001110 ) ;
#3814 = MECHANICAL_DESIGN_GEOMETRIC_PRESENTATION_REPRESENTATION (  '', ( #1760 ), #583 ) ;
#3815 = ORIENTED_EDGE ( 'NONE', *, *, #1450, .T. ) ;
#3816 = VECTOR ( 'NONE', #571, 1000.000000000000000 ) ;
#3817 = SURFACE_SIDE_STYLE ('',( #658 ) ) ;
#3818 = DIRECTION ( 'NONE',  ( 0.000000000000000000, 0.000000000000000000, 1.000000000000000000 ) ) ;
#3819 = DIRECTION ( 'NONE',  ( 1.000000000000000000, 0.000000000000000000, -0.000000000000000000 ) ) ;
#3820 = EDGE_CURVE ( 'NONE', #875, #456, #415, .T. ) ;
#3821 = FACE_OUTER_BOUND ( 'NONE', #2426, .T. ) ;
#3822 = LINE ( 'NONE', #723, #2566 ) ;
#3823 = CARTESIAN_POINT ( 'NONE',  ( -0.4999999999999986122, 0.1270000000000000018, 0.7750000000000004663 ) ) ;
#3824 = ORIENTED_EDGE ( 'NONE', *, *, #2422, .F. ) ;
#3825 = ORIENTED_EDGE ( 'NONE', *, *, #3578, .F. ) ;
#3826 = CARTESIAN_POINT ( 'NONE',  ( 0.5000000000000014433, 0.04999999999999999584, 0.6500000000000003553 ) ) ;
#3827 = CARTESIAN_POINT ( 'NONE',  ( 0.5000000000000014433, 0.5986990566028304039, -0.7750000000000004663 ) ) ;
#3828 = DIRECTION ( 'NONE',  ( 0.000000000000000000, -1.000000000000000000, 0.000000000000000000 ) ) ;
#3829 = LINE ( 'NONE', #3293, #1361 ) ;
#3830 = EDGE_CURVE ( 'NONE', #3093, #922, #2971, .T. ) ;
#3831 = EDGE_LOOP ( 'NONE', ( #220, #903, #3696, #2832 ) ) ;
#3832 = ORIENTED_EDGE ( 'NONE', *, *, #2923, .T. ) ;
#3833 = CARTESIAN_POINT ( 'NONE',  ( 0.1250000000000018319, 0.000000000000000000, 1.050000000000000266 ) ) ;
#3834 = PLANE ( 'NONE',  #3026 ) ;
#3835 = EDGE_CURVE ( 'NONE', #1697, #154, #1654, .T. ) ;
#3836 = CARTESIAN_POINT ( 'NONE',  ( 0.3750000000000016098, 0.1270000000000000018, 1.050000000000000266 ) ) ;
#3837 = LINE ( 'NONE', #1270, #1292 ) ;
#3838 = DIRECTION ( 'NONE',  ( 1.000000000000000000, 0.000000000000000000, -0.000000000000000000 ) ) ;
#3839 = ORIENTED_EDGE ( 'NONE', *, *, #1873, .T. ) ;
#3840 = VERTEX_POINT ( 'NONE', #51 ) ;
#3841 = ADVANCED_FACE ( 'NONE', ( #1660 ), #1578, .T. ) ;
#3842 = ADVANCED_FACE ( 'NONE', ( #383 ), #1710, .T. ) ;
#3843 = LINE ( 'NONE', #2028, #2557 ) ;
#3844 = FACE_OUTER_BOUND ( 'NONE', #1024, .T. ) ;
#3845 = ORIENTED_EDGE ( 'NONE', *, *, #2465, .T. ) ;
#3846 = ORIENTED_EDGE ( 'NONE', *, *, #1307, .F. ) ;
#3847 = CARTESIAN_POINT ( 'NONE',  ( 0.3750000000000022204, 0.05000000000000000278, -2.956915015869577000E-16 ) ) ;
#3848 = CARTESIAN_POINT ( 'NONE',  ( 0.5000000000000014433, 0.1270000000000000018, 0.7750000000000004663 ) ) ;
#3849 = CARTESIAN_POINT ( 'NONE',  ( 0.4000000000000004108, 0.1270000000000000018, 0.1250000000000001110 ) ) ;
#3850 = EDGE_CURVE ( 'NONE', #1119, #1598, #2984, .T. ) ;
#3851 = VECTOR ( 'NONE', #1838, 1000.000000000000000 ) ;
#3852 = EDGE_LOOP ( 'NONE', ( #3777, #2620, #428, #129 ) ) ;
#3853 = ORIENTED_EDGE ( 'NONE', *, *, #1516, .F. ) ;
#3854 = DIRECTION ( 'NONE',  ( 0.000000000000000000, 0.000000000000000000, 1.000000000000000000 ) ) ;
#3855 = DIRECTION ( 'NONE',  ( 0.000000000000000000, 1.000000000000000000, -0.000000000000000000 ) ) ;
#3856 = CARTESIAN_POINT ( 'NONE',  ( 0.2750000000000004108, 0.5986990566028302929, -0.2499999999999996392 ) ) ;
#3857 = FACE_OUTER_BOUND ( 'NONE', #1644, .T. ) ;
#3858 = ORIENTED_EDGE ( 'NONE', *, *, #1343, .F. ) ;
#3859 = AXIS2_PLACEMENT_3D ( 'NONE', #2190, #2221, #2808 ) ;
#3860 = ORIENTED_EDGE ( 'NONE', *, *, #1307, .T. ) ;
#3861 = DIRECTION ( 'NONE',  ( 0.000000000000000000, 0.000000000000000000, -1.000000000000000000 ) ) ;
#3862 = CARTESIAN_POINT ( 'NONE',  ( -0.8000000000000001554, 3.840075756488817493, 1.050000000000000044 ) ) ;
#3863 = FACE_OUTER_BOUND ( 'NONE', #1319, .T. ) ;
#3864 = DIRECTION ( 'NONE',  ( 0.000000000000000000, -1.000000000000000000, 0.000000000000000000 ) ) ;
#3865 = DIRECTION ( 'NONE',  ( 0.000000000000000000, 0.000000000000000000, -1.000000000000000000 ) ) ;
#3866 = VERTEX_POINT ( 'NONE', #3569 ) ;
#3867 = ORIENTED_EDGE ( 'NONE', *, *, #3082, .F. ) ;
#3868 = AXIS2_PLACEMENT_3D ( 'NONE', #2089, #1276, #1853 ) ;
#3869 = VECTOR ( 'NONE', #319, 1000.000000000000000 ) ;
#3870 = LINE ( 'NONE', #732, #2537 ) ;
#3871 = VERTEX_POINT ( 'NONE', #225 ) ;
#3872 = ORIENTED_EDGE ( 'NONE', *, *, #2481, .T. ) ;
#3873 = PLANE ( 'NONE',  #621 ) ;
#3875 = ADVANCED_FACE ( 'NONE', ( #2894 ), #567, .T. ) ;
#3874 = DIRECTION ( 'NONE',  ( 0.000000000000000000, 1.000000000000000000, 0.000000000000000000 ) ) ;
#3876 = CARTESIAN_POINT ( 'NONE',  ( 0.6250000000000018874, 0.1270000000000000018, 1.050000000000000266 ) ) ;
#3877 = EDGE_CURVE ( 'NONE', #2420, #2324, #1674, .T. ) ;
ENDSEC;
END-ISO-10303-21;
